player_id,team,opponent,last5_avg_disposals,last5_avg_goals,last5_avg_fantasy
45439,St Kilda Saints,Brisbane Lions,5.666666666666667,1.0,25.2
45586,West Coast Eagles,Fremantle Dockers,12.5,2.333333333333333,48.2
45690,Melbourne Demons,Geelong Cats,15.8,,49.2
45789,Fremantle Dockers,Hawthorn Hawks,6.2,,27.6
45866,Brisbane Lions,Port Adelaide Power,5.0,1.0,23.4
45718,Collingwood Magpies,Richmond Tigers,13.6,1.0,48.2
45571,Fremantle Dockers,Carlton Blues,3.6666666666666665,2.0,14.8
45808,Port Adelaide Power,Geelong Cats,6.6,1.0,26.4
45740,North Melbourne Kangaroos,St Kilda Saints,5.0,1.0,27.6
45376,Carlton Blues,Geelong Cats,3.5,,10.0
45515,Port Adelaide Power,Melbourne Demons,7.4,1.0,32.0
45421,Sydney Swans,Adelaide Crows,10.6,1.0,44.2
45364,Richmond Tigers,Carlton Blues,12.8,1.6666666666666667,53.6
45541,Collingwood Magpies,Brisbane Lions,4.75,,21.4
45411,Port Adelaide Power,Western Bulldogs,4.5,,18.5
45349,Essendon Bombers,St Kilda Saints,10.8,1.0,43.0
45379,Brisbane Lions,Richmond Tigers,19.6,1.0,73.8
45920,Melbourne Demons,Carlton Blues,17.6,1.3333333333333333,62.8
45769,Port Adelaide Power,St Kilda Saints,8.6,1.3333333333333333,34.6
45840,North Melbourne Kangaroos,West Coast Eagles,13.0,1.3333333333333333,57.8
45698,Melbourne Demons,Collingwood Magpies,8.0,1.4,39.6
45490,Essendon Bombers,Brisbane Lions,11.2,,34.8
45479,Hawthorn Hawks,Port Adelaide Power,4.5,,17.75
45964,Carlton Blues,North Melbourne Kangaroos,12.8,2.25,57.2
45494,Adelaide Crows,Geelong Cats,5.2,1.0,25.6
45678,Carlton Blues,Adelaide Crows,8.25,,19.6
45535,Collingwood Magpies,Geelong Cats,7.0,1.0,28.8
45587,St Kilda Saints,Brisbane Lions,9.2,1.0,31.8
45550,Brisbane Lions,St Kilda Saints,9.4,,39.6
45676,Hawthorn Hawks,Adelaide Crows,10.0,,34.6
45967,Collingwood Magpies,Carlton Blues,14.0,1.0,48.2
45546,Collingwood Magpies,Carlton Blues,16.5,,52.4
45702,West Coast Eagles,Brisbane Lions,11.0,1.0,38.6
45822,Collingwood Magpies,West Coast Eagles,8.6,,28.6
45483,Brisbane Lions,Adelaide Crows,9.0,,38.0
45930,Hawthorn Hawks,Melbourne Demons,8.8,,32.8
45918,St Kilda Saints,Western Bulldogs,10.8,1.0,45.6
45402,St Kilda Saints,Western Bulldogs,9.25,,31.0
45655,Melbourne Demons,Port Adelaide Power,13.25,1.3333333333333333,44.2
45805,Adelaide Crows,Sydney Swans,7.8,,47.4
45801,Geelong Cats,Carlton Blues,13.0,1.0,49.2
45704,Fremantle Dockers,Brisbane Lions,7.4,,28.4
45700,Fremantle Dockers,Brisbane Lions,8.0,1.6666666666666667,45.25
45370,Fremantle Dockers,Sydney Swans,8.0,,33.2
45517,Geelong Cats,Hawthorn Hawks,6.8,1.0,22.8
45888,Melbourne Demons,Brisbane Lions,6.2,1.5,28.8
45795,Carlton Blues,St Kilda Saints,7.0,5.0,36.0
45473,Carlton Blues,St Kilda Saints,9.5,1.0,34.8
45911,Collingwood Magpies,North Melbourne Kangaroos,9.6,,38.2
45929,Richmond Tigers,Carlton Blues,4.6,,38.2
45760,Richmond Tigers,Carlton Blues,0.75,1.0,27.4
45939,Melbourne Demons,Essendon Bombers,15.8,2.0,59.8
45457,Collingwood Magpies,Brisbane Lions,11.6,2.0,45.2
45871,Melbourne Demons,Essendon Bombers,5.6,,24.8
45351,St Kilda Saints,West Coast Eagles,14.4,1.0,48.8
45908,Essendon Bombers,Melbourne Demons,8.2,,36.2
45675,Adelaide Crows,North Melbourne Kangaroos,12.2,4.0,55.0
45900,North Melbourne Kangaroos,Adelaide Crows,4.5,2.0,17.6
45373,Adelaide Crows,North Melbourne Kangaroos,11.6,1.0,41.6
45621,Adelaide Crows,North Melbourne Kangaroos,8.0,1.0,31.0
45580,Hawthorn Hawks,Sydney Swans,12.8,1.0,39.4
45431,Fremantle Dockers,Geelong Cats,6.4,1.0,28.4
45787,Adelaide Crows,North Melbourne Kangaroos,5.2,,24.0
45415,Port Adelaide Power,North Melbourne Kangaroos,7.2,2.0,36.2
45383,Port Adelaide Power,North Melbourne Kangaroos,6.0,1.0,44.4
45891,Essendon Bombers,Carlton Blues,7.8,,51.2
45684,North Melbourne Kangaroos,Carlton Blues,8.0,,32.6
45597,Carlton Blues,North Melbourne Kangaroos,4.6,,18.6
45423,Melbourne Demons,Richmond Tigers,11.4,1.5,45.8
45867,North Melbourne Kangaroos,West Coast Eagles,8.0,1.6666666666666667,29.6
45848,Richmond Tigers,Essendon Bombers,11.8,,34.6
46247,North Melbourne Kangaroos,Richmond Tigers,10.0,,37.0
45407,Brisbane Lions,Hawthorn Hawks,6.6,1.0,28.4
45440,Melbourne Demons,Sydney Swans,5.8,3.0,31.4
46027,Port Adelaide Power,Western Bulldogs,,,
45657,Hawthorn Hawks,Essendon Bombers,7.6,1.0,35.6
45502,Adelaide Crows,West Coast Eagles,6.8,,29.6
45778,Sydney Swans,Collingwood Magpies,8.4,1.5,36.2
46279,Brisbane Lions,Port Adelaide Power,9.0,,34.0
45670,West Coast Eagles,Geelong Cats,11.2,1.5,42.8
46276,Hawthorn Hawks,Port Adelaide Power,,,
45868,Melbourne Demons,Geelong Cats,10.0,1.0,28.0
45516,Sydney Swans,Geelong Cats,12.8,2.0,46.8
45699,Western Bulldogs,Hawthorn Hawks,6.0,1.5,28.25
45892,Western Bulldogs,Hawthorn Hawks,8.4,3.0,33.8
46013,West Coast Eagles,Melbourne Demons,,,
45322,North Melbourne Kangaroos,Hawthorn Hawks,7.333333333333333,1.0,20.2
45762,Port Adelaide Power,Geelong Cats,9.8,2.5,34.8
45324,Geelong Cats,Essendon Bombers,14.2,2.0,60.0
45444,Geelong Cats,Essendon Bombers,10.8,,44.2
45482,North Melbourne Kangaroos,Carlton Blues,6.6,1.5,38.0
45697,Geelong Cats,Essendon Bombers,11.2,1.0,50.4
45792,Collingwood Magpies,West Coast Eagles,7.5,1.3333333333333333,33.4
46006,Collingwood Magpies,Geelong Cats,,,
46301,Collingwood Magpies,Geelong Cats,,,
45708,Brisbane Lions,Richmond Tigers,6.5,,50.2
45372,Port Adelaide Power,North Melbourne Kangaroos,15.8,,56.8
45511,Melbourne Demons,Carlton Blues,23.8,1.0,86.8
45601,West Coast Eagles,Brisbane Lions,5.666666666666667,,11.4
45869,Carlton Blues,Melbourne Demons,10.4,,37.2
45726,Geelong Cats,Western Bulldogs,4.0,,17.0
45615,Collingwood Magpies,Melbourne Demons,11.25,,36.6
45905,West Coast Eagles,Port Adelaide Power,6.6,,30.2
45776,Collingwood Magpies,Melbourne Demons,8.5,2.0,37.5
46035,St Kilda Saints,Hawthorn Hawks,8.333333333333334,1.0,28.6
45320,Sydney Swans,Essendon Bombers,7.0,1.6666666666666667,30.0
45419,Hawthorn Hawks,St Kilda Saints,8.0,1.0,31.8
45755,St Kilda Saints,Collingwood Magpies,8.2,,32.0
45696,Geelong Cats,Brisbane Lions,8.6,2.0,35.8
46350,Richmond Tigers,Port Adelaide Power,7.333333333333333,1.0,24.666666666666668
45369,Sydney Swans,Fremantle Dockers,11.4,,41.2
45506,Richmond Tigers,Melbourne Demons,5.8,1.5,29.2
45417,Brisbane Lions,Carlton Blues,13.0,1.0,52.4
46238,West Coast Eagles,North Melbourne Kangaroos,12.0,,43.0
46237,Geelong Cats,St Kilda Saints,8.0,1.6666666666666667,36.4
45565,Geelong Cats,St Kilda Saints,6.75,2.0,50.8
45853,Richmond Tigers,Essendon Bombers,5.8,1.0,22.4
45484,Port Adelaide Power,Fremantle Dockers,8.2,,27.8
45531,Essendon Bombers,Richmond Tigers,6.6,1.0,23.2
45953,Collingwood Magpies,Adelaide Crows,12.8,3.0,59.2
45780,Sydney Swans,West Coast Eagles,8.4,1.0,44.6
46034,North Melbourne Kangaroos,Richmond Tigers,6.4,1.0,30.8
45730,Brisbane Lions,Hawthorn Hawks,9.2,2.0,38.8
45661,Brisbane Lions,Hawthorn Hawks,18.5,1.0,38.6
45951,Collingwood Magpies,Carlton Blues,10.4,,37.8
45971,Western Bulldogs,Port Adelaide Power,6.2,2.0,28.4
45347,West Coast Eagles,Adelaide Crows,6.6,1.0,31.4
45882,Geelong Cats,North Melbourne Kangaroos,10.0,,43.0
46041,Carlton Blues,Western Bulldogs,,,
45785,Collingwood Magpies,Western Bulldogs,9.6,1.0,38.6
45996,West Coast Eagles,Geelong Cats,6.0,,25.0
45751,St Kilda Saints,Richmond Tigers,7.4,1.0,29.8
45389,St Kilda Saints,Brisbane Lions,11.6,1.6666666666666667,52.0
45926,Hawthorn Hawks,Adelaide Crows,16.2,1.0,61.8
45591,Brisbane Lions,St Kilda Saints,14.6,1.0,78.8
45916,Adelaide Crows,Hawthorn Hawks,5.8,1.3333333333333333,51.8
46043,Adelaide Crows,Hawthorn Hawks,13.666666666666666,1.0,42.0
45786,Carlton Blues,Port Adelaide Power,3.8,,38.2
46309,North Melbourne Kangaroos,Collingwood Magpies,1.0,,-3.0
45960,Carlton Blues,Port Adelaide Power,3.0,,9.2
45602,Melbourne Demons,Geelong Cats,15.2,,48.2
46040,St Kilda Saints,North Melbourne Kangaroos,12.2,2.0,48.2
45588,St Kilda Saints,North Melbourne Kangaroos,5.8,1.75,33.4
45478,Essendon Bombers,Collingwood Magpies,14.2,,47.6
45455,Collingwood Magpies,Essendon Bombers,10.2,,33.4
45386,Collingwood Magpies,Essendon Bombers,10.6,1.0,44.6
45746,Fremantle Dockers,Brisbane Lions,12.8,1.0,51.8
45913,Fremantle Dockers,Brisbane Lions,6.6,1.5,33.6
45652,Adelaide Crows,Port Adelaide Power,9.5,1.0,28.4
45728,West Coast Eagles,Melbourne Demons,12.4,,48.8
45618,Adelaide Crows,Port Adelaide Power,9.4,,32.6
45489,West Coast Eagles,Melbourne Demons,7.75,2.333333333333333,46.0
45907,West Coast Eagles,Melbourne Demons,6.4,1.0,31.2
45466,Port Adelaide Power,Adelaide Crows,2.0,,6.8
45413,Adelaide Crows,Port Adelaide Power,10.25,1.0,31.4
45437,Adelaide Crows,Port Adelaide Power,22.4,1.0,91.8
45906,Geelong Cats,Hawthorn Hawks,7.8,1.0,36.6
45980,Western Bulldogs,Brisbane Lions,14.4,1.0,84.8
45650,Western Bulldogs,Brisbane Lions,6.4,1.6666666666666667,36.0
45418,North Melbourne Kangaroos,Essendon Bombers,4.6,,19.6
45981,Hawthorn Hawks,North Melbourne Kangaroos,10.6,,55.0
45877,North Melbourne Kangaroos,Melbourne Demons,2.25,1.5,38.0
45385,Carlton Blues,Essendon Bombers,14.8,1.3333333333333333,57.6
45352,Essendon Bombers,Melbourne Demons,14.0,1.3333333333333333,57.0
45311,North Melbourne Kangaroos,Essendon Bombers,9.25,1.5,40.2
45935,Carlton Blues,Essendon Bombers,4.25,1.0,18.25
45889,Geelong Cats,Melbourne Demons,21.4,1.3333333333333333,86.4
46274,Collingwood Magpies,Richmond Tigers,,,
44797,Collingwood Magpies,Richmond Tigers,,,
45945,Essendon Bombers,Sydney Swans,6.5,1.0,24.2
45326,Carlton Blues,Adelaide Crows,6.6,1.5,24.0
45427,Brisbane Lions,Western Bulldogs,10.4,1.3333333333333333,46.2
46244,North Melbourne Kangaroos,Adelaide Crows,11.4,,44.6
45784,Adelaide Crows,North Melbourne Kangaroos,5.8,1.0,21.0
45459,Carlton Blues,St Kilda Saints,8.8,,26.6
45758,Geelong Cats,Brisbane Lions,8.8,1.3333333333333333,40.4
45691,Geelong Cats,Brisbane Lions,10.8,1.0,45.8
45819,Richmond Tigers,Essendon Bombers,5.0,2.0,21.6
45315,Sydney Swans,Brisbane Lions,10.6,1.8,50.0
46272,Adelaide Crows,Richmond Tigers,11.0,1.0,44.0
44775,Adelaide Crows,Richmond Tigers,11.0,1.0,44.0
45947,St Kilda Saints,North Melbourne Kangaroos,7.4,1.3333333333333333,34.0
45800,Brisbane Lions,Adelaide Crows,15.4,1.0,71.2
43426,Adelaide Crows,Brisbane Lions,8.333333333333334,0.3333333333333333,36.66666666666666
46019,Adelaide Crows,Brisbane Lions,8.333333333333334,1.0,36.66666666666666
45328,Geelong Cats,Richmond Tigers,4.0,1.6666666666666667,28.5
45488,Fremantle Dockers,Richmond Tigers,10.4,1.3333333333333333,46.0
45374,Fremantle Dockers,Richmond Tigers,20.2,1.0,80.4
45436,Melbourne Demons,Collingwood Magpies,11.6,,39.4
45613,Melbourne Demons,Brisbane Lions,6.75,,31.6
45804,Melbourne Demons,Brisbane Lions,4.8,2.0,25.8
45637,West Coast Eagles,Collingwood Magpies,14.8,1.0,53.0
45901,Sydney Swans,Geelong Cats,12.6,1.0,51.0
45438,Western Bulldogs,Essendon Bombers,13.0,1.0,53.8
45538,St Kilda Saints,Brisbane Lions,14.5,,56.0
45928,West Coast Eagles,Adelaide Crows,8.2,1.0,43.8
45815,Fremantle Dockers,Port Adelaide Power,11.5,,40.2
45850,St Kilda Saints,Adelaide Crows,11.8,1.0,50.2
45752,Fremantle Dockers,Western Bulldogs,9.0,2.8,58.2
44047,Collingwood Magpies,Brisbane Lions,,,
46134,Collingwood Magpies,Brisbane Lions,,,
45491,Western Bulldogs,St Kilda Saints,3.25,,19.8
45849,Western Bulldogs,St Kilda Saints,11.8,1.0,43.6
45503,St Kilda Saints,Western Bulldogs,6.8,,31.0
45896,Port Adelaide Power,Brisbane Lions,5.4,,18.2
45341,Melbourne Demons,Adelaide Crows,8.75,1.3333333333333333,32.2
45680,Port Adelaide Power,Essendon Bombers,9.0,2.0,42.4
44021,Hawthorn Hawks,Fremantle Dockers,5.666666666666667,0.5,31.75
46126,Hawthorn Hawks,Fremantle Dockers,7.5,2.0,31.75
45745,Fremantle Dockers,Hawthorn Hawks,10.8,1.0,43.0
45578,Port Adelaide Power,St Kilda Saints,1.25,1.0,29.2
44705,Sydney Swans,Essendon Bombers,,,
45510,Sydney Swans,Essendon Bombers,4.75,,14.6
46259,Sydney Swans,Essendon Bombers,,,
46330,Fremantle Dockers,West Coast Eagles,8.5,2.0,23.666666666666668
45134,Fremantle Dockers,West Coast Eagles,6.0,0.6666666666666666,23.666666666666668
45659,Essendon Bombers,Sydney Swans,10.25,1.0,46.8
45477,St Kilda Saints,Carlton Blues,15.4,,64.2
45831,Carlton Blues,St Kilda Saints,7.25,,31.6
45649,St Kilda Saints,Sydney Swans,10.2,,34.8
45811,St Kilda Saints,Sydney Swans,10.2,1.6666666666666667,43.8
45693,Sydney Swans,St Kilda Saints,5.75,,23.6
45924,St Kilda Saints,Sydney Swans,12.6,1.0,45.6
46296,Fremantle Dockers,Melbourne Demons,7.0,1.0,29.0
44939,Fremantle Dockers,Melbourne Demons,7.0,1.0,29.0
45480,Hawthorn Hawks,Adelaide Crows,10.75,,46.2
45842,Essendon Bombers,Richmond Tigers,8.8,1.5,44.6
45982,St Kilda Saints,Hawthorn Hawks,12.4,1.0,48.4
45779,Hawthorn Hawks,St Kilda Saints,12.6,,41.0
45846,Hawthorn Hawks,St Kilda Saints,9.8,,42.8
45781,Hawthorn Hawks,St Kilda Saints,9.4,2.0,48.6
45520,Fremantle Dockers,Adelaide Crows,22.8,1.0,83.2
45973,Fremantle Dockers,Adelaide Crows,12.6,1.0,54.4
45596,Geelong Cats,Carlton Blues,15.2,1.0,59.6
45398,Adelaide Crows,Fremantle Dockers,7.6,1.0,29.0
45893,North Melbourne Kangaroos,Collingwood Magpies,5.75,1.3333333333333333,29.4
45731,North Melbourne Kangaroos,Collingwood Magpies,7.6,,33.6
45463,Western Bulldogs,Melbourne Demons,13.2,2.0,58.2
44052,North Melbourne Kangaroos,Collingwood Magpies,,,
45512,Melbourne Demons,Western Bulldogs,25.0,1.6666666666666667,89.2
45931,Collingwood Magpies,North Melbourne Kangaroos,6.6,1.3333333333333333,33.8
46135,North Melbourne Kangaroos,Collingwood Magpies,,,
45662,Collingwood Magpies,North Melbourne Kangaroos,16.4,1.0,63.6
45568,West Coast Eagles,Port Adelaide Power,8.75,,29.0
45843,Adelaide Crows,Carlton Blues,6.4,,22.6
45622,Adelaide Crows,Carlton Blues,8.6,1.8,37.0
45671,Sydney Swans,Hawthorn Hawks,9.4,1.5,46.4
45528,Port Adelaide Power,Hawthorn Hawks,15.0,3.5,61.8
45879,Carlton Blues,Richmond Tigers,12.4,1.0,61.2
45694,Port Adelaide Power,Hawthorn Hawks,10.0,,33.6
45384,Richmond Tigers,Brisbane Lions,12.6,2.6666666666666665,57.4
45537,Richmond Tigers,Brisbane Lions,11.0,,54.4
45683,Essendon Bombers,Hawthorn Hawks,11.4,1.0,43.4
45987,Brisbane Lions,Richmond Tigers,6.5,,21.6
45335,Essendon Bombers,Brisbane Lions,10.2,1.0,47.4
45617,Western Bulldogs,Adelaide Crows,1.75,1.3333333333333333,27.0
45722,Geelong Cats,Adelaide Crows,14.2,1.0,59.6
45464,Sydney Swans,Carlton Blues,11.0,,30.4
45499,Fremantle Dockers,St Kilda Saints,9.4,,52.2
45768,Port Adelaide Power,Melbourne Demons,9.8,1.0,47.0
45835,Collingwood Magpies,Carlton Blues,14.0,1.0,57.0
45741,Geelong Cats,North Melbourne Kangaroos,8.6,1.0,37.4
45978,Hawthorn Hawks,Fremantle Dockers,19.8,1.0,75.0
45814,Richmond Tigers,Hawthorn Hawks,10.75,2.0,38.0
45337,Western Bulldogs,Collingwood Magpies,8.2,1.0,35.8
45927,West Coast Eagles,Richmond Tigers,5.8,1.5,27.2
46097,Adelaide Crows,North Melbourne Kangaroos,7.75,2.5,39.2
45663,North Melbourne Kangaroos,Adelaide Crows,6.0,1.0,27.2
45806,St Kilda Saints,Essendon Bombers,13.0,2.0,60.6
45539,Carlton Blues,Adelaide Crows,7.2,1.0,43.6
45533,Carlton Blues,Adelaide Crows,15.6,1.0,65.2
45922,Fremantle Dockers,Western Bulldogs,7.4,1.0,31.6
46119,Essendon Bombers,Hawthorn Hawks,,,
43968,Essendon Bombers,Hawthorn Hawks,,,
45862,Sydney Swans,Geelong Cats,14.666666666666666,1.0,56.8
45679,Sydney Swans,Geelong Cats,7.4,3.2,53.8
45715,Essendon Bombers,Melbourne Demons,8.2,,28.0
45860,Melbourne Demons,Essendon Bombers,9.8,1.5,54.0
45460,Collingwood Magpies,North Melbourne Kangaroos,3.8,2.6666666666666665,26.8
45607,Richmond Tigers,Geelong Cats,6.0,1.0,29.0
45468,St Kilda Saints,Hawthorn Hawks,10.0,1.6666666666666667,44.0
45639,Fremantle Dockers,Port Adelaide Power,12.0,1.0,42.4
45743,West Coast Eagles,Geelong Cats,10.2,1.6666666666666667,44.6
43433,Brisbane Lions,Richmond Tigers,,,
45514,Fremantle Dockers,North Melbourne Kangaroos,10.6,,44.4
46022,Brisbane Lions,Richmond Tigers,,,
46087,Richmond Tigers,Collingwood Magpies,10.2,2.0,41.6
43777,Richmond Tigers,Collingwood Magpies,10.2,0.4,41.6
44861,Western Bulldogs,Adelaide Crows,3.8,1.4,29.4
45771,Adelaide Crows,Western Bulldogs,6.2,1.0,26.0
46284,Western Bulldogs,Adelaide Crows,4.75,1.75,29.4
45343,St Kilda Saints,Carlton Blues,8.2,,31.4
45647,Richmond Tigers,Essendon Bombers,16.2,1.0,53.8
45485,Collingwood Magpies,West Coast Eagles,10.75,,47.6
45672,Western Bulldogs,North Melbourne Kangaroos,8.0,,34.8
45400,St Kilda Saints,Port Adelaide Power,4.0,,25.6
45348,Sydney Swans,North Melbourne Kangaroos,9.0,1.0,39.2
44700,Carlton Blues,Port Adelaide Power,9.2,0.0,34.4
45380,Carlton Blues,Port Adelaide Power,18.8,2.0,68.4
45719,Melbourne Demons,West Coast Eagles,8.8,1.0,42.4
45526,Geelong Cats,St Kilda Saints,2.5,,29.4
45876,Geelong Cats,St Kilda Saints,12.4,,39.8
45818,West Coast Eagles,Melbourne Demons,14.0,,49.8
45640,Geelong Cats,Fremantle Dockers,7.2,,25.2
44922,Adelaide Crows,Port Adelaide Power,8.0,0.2,42.2
46026,Sydney Swans,St Kilda Saints,6.2,,29.6
45504,Melbourne Demons,Western Bulldogs,14.6,,60.0
45979,Geelong Cats,Brisbane Lions,5.8,1.0,29.2
45448,Port Adelaide Power,West Coast Eagles,2.75,1.0,22.6
45536,Melbourne Demons,Sydney Swans,6.6,2.0,28.2
45874,Fremantle Dockers,Essendon Bombers,10.2,1.0,49.2
45827,Hawthorn Hawks,Geelong Cats,7.6,1.0,45.6
45682,St Kilda Saints,Melbourne Demons,9.2,2.0,77.8
45497,Sydney Swans,Richmond Tigers,7.4,,33.2
45452,St Kilda Saints,Melbourne Demons,12.8,,42.2
43568,Melbourne Demons,St Kilda Saints,,,
45832,Collingwood Magpies,Western Bulldogs,6.4,,29.0
45636,Sydney Swans,Richmond Tigers,20.2,1.6,96.0
46044,Melbourne Demons,St Kilda Saints,,,
45909,Richmond Tigers,Sydney Swans,10.6,,45.4
45424,Carlton Blues,Essendon Bombers,11.75,,48.4
45592,Adelaide Crows,Fremantle Dockers,9.4,,43.8
45603,Carlton Blues,Essendon Bombers,11.6,1.0,54.0
46304,Carlton Blues,Essendon Bombers,5.333333333333333,1.0,25.33333333333333
43734,Carlton Blues,Essendon Bombers,11.8,0.4,54.6
45705,Carlton Blues,Essendon Bombers,6.4,1.6666666666666667,35.6
45449,Carlton Blues,Essendon Bombers,17.8,1.0,74.8
44972,Carlton Blues,Essendon Bombers,5.333333333333333,0.3333333333333333,25.33333333333333
45914,West Coast Eagles,North Melbourne Kangaroos,11.6,,45.4
45774,Fremantle Dockers,Adelaide Crows,14.0,,51.8
45739,Port Adelaide Power,Collingwood Magpies,5.0,,23.0
45711,West Coast Eagles,Essendon Bombers,15.6,1.0,69.6
45361,North Melbourne Kangaroos,Melbourne Demons,11.2,1.5,44.2
45852,Essendon Bombers,Port Adelaide Power,10.0,1.0,63.0
45345,Adelaide Crows,Collingwood Magpies,6.2,1.6666666666666667,32.8
45897,Collingwood Magpies,Brisbane Lions,10.6,1.0,56.6
45630,Fremantle Dockers,Adelaide Crows,7.75,,42.0
45744,Carlton Blues,Essendon Bombers,8.0,1.0,41.0
45963,Geelong Cats,Collingwood Magpies,11.4,1.3333333333333333,54.4
45857,Adelaide Crows,Sydney Swans,4.6,2.0,30.2
45736,Sydney Swans,Hawthorn Hawks,11.6,1.5,54.8
45532,Collingwood Magpies,Essendon Bombers,13.2,1.0,57.0
45375,North Melbourne Kangaroos,Adelaide Crows,5.6,,23.0
45759,Melbourne Demons,West Coast Eagles,9.4,2.0,48.0
46336,Essendon Bombers,Fremantle Dockers,11.0,,30.0
45166,Essendon Bombers,Fremantle Dockers,11.0,0.0,30.0
45558,Geelong Cats,Sydney Swans,9.75,1.0,42.8
45405,St Kilda Saints,Collingwood Magpies,8.75,1.0,43.0
45458,Adelaide Crows,Western Bulldogs,6.8,1.0,31.2
45938,Richmond Tigers,Sydney Swans,7.2,1.0,42.2
45823,Carlton Blues,Fremantle Dockers,22.0,1.5,90.6
46029,Western Bulldogs,North Melbourne Kangaroos,1.0,,-1.0
43472,Western Bulldogs,North Melbourne Kangaroos,-4.0,0.0,-1.0
43691,Essendon Bombers,West Coast Eagles,3.0,0.0,10.0
45717,North Melbourne Kangaroos,Richmond Tigers,8.2,1.0,35.8
43962,Fremantle Dockers,Port Adelaide Power,9.75,0.4,47.8
44629,St Kilda Saints,Port Adelaide Power,-0.4,0.0,22.8
45660,Melbourne Demons,Adelaide Crows,6.4,,23.4
43840,Essendon Bombers,Adelaide Crows,8.8,0.0,33.6
45354,Richmond Tigers,Geelong Cats,7.8,,32.2
45593,Carlton Blues,Sydney Swans,10.75,1.0,33.2
45668,Melbourne Demons,Hawthorn Hawks,14.4,,63.2
45500,Carlton Blues,Sydney Swans,8.6,2.0,56.0
45666,St Kilda Saints,North Melbourne Kangaroos,17.2,1.0,71.6
45447,Hawthorn Hawks,West Coast Eagles,16.4,1.0,56.0
45611,Hawthorn Hawks,West Coast Eagles,9.8,1.0,38.2
45350,Collingwood Magpies,Geelong Cats,11.4,2.0,50.6
45641,Richmond Tigers,Fremantle Dockers,8.6,,29.8
45709,Carlton Blues,Essendon Bombers,7.0,,25.2
43967,Port Adelaide Power,Hawthorn Hawks,3.0,0.0,8.0
45288,St Kilda Saints,West Coast Eagles,10.6,0.6,42.6
46118,Port Adelaide Power,Hawthorn Hawks,3.0,,8.0
46142,Melbourne Demons,Geelong Cats,2.0,,-2.0
44106,Melbourne Demons,Geelong Cats,2.0,0.0,-2.0
45393,St Kilda Saints,Richmond Tigers,9.2,,38.4
45262,West Coast Eagles,Adelaide Crows,5.8,1.2,36.8
45765,West Coast Eagles,Adelaide Crows,9.75,1.0,41.4
45317,Essendon Bombers,Richmond Tigers,9.6,1.5,51.0
44424,Richmond Tigers,Essendon Bombers,8.666666666666666,2.0,48.0
46209,Richmond Tigers,Essendon Bombers,8.666666666666666,3.0,48.0
43520,Carlton Blues,Hawthorn Hawks,5.0,0.2,30.0
44628,Carlton Blues,Hawthorn Hawks,4.8,0.2,19.4
45807,Carlton Blues,Hawthorn Hawks,5.8,,18.4
45754,Collingwood Magpies,Sydney Swans,6.5,3.0,42.8
45435,West Coast Eagles,Melbourne Demons,3.8,,40.4
45486,Western Bulldogs,St Kilda Saints,17.8,1.0,65.8
45966,Western Bulldogs,Brisbane Lions,4.666666666666667,2.0,15.0
45656,Western Bulldogs,Brisbane Lions,3.8,,34.8
45043,Sydney Swans,Melbourne Demons,4.8,0.2,21.8
45687,Geelong Cats,St Kilda Saints,7.6,1.3333333333333333,37.0
45397,North Melbourne Kangaroos,Carlton Blues,4.0,,25.8
45837,North Melbourne Kangaroos,Carlton Blues,13.2,1.0,51.6
45995,Carlton Blues,North Melbourne Kangaroos,8.333333333333334,2.0,46.66666666666666
45749,Richmond Tigers,Hawthorn Hawks,4.4,1.0,18.0
45401,Richmond Tigers,Hawthorn Hawks,9.8,,35.4
45706,Carlton Blues,North Melbourne Kangaroos,6.6,,28.0
45725,Carlton Blues,North Melbourne Kangaroos,15.0,,54.0
43292,Carlton Blues,North Melbourne Kangaroos,8.333333333333334,1.3333333333333333,46.66666666666666
45527,Carlton Blues,North Melbourne Kangaroos,6.0,,25.8
45724,West Coast Eagles,Adelaide Crows,8.6,,33.6
45878,West Coast Eagles,Adelaide Crows,10.6,1.0,50.8
45870,Sydney Swans,Port Adelaide Power,11.8,1.5,53.2
45353,Adelaide Crows,Brisbane Lions,13.8,,56.8
45334,Essendon Bombers,Port Adelaide Power,8.0,1.0,34.8
45794,Port Adelaide Power,Collingwood Magpies,12.8,1.0,57.0
45451,Sydney Swans,Brisbane Lions,17.75,1.25,72.0
45433,Port Adelaide Power,Collingwood Magpies,9.8,1.3333333333333333,41.6
45325,Brisbane Lions,Collingwood Magpies,12.6,,45.8
46067,Collingwood Magpies,Western Bulldogs,,,
43688,Collingwood Magpies,Western Bulldogs,,,
45764,St Kilda Saints,Adelaide Crows,9.2,,36.2
45394,Adelaide Crows,Geelong Cats,10.4,1.0,35.4
43570,North Melbourne Kangaroos,Brisbane Lions,8.5,1.2,45.6
45716,Hawthorn Hawks,Geelong Cats,11.0,,46.2
44212,Carlton Blues,Brisbane Lions,6.75,0.75,31.5
45645,Collingwood Magpies,St Kilda Saints,10.8,1.0,50.2
44810,Sydney Swans,West Coast Eagles,1.0,0.0,0.0
46277,Sydney Swans,West Coast Eagles,1.0,,0.0
45616,West Coast Eagles,Sydney Swans,11.0,1.0,50.2
46166,Carlton Blues,Brisbane Lions,6.333333333333333,1.0,31.5
46226,Collingwood Magpies,Adelaide Crows,8.0,,35.0
44550,Collingwood Magpies,Adelaide Crows,8.0,0.0,35.0
45608,Carlton Blues,Western Bulldogs,11.6,1.6666666666666667,53.2
45950,Sydney Swans,Hawthorn Hawks,6.0,,23.0
45952,Fremantle Dockers,Essendon Bombers,8.6,1.6666666666666667,40.8
44545,Carlton Blues,Adelaide Crows,4.0,0.2,35.4
46223,Carlton Blues,Adelaide Crows,3.5,1.0,35.4
45408,Adelaide Crows,West Coast Eagles,11.75,3.4,78.4
44877,Adelaide Crows,West Coast Eagles,8.0,0.6,39.4
44468,Sydney Swans,Port Adelaide Power,2.0,0.0,14.4
44724,Sydney Swans,Port Adelaide Power,3.8,0.0,17.8
44292,Geelong Cats,North Melbourne Kangaroos,6.5,0.4,44.6
45635,Richmond Tigers,Fremantle Dockers,10.0,,46.4
45461,Fremantle Dockers,Port Adelaide Power,4.8,2.0,40.4
45523,Richmond Tigers,Carlton Blues,8.0,,32.2
45884,Adelaide Crows,Western Bulldogs,8.8,2.0,39.6
45412,West Coast Eagles,North Melbourne Kangaroos,10.8,,40.4
43360,Carlton Blues,Sydney Swans,4.8,0.8,33.4
45847,Richmond Tigers,Essendon Bombers,8.5,1.0,34.6
44404,Carlton Blues,North Melbourne Kangaroos,9.4,0.0,33.8
45937,Melbourne Demons,Richmond Tigers,9.25,1.3333333333333333,47.8
43364,West Coast Eagles,Port Adelaide Power,,,
46010,West Coast Eagles,Port Adelaide Power,,,
45809,North Melbourne Kangaroos,Adelaide Crows,7.0,,34.6
44008,North Melbourne Kangaroos,Adelaide Crows,7.2,0.8,37.2
46290,Collingwood Magpies,Richmond Tigers,,,
45619,Sydney Swans,Brisbane Lions,8.2,1.0,38.2
44900,Collingwood Magpies,Richmond Tigers,,,
45496,Richmond Tigers,Collingwood Magpies,5.4,1.0,21.6
43650,Collingwood Magpies,Fremantle Dockers,,,
46062,Collingwood Magpies,Fremantle Dockers,,,
43861,Adelaide Crows,St Kilda Saints,9.6,0.0,34.0
45750,Essendon Bombers,Carlton Blues,19.2,2.0,65.8
45075,Sydney Swans,North Melbourne Kangaroos,5.0,0.0,17.0
46319,Sydney Swans,North Melbourne Kangaroos,0.0,,17.0
45428,North Melbourne Kangaroos,Sydney Swans,10.8,,41.4
45727,Collingwood Magpies,Essendon Bombers,7.4,,40.2
45333,Hawthorn Hawks,Brisbane Lions,13.0,1.0,57.6
45604,Richmond Tigers,Adelaide Crows,3.2,2.6666666666666665,47.4
44226,Collingwood Magpies,Port Adelaide Power,2.6,1.4,41.2
46168,Collingwood Magpies,Port Adelaide Power,7.6,1.75,41.2
45454,Western Bulldogs,North Melbourne Kangaroos,6.6,2.0,33.6
45542,Western Bulldogs,North Melbourne Kangaroos,7.6,1.0,34.6
45910,Hawthorn Hawks,Richmond Tigers,9.4,1.0,37.4
45570,Carlton Blues,Collingwood Magpies,7.8,1.0,36.2
45707,Richmond Tigers,Sydney Swans,5.2,1.0,28.4
46347,Richmond Tigers,Sydney Swans,9.8,1.5,47.4
45729,North Melbourne Kangaroos,Brisbane Lions,8.8,2.0,70.4
44596,Richmond Tigers,Sydney Swans,9.4,0.2,38.0
45363,Richmond Tigers,Sydney Swans,9.6,1.0,35.8
43828,Richmond Tigers,Sydney Swans,15.2,0.6,63.6
45210,Richmond Tigers,Sydney Swans,9.8,0.6,47.4
45899,North Melbourne Kangaroos,Brisbane Lions,11.8,,45.0
45446,Hawthorn Hawks,Geelong Cats,12.2,1.5,52.6
45339,Western Bulldogs,Essendon Bombers,7.8,,29.4
45651,Western Bulldogs,Essendon Bombers,10.75,,47.4
44245,Adelaide Crows,Port Adelaide Power,8.2,0.4,36.4
43447,Melbourne Demons,Essendon Bombers,8.2,0.0,34.8
45742,Essendon Bombers,Geelong Cats,7.0,,29.2
45955,Essendon Bombers,Geelong Cats,8.2,,55.8
45551,Geelong Cats,Brisbane Lions,13.2,1.5,68.2
45575,Brisbane Lions,Geelong Cats,11.4,2.0,47.6
45737,Brisbane Lions,Port Adelaide Power,10.2,2.5,47.4
45695,Brisbane Lions,Port Adelaide Power,3.75,3.75,51.8
45569,Port Adelaide Power,Brisbane Lions,11.6,1.0,48.4
45319,Essendon Bombers,Melbourne Demons,6.8,,34.8
45902,Adelaide Crows,Collingwood Magpies,8.0,3.0,50.0
45810,Port Adelaide Power,Adelaide Crows,7.8,1.0,30.6
45275,Fremantle Dockers,Richmond Tigers,9.4,0.4,38.4
44604,Carlton Blues,Fremantle Dockers,6.2,0.0,26.2
45968,Collingwood Magpies,Essendon Bombers,3.4,1.6666666666666667,41.2
45714,Sydney Swans,West Coast Eagles,11.4,1.0,43.4
45583,Essendon Bombers,Brisbane Lions,10.6,1.0,44.8
45344,Adelaide Crows,Melbourne Demons,0.6,1.0,21.6
45894,Sydney Swans,Essendon Bombers,11.2,,41.6
45026,St Kilda Saints,West Coast Eagles,6.8,0.0,27.8
46337,Western Bulldogs,North Melbourne Kangaroos,,,
45168,Western Bulldogs,North Melbourne Kangaroos,,,
44928,Fremantle Dockers,Hawthorn Hawks,10.4,0.6,62.4
45803,Brisbane Lions,North Melbourne Kangaroos,9.4,1.0,36.4
46085,Port Adelaide Power,West Coast Eagles,4.0,,32.666666666666664
43774,Port Adelaide Power,West Coast Eagles,9.0,0.0,32.666666666666664
45425,Carlton Blues,Sydney Swans,8.2,1.0,33.6
45856,Sydney Swans,Carlton Blues,8.2,,35.2
44848,Brisbane Lions,Fremantle Dockers,,,
46282,Brisbane Lions,Fremantle Dockers,,,
45773,Sydney Swans,Carlton Blues,4.2,1.0,44.6
45600,Hawthorn Hawks,Western Bulldogs,9.4,1.3333333333333333,45.8
45984,Essendon Bombers,West Coast Eagles,15.4,,64.8
45321,Essendon Bombers,West Coast Eagles,12.6,,55.2
45342,Hawthorn Hawks,Geelong Cats,10.8,1.0,49.4
45573,Western Bulldogs,St Kilda Saints,11.2,1.0,44.4
43931,Hawthorn Hawks,Geelong Cats,15.2,0.0,56.6
45189,North Melbourne Kangaroos,West Coast Eagles,7.5,0.2,29.6
43966,Collingwood Magpies,Essendon Bombers,,,
46117,Collingwood Magpies,Essendon Bombers,,,
45969,Melbourne Demons,Sydney Swans,7.0,2.0,36.4
45312,West Coast Eagles,Brisbane Lions,9.4,1.0,45.8
44531,Richmond Tigers,St Kilda Saints,9.2,0.4,42.2
46234,Hawthorn Hawks,North Melbourne Kangaroos,4.5,,15.666666666666666
45330,Western Bulldogs,Adelaide Crows,11.4,2.0,60.4
44602,Hawthorn Hawks,North Melbourne Kangaroos,3.0,0.0,15.666666666666666
44965,Fremantle Dockers,Carlton Blues,11.8,0.2,43.6
44556,Western Bulldogs,Adelaide Crows,7.4,0.8,38.4
45378,Carlton Blues,Fremantle Dockers,9.2,,34.8
45625,Carlton Blues,Fremantle Dockers,12.4,2.0,50.8
45162,Collingwood Magpies,St Kilda Saints,2.4,0.4,42.8
45820,Geelong Cats,Western Bulldogs,12.4,,51.2
45462,Essendon Bombers,Geelong Cats,10.2,1.3333333333333333,51.0
45620,Port Adelaide Power,North Melbourne Kangaroos,11.6,,38.6
45584,Geelong Cats,St Kilda Saints,11.0,1.3333333333333333,52.4
44677,North Melbourne Kangaroos,St Kilda Saints,8.0,0.0,33.0
45432,Port Adelaide Power,Adelaide Crows,12.2,,48.4
46253,North Melbourne Kangaroos,St Kilda Saints,8.0,,33.0
45766,Essendon Bombers,Hawthorn Hawks,14.0,,45.8
43482,Essendon Bombers,Hawthorn Hawks,5.4,0.0,26.0
45797,St Kilda Saints,Fremantle Dockers,5.8,1.0,30.2
44983,Brisbane Lions,Port Adelaide Power,3.5,0.5,18.0
46305,Brisbane Lions,Port Adelaide Power,3.5,1.0,18.0
44300,Collingwood Magpies,Adelaide Crows,5.2,0.2,24.4
45552,Richmond Tigers,Hawthorn Hawks,7.4,,49.2
43324,North Melbourne Kangaroos,Sydney Swans,8.4,0.2,38.0
45975,Collingwood Magpies,Western Bulldogs,18.5,1.0,74.4
45817,Port Adelaide Power,Fremantle Dockers,8.0,1.5,56.2
45667,Hawthorn Hawks,Sydney Swans,15.75,1.5,66.8
45961,Brisbane Lions,St Kilda Saints,7.6,2.0,37.0
45084,Essendon Bombers,Melbourne Demons,4.6,0.2,42.2
45403,Richmond Tigers,Geelong Cats,17.8,1.0,59.6
45594,Richmond Tigers,Geelong Cats,14.0,1.0,62.4
46320,Essendon Bombers,Melbourne Demons,12.0,1.0,42.2
44112,Essendon Bombers,Melbourne Demons,8.8,0.0,35.6
45590,Essendon Bombers,Melbourne Demons,6.0,,32.6
44530,Carlton Blues,North Melbourne Kangaroos,8.4,1.2,46.8
43692,Carlton Blues,North Melbourne Kangaroos,8.4,0.2,40.6
45712,West Coast Eagles,Sydney Swans,6.2,1.6666666666666667,32.8
45772,Melbourne Demons,Geelong Cats,7.0,,33.8
45834,Melbourne Demons,Geelong Cats,15.25,1.0,69.4
45434,North Melbourne Kangaroos,Port Adelaide Power,17.4,,69.4
45799,North Melbourne Kangaroos,Port Adelaide Power,5.2,1.0,40.4
45903,North Melbourne Kangaroos,Port Adelaide Power,6.6,1.0,46.8
45854,Geelong Cats,Sydney Swans,14.6,,57.2
45529,Port Adelaide Power,Adelaide Crows,18.25,1.0,69.4
45631,St Kilda Saints,Sydney Swans,20.0,1.0,74.8
43876,West Coast Eagles,Sydney Swans,7.8,0.4,35.8
45329,Sydney Swans,West Coast Eagles,5.8,1.0,38.8
46344,St Kilda Saints,West Coast Eagles,3.6666666666666665,1.0,18.8
45194,St Kilda Saints,West Coast Eagles,3.6,0.4,18.8
45948,Port Adelaide Power,North Melbourne Kangaroos,16.2,1.6666666666666667,64.8
45416,Carlton Blues,Sydney Swans,10.4,1.0,47.6
44104,Richmond Tigers,West Coast Eagles,6.8,0.0,24.8
44528,Western Bulldogs,Essendon Bombers,6.0,0.6,37.4
44952,Geelong Cats,Melbourne Demons,10.4,0.2,36.0
45872,Port Adelaide Power,Adelaide Crows,11.0,,37.6
45977,West Coast Eagles,Fremantle Dockers,15.6,1.0,72.0
45669,Brisbane Lions,Sydney Swans,12.0,1.0,67.6
44563,St Kilda Saints,Geelong Cats,6.2,0.6,33.0
46342,Fremantle Dockers,Melbourne Demons,,,
45185,Fremantle Dockers,Melbourne Demons,,,
44267,North Melbourne Kangaroos,Adelaide Crows,8.6,0.2,37.4
45653,Geelong Cats,Richmond Tigers,16.6,1.0,65.6
45581,North Melbourne Kangaroos,St Kilda Saints,10.2,,41.4
45859,Fremantle Dockers,Brisbane Lions,12.0,1.0,43.6
45648,Richmond Tigers,Fremantle Dockers,4.4,,30.2
45406,Collingwood Magpies,Brisbane Lions,20.8,,81.2
45686,Carlton Blues,Port Adelaide Power,6.2,1.5,36.0
46323,North Melbourne Kangaroos,Richmond Tigers,7.4,,35.8
44417,St Kilda Saints,Sydney Swans,12.2,0.2,43.6
45096,North Melbourne Kangaroos,Richmond Tigers,7.4,0.0,35.8
43802,Port Adelaide Power,Hawthorn Hawks,10.0,0.3333333333333333,48.0
46091,Port Adelaide Power,Hawthorn Hawks,10.0,1.0,48.0
44288,Carlton Blues,West Coast Eagles,7.4,0.0,37.6
44730,Carlton Blues,West Coast Eagles,13.8,0.2,68.6
44121,Collingwood Magpies,Melbourne Demons,11.0,0.0,34.666666666666664
44989,Geelong Cats,Fremantle Dockers,5.0,0.0,12.0
46306,Geelong Cats,Fremantle Dockers,0.0,,12.0
43542,Sydney Swans,Collingwood Magpies,1.6,0.0,17.6
46340,Port Adelaide Power,Melbourne Demons,5.0,1.0,35.0
45861,St Kilda Saints,Hawthorn Hawks,10.2,1.5,52.0
45178,Port Adelaide Power,Melbourne Demons,5.0,1.0,35.0
44447,Carlton Blues,Geelong Cats,3.0,0.2,42.2
45970,Sydney Swans,Adelaide Crows,15.4,1.0,67.8
44679,North Melbourne Kangaroos,Brisbane Lions,11.6,0.0,42.0
44496,Hawthorn Hawks,Adelaide Crows,11.4,1.4,48.0
46254,North Melbourne Kangaroos,Brisbane Lions,6.6,,42.0
43804,Collingwood Magpies,Fremantle Dockers,9.4,0.6,47.6
45761,Collingwood Magpies,West Coast Eagles,18.4,,70.6
45634,Richmond Tigers,Sydney Swans,17.4,1.0,90.8
45826,Melbourne Demons,Fremantle Dockers,11.8,1.0,57.6
43335,Hawthorn Hawks,Collingwood Magpies,12.2,0.0,47.8
44784,Hawthorn Hawks,Collingwood Magpies,14.8,0.0,57.2
44395,Geelong Cats,North Melbourne Kangaroos,1.6,1.4,42.8
46207,Western Bulldogs,Richmond Tigers,9.333333333333334,,39.0
46001,Western Bulldogs,Richmond Tigers,4.75,1.5,32.25
44403,Western Bulldogs,Richmond Tigers,9.333333333333334,0.0,39.0
43325,Western Bulldogs,Richmond Tigers,5.666666666666667,0.75,32.25
45137,North Melbourne Kangaroos,Port Adelaide Power,7.6,0.2,40.8
44426,Western Bulldogs,Port Adelaide Power,6.8,0.0,28.2
45829,Geelong Cats,St Kilda Saints,13.4,3.0,59.2
43579,Collingwood Magpies,Port Adelaide Power,12.6,0.0,63.8
46158,Essendon Bombers,Hawthorn Hawks,10.0,,49.66666666666666
44168,Essendon Bombers,Hawthorn Hawks,10.5,0.0,49.66666666666666
45703,North Melbourne Kangaroos,Melbourne Demons,18.2,1.0,80.2
44196,Hawthorn Hawks,North Melbourne Kangaroos,12.4,0.0,50.4
45566,Richmond Tigers,Essendon Bombers,13.4,,63.4
44772,Essendon Bombers,Richmond Tigers,3.2,0.6,39.2
45836,Essendon Bombers,Richmond Tigers,7.8,1.0,32.8
45825,North Melbourne Kangaroos,Hawthorn Hawks,7.2,1.0,60.2
44854,West Coast Eagles,Fremantle Dockers,8.2,1.2,42.8
46303,Carlton Blues,Collingwood Magpies,5.0,,19.0
44831,Collingwood Magpies,Carlton Blues,12.2,0.2,49.4
45574,Adelaide Crows,Port Adelaide Power,8.6,,31.8
44967,Carlton Blues,Collingwood Magpies,0.0,0.0,19.0
44269,Essendon Bombers,Western Bulldogs,4.333333333333333,0.5,22.25
46177,Essendon Bombers,Western Bulldogs,3.5,1.0,22.25
45643,Port Adelaide Power,Fremantle Dockers,10.0,,56.2
45864,Brisbane Lions,St Kilda Saints,11.4,,69.0
45941,Brisbane Lions,St Kilda Saints,21.6,1.0,73.2
45763,Melbourne Demons,Adelaide Crows,13.6,1.0,51.6
44798,Richmond Tigers,West Coast Eagles,2.2,0.0,24.2
44657,Brisbane Lions,St Kilda Saints,8.8,0.6,44.2
45633,Brisbane Lions,St Kilda Saints,8.2,1.0,39.8
45252,Port Adelaide Power,Fremantle Dockers,9.0,0.0,33.0
45895,Richmond Tigers,West Coast Eagles,8.4,2.333333333333333,53.4
45356,Port Adelaide Power,Fremantle Dockers,10.0,,40.0
45414,Richmond Tigers,West Coast Eagles,15.8,,61.8
46362,Port Adelaide Power,Fremantle Dockers,8.0,,33.0
46250,Brisbane Lions,St Kilda Saints,8.8,1.0,44.2
45946,Port Adelaide Power,Fremantle Dockers,16.2,1.0,57.8
44321,Carlton Blues,Sydney Swans,10.2,1.4,65.6
44402,North Melbourne Kangaroos,Collingwood Magpies,14.0,0.0,54.0
45845,North Melbourne Kangaroos,Collingwood Magpies,10.4,2.5,69.0
45332,Hawthorn Hawks,Geelong Cats,6.6,1.5,33.8
44882,North Melbourne Kangaroos,Collingwood Magpies,11.2,0.0,45.6
44422,Carlton Blues,Sydney Swans,11.2,0.0,47.2
44992,Carlton Blues,Sydney Swans,8.0,0.2,35.6
45534,Carlton Blues,Sydney Swans,9.2,1.0,68.0
45476,Carlton Blues,Sydney Swans,10.2,2.333333333333333,65.6
46206,North Melbourne Kangaroos,Collingwood Magpies,14.0,,54.0
46288,North Melbourne Kangaroos,Collingwood Magpies,11.2,,45.6
45071,Carlton Blues,Sydney Swans,4.2,0.0,46.4
45812,St Kilda Saints,Melbourne Demons,9.6,,56.2
45796,St Kilda Saints,Melbourne Demons,13.75,1.0,58.0
45567,St Kilda Saints,Melbourne Demons,8.4,2.5,45.2
44974,Melbourne Demons,Fremantle Dockers,2.0,0.0,8.666666666666666
45887,Western Bulldogs,West Coast Eagles,13.4,1.6666666666666667,68.8
45355,Adelaide Crows,West Coast Eagles,9.8,2.0,59.4
45495,Sydney Swans,West Coast Eagles,5.4,1.0,32.4
45331,West Coast Eagles,Sydney Swans,13.0,1.0,71.8
45756,Western Bulldogs,Geelong Cats,7.8,2.6666666666666665,43.4
44597,Collingwood Magpies,West Coast Eagles,,,
46232,Collingwood Magpies,West Coast Eagles,,,
46054,Port Adelaide Power,North Melbourne Kangaroos,9.0,1.0,55.0
45117,North Melbourne Kangaroos,Port Adelaide Power,6.6,0.4,32.8
43588,Port Adelaide Power,North Melbourne Kangaroos,9.0,1.0,55.0
45365,Adelaide Crows,Western Bulldogs,14.8,2.5,78.6
45685,Fremantle Dockers,West Coast Eagles,11.4,1.5,50.4
43422,Richmond Tigers,Western Bulldogs,17.333333333333332,0.0,65.6
45543,Richmond Tigers,West Coast Eagles,12.2,,51.0
46136,Adelaide Crows,Collingwood Magpies,,,
44057,Adelaide Crows,Collingwood Magpies,,,
45050,St Kilda Saints,Hawthorn Hawks,,,
43452,St Kilda Saints,Hawthorn Hawks,6.8,0.6,36.8
46315,St Kilda Saints,Hawthorn Hawks,,,
46055,Fremantle Dockers,St Kilda Saints,,,
43594,Fremantle Dockers,St Kilda Saints,,,
45720,Brisbane Lions,Collingwood Magpies,5.6,,36.6
45519,Brisbane Lions,Collingwood Magpies,9.2,1.0,47.8
43592,Essendon Bombers,Richmond Tigers,7.75,0.0,31.2
43810,Western Bulldogs,Sydney Swans,2.6,0.4,37.6
45199,Fremantle Dockers,Collingwood Magpies,13.2,0.8,58.2
43278,Brisbane Lions,Western Bulldogs,12.666666666666666,0.0,51.0
46140,St Kilda Saints,North Melbourne Kangaroos,3.0,,15.0
44091,St Kilda Saints,North Melbourne Kangaroos,3.0,0.0,15.0
45644,Richmond Tigers,Fremantle Dockers,9.0,1.0,40.4
46084,Brisbane Lions,Port Adelaide Power,,,
44247,Sydney Swans,Geelong Cats,,,
46171,Sydney Swans,Geelong Cats,,,
43770,Brisbane Lions,Port Adelaide Power,,,
46191,Western Bulldogs,North Melbourne Kangaroos,10.0,,59.0
44327,Western Bulldogs,North Melbourne Kangaroos,10.0,0.0,59.0
45097,Hawthorn Hawks,Adelaide Crows,4.2,0.0,35.2
45614,Hawthorn Hawks,Adelaide Crows,14.4,1.0,67.4
45701,Port Adelaide Power,Western Bulldogs,13.2,2.0,57.2
45790,Fremantle Dockers,Sydney Swans,10.0,1.0,40.4
46373,Carlton Blues,Sydney Swans,11.4,1.5,52.8
44000,Richmond Tigers,Hawthorn Hawks,13.6,0.2,56.2
45944,Fremantle Dockers,North Melbourne Kangaroos,14.4,1.5,62.4
45300,Carlton Blues,Sydney Swans,11.4,0.6,52.8
46182,Hawthorn Hawks,St Kilda Saints,,,
45153,Sydney Swans,West Coast Eagles,7.0,0.8,38.2
44287,Hawthorn Hawks,St Kilda Saints,,,
43970,Brisbane Lions,Carlton Blues,8.0,0.0,29.5
46121,Brisbane Lions,Carlton Blues,8.0,,29.5
45654,Carlton Blues,St Kilda Saints,17.8,1.0,67.6
45231,North Melbourne Kangaroos,Brisbane Lions,6.5,2.0,40.5
46356,North Melbourne Kangaroos,Brisbane Lions,6.5,2.0,40.5
45547,Melbourne Demons,Sydney Swans,13.2,1.0,51.4
45673,Collingwood Magpies,Richmond Tigers,18.0,1.0,68.0
45798,Adelaide Crows,Geelong Cats,10.0,1.0,51.2
45664,Carlton Blues,Essendon Bombers,12.6,1.6666666666666667,61.4
43395,Carlton Blues,Essendon Bombers,15.2,0.0,59.6
45940,St Kilda Saints,West Coast Eagles,7.0,1.5,39.0
43315,St Kilda Saints,West Coast Eagles,7.2,0.2,31.4
45426,St Kilda Saints,West Coast Eagles,5.8,,34.2
45404,Essendon Bombers,Richmond Tigers,19.8,2.0,69.0
45589,Essendon Bombers,West Coast Eagles,10.8,1.0,49.4
45986,Brisbane Lions,Geelong Cats,9.8,1.5,43.4
45865,Brisbane Lions,Geelong Cats,11.0,,53.2
45441,Fremantle Dockers,Port Adelaide Power,9.6,1.0,46.2
45368,Essendon Bombers,West Coast Eagles,7.0,1.5,41.8
45595,Essendon Bombers,West Coast Eagles,17.2,1.3333333333333333,69.4
43786,Geelong Cats,Brisbane Lions,12.0,0.0,37.8
43960,Fremantle Dockers,Port Adelaide Power,5.8,0.0,22.2
45917,St Kilda Saints,Richmond Tigers,8.0,,31.8
45553,Western Bulldogs,North Melbourne Kangaroos,13.75,1.0,53.8
44412,Western Bulldogs,North Melbourne Kangaroos,10.2,0.4,42.8
45467,Western Bulldogs,North Melbourne Kangaroos,7.6,2.5,47.2
45357,Melbourne Demons,Carlton Blues,8.4,,58.4
43814,Melbourne Demons,Carlton Blues,14.0,0.2,53.8
45838,Western Bulldogs,North Melbourne Kangaroos,2.25,2.0,49.4
45802,Melbourne Demons,Carlton Blues,9.6,1.6666666666666667,55.0
45949,Melbourne Demons,Carlton Blues,19.4,,72.8
45965,Carlton Blues,Melbourne Demons,14.0,1.4,73.8
45830,Adelaide Crows,Hawthorn Hawks,12.666666666666666,3.0,61.8
45923,Adelaide Crows,Hawthorn Hawks,17.6,2.0,76.8
45632,West Coast Eagles,Collingwood Magpies,19.0,2.0,66.2
45422,West Coast Eagles,Collingwood Magpies,9.2,1.5,53.4
44969,Hawthorn Hawks,North Melbourne Kangaroos,14.6,,51.6
45487,Hawthorn Hawks,North Melbourne Kangaroos,3.2,2.75,51.2
45936,Hawthorn Hawks,North Melbourne Kangaroos,13.25,1.0,39.4
45430,Collingwood Magpies,Geelong Cats,16.0,1.0,76.8
44777,Collingwood Magpies,Geelong Cats,10.6,0.0,57.4
45391,Collingwood Magpies,Geelong Cats,18.6,1.0,79.4
45323,North Melbourne Kangaroos,Port Adelaide Power,13.6,,52.4
45556,North Melbourne Kangaroos,Port Adelaide Power,16.8,1.0,67.4
45942,Port Adelaide Power,Geelong Cats,7.4,,56.8
44094,Richmond Tigers,Carlton Blues,13.2,0.4,56.4
44129,Carlton Blues,Richmond Tigers,17.0,0.6,71.8
44838,Collingwood Magpies,Fremantle Dockers,9.6,2.0,65.2
43784,Collingwood Magpies,Brisbane Lions,10.6,1.4,74.0
46346,Melbourne Demons,Western Bulldogs,9.0,,32.0
45203,Melbourne Demons,Western Bulldogs,9.0,0.0,32.0
44499,Brisbane Lions,Port Adelaide Power,1.6,0.4,32.6
45665,Brisbane Lions,Port Adelaide Power,21.6,,88.6
45410,Fremantle Dockers,Adelaide Crows,13.6,1.0,55.4
45599,Collingwood Magpies,North Melbourne Kangaroos,16.4,,65.4
44968,North Melbourne Kangaroos,Collingwood Magpies,19.0,0.2,69.2
45770,Melbourne Demons,Carlton Blues,8.8,1.6666666666666667,47.8
45957,Western Bulldogs,West Coast Eagles,25.2,,90.0
44796,St Kilda Saints,Port Adelaide Power,4.2,0.0,36.4
44858,North Melbourne Kangaroos,Sydney Swans,13.25,1.6,65.2
45470,Sydney Swans,North Melbourne Kangaroos,10.666666666666666,2.0,51.6
44174,West Coast Eagles,Carlton Blues,3.4,0.8,46.8
44166,Essendon Bombers,Port Adelaide Power,7.6,0.8,39.2
45544,St Kilda Saints,Collingwood Magpies,7.8,2.6,51.8
43265,Carlton Blues,Brisbane Lions,12.0,0.2,59.2
46148,Adelaide Crows,Melbourne Demons,8.0,1.0,36.5
44131,Adelaide Crows,Melbourne Demons,8.0,0.5,36.5
44869,Sydney Swans,Port Adelaide Power,10.6,0.6,47.2
45723,Adelaide Crows,Richmond Tigers,7.6,1.0,40.2
45358,Fremantle Dockers,Brisbane Lions,15.4,1.0,60.2
43813,St Kilda Saints,Western Bulldogs,7.4,0.0,35.8
43820,St Kilda Saints,Western Bulldogs,9.0,0.2,40.0
43690,North Melbourne Kangaroos,Fremantle Dockers,12.2,0.2,49.4
43430,Hawthorn Hawks,North Melbourne Kangaroos,8.0,1.0,40.4
45972,Port Adelaide Power,Richmond Tigers,8.75,,40.4
43921,West Coast Eagles,Hawthorn Hawks,11.2,0.0,41.8
43561,Hawthorn Hawks,West Coast Eagles,12.2,0.4,47.6
44120,Richmond Tigers,Carlton Blues,10.6,0.6,40.4
43759,Fremantle Dockers,Essendon Bombers,4.6,0.0,18.8
45346,Fremantle Dockers,Essendon Bombers,20.2,1.0,75.2
43408,Melbourne Demons,Brisbane Lions,9.0,0.4,42.4
46088,Carlton Blues,St Kilda Saints,9.333333333333334,1.0,58.75
43780,Carlton Blues,St Kilda Saints,10.0,1.0,58.75
45235,Western Bulldogs,Melbourne Demons,10.8,0.2,53.6
44102,Richmond Tigers,Essendon Bombers,8.0,2.2,53.8
44609,Fremantle Dockers,Melbourne Demons,11.0,0.0,50.0
44145,Adelaide Crows,Port Adelaide Power,8.0,2.2,54.4
45713,Sydney Swans,Adelaide Crows,13.4,1.0,58.2
44312,Collingwood Magpies,Hawthorn Hawks,18.4,0.0,69.6
43945,North Melbourne Kangaroos,Brisbane Lions,10.4,0.0,36.2
45734,Fremantle Dockers,West Coast Eagles,7.6,1.0,52.4
43443,Sydney Swans,Fremantle Dockers,12.8,0.2,55.0
43716,Port Adelaide Power,Carlton Blues,5.8,0.0,31.8
45030,Western Bulldogs,North Melbourne Kangaroos,6.8,0.2,49.8
45247,Port Adelaide Power,Collingwood Magpies,,0.0,17.0
46361,Port Adelaide Power,Collingwood Magpies,5.0,,17.0
45525,Sydney Swans,Geelong Cats,15.4,1.0,63.0
44265,Essendon Bombers,Adelaide Crows,3.2,1.0,48.4
43521,Adelaide Crows,Essendon Bombers,8.8,0.2,44.0
45851,Carlton Blues,North Melbourne Kangaroos,7.8,1.0,59.4
43534,Richmond Tigers,Fremantle Dockers,6.0,0.2,30.2
43615,Brisbane Lions,Carlton Blues,3.6,0.4,38.6
45395,Collingwood Magpies,Sydney Swans,21.0,,71.2
44518,Brisbane Lions,Carlton Blues,10.8,0.0,42.8
45382,West Coast Eagles,Hawthorn Hawks,17.6,1.0,67.2
44605,West Coast Eagles,Hawthorn Hawks,6.0,0.0,15.0
46235,West Coast Eagles,Hawthorn Hawks,6.0,,15.0
45509,Fremantle Dockers,Collingwood Magpies,17.6,1.0,69.8
45628,Fremantle Dockers,Collingwood Magpies,11.0,2.333333333333333,55.6
43583,Brisbane Lions,Sydney Swans,3.0,0.0,14.0
43374,Carlton Blues,Hawthorn Hawks,13.2,0.0,52.4
46051,Brisbane Lions,Sydney Swans,3.0,,14.0
45223,Port Adelaide Power,North Melbourne Kangaroos,11.8,0.6,46.0
44309,Port Adelaide Power,North Melbourne Kangaroos,19.0,0.8,80.2
43304,West Coast Eagles,Geelong Cats,23.0,0.4,93.8
45983,Melbourne Demons,Richmond Tigers,17.4,2.5,76.6
43531,Melbourne Demons,Richmond Tigers,12.4,0.0,46.0
46194,Essendon Bombers,St Kilda Saints,8.666666666666666,1.0,42.0
46359,Essendon Bombers,St Kilda Saints,,,
45962,Melbourne Demons,Richmond Tigers,16.4,1.0,79.0
45243,Essendon Bombers,St Kilda Saints,,,
45627,Richmond Tigers,Melbourne Demons,25.4,,101.6
45921,Richmond Tigers,Melbourne Demons,13.2,1.0,58.4
44350,Essendon Bombers,St Kilda Saints,8.666666666666666,0.3333333333333333,42.0
43394,St Kilda Saints,Essendon Bombers,9.0,1.4,72.6
45821,Essendon Bombers,St Kilda Saints,12.4,1.0,50.6
45626,Essendon Bombers,St Kilda Saints,21.8,1.0,82.6
44690,Essendon Bombers,St Kilda Saints,24.6,0.0,95.4
45747,Essendon Bombers,St Kilda Saints,6.5,2.0,40.2
45598,Melbourne Demons,Richmond Tigers,13.75,2.75,70.0
45710,Adelaide Crows,Collingwood Magpies,19.2,1.0,72.0
45883,North Melbourne Kangaroos,Sydney Swans,15.0,1.0,61.2
45919,North Melbourne Kangaroos,Sydney Swans,6.4,1.3333333333333333,38.2
45554,North Melbourne Kangaroos,Sydney Swans,15.0,2.6666666666666665,75.4
45338,Adelaide Crows,Collingwood Magpies,16.0,,65.6
43867,St Kilda Saints,Geelong Cats,10.6,0.4,50.6
45508,Sydney Swans,Western Bulldogs,8.6,1.0,51.0
45993,St Kilda Saints,Collingwood Magpies,7.666666666666667,,31.666666666666668
45943,Collingwood Magpies,St Kilda Saints,8.4,,34.0
43280,St Kilda Saints,Collingwood Magpies,7.666666666666667,0.0,31.666666666666668
45577,St Kilda Saints,Hawthorn Hawks,21.4,1.0,80.4
45518,St Kilda Saints,Hawthorn Hawks,11.6,2.0,54.0
45450,Hawthorn Hawks,Geelong Cats,24.0,1.0,99.2
45453,Hawthorn Hawks,Geelong Cats,9.4,,37.0
43473,Collingwood Magpies,Adelaide Crows,7.8,0.0,38.4
45095,Hawthorn Hawks,Sydney Swans,5.0,1.0,33.0
43458,Fremantle Dockers,Essendon Bombers,12.6,0.0,55.4
43894,Adelaide Crows,Fremantle Dockers,11.6,1.6,61.0
43545,Brisbane Lions,Collingwood Magpies,9.5,0.2,60.4
46321,Port Adelaide Power,Hawthorn Hawks,9.0,,31.0
45091,Port Adelaide Power,Hawthorn Hawks,9.0,0.0,31.0
43677,Essendon Bombers,North Melbourne Kangaroos,9.4,0.0,42.2
44467,Melbourne Demons,Geelong Cats,8.2,0.0,41.6
46213,Melbourne Demons,Geelong Cats,8.2,,41.6
45833,Richmond Tigers,Sydney Swans,19.8,2.0,99.0
44729,Fremantle Dockers,Carlton Blues,,,
46261,Fremantle Dockers,Carlton Blues,,,
44787,North Melbourne Kangaroos,Geelong Cats,10.8,0.0,45.6
43622,Collingwood Magpies,Carlton Blues,14.0,1.0,64.6
43613,Collingwood Magpies,West Coast Eagles,15.2,0.0,56.8
45101,Western Bulldogs,Richmond Tigers,14.0,0.0,63.6
44687,Richmond Tigers,Western Bulldogs,20.6,0.8,85.0
44022,Fremantle Dockers,Port Adelaide Power,10.2,0.0,48.0
45610,West Coast Eagles,Geelong Cats,13.6,1.6,58.8
45216,Port Adelaide Power,Western Bulldogs,9.8,1.0,48.6
44543,Port Adelaide Power,Western Bulldogs,12.75,0.5,49.0
45481,Hawthorn Hawks,Brisbane Lions,14.4,1.25,64.0
43341,Carlton Blues,Essendon Bombers,11.25,0.8,55.6
43637,Collingwood Magpies,Fremantle Dockers,17.4,0.0,65.4
44608,Richmond Tigers,St Kilda Saints,11.2,0.2,57.6
43431,Sydney Swans,North Melbourne Kangaroos,15.0,0.5,57.0
43895,Fremantle Dockers,Carlton Blues,13.2,0.0,62.0
43368,Melbourne Demons,Port Adelaide Power,10.2,0.0,60.6
45898,West Coast Eagles,St Kilda Saints,16.6,1.0,59.4
43517,Fremantle Dockers,Brisbane Lions,7.4,1.0,42.4
43843,Fremantle Dockers,Brisbane Lions,13.0,0.4,49.0
43587,West Coast Eagles,Port Adelaide Power,12.2,0.6,56.4
46053,West Coast Eagles,Port Adelaide Power,12.2,1.0,56.4
44003,Carlton Blues,Collingwood Magpies,7.8,0.2,36.2
43375,Carlton Blues,Collingwood Magpies,14.0,0.4,61.2
45881,North Melbourne Kangaroos,Carlton Blues,24.5,1.0,90.2
45094,Fremantle Dockers,Western Bulldogs,13.4,0.6,55.4
45692,Essendon Bombers,West Coast Eagles,14.8,2.75,77.6
45073,Geelong Cats,Carlton Blues,16.8,0.2,58.4
43366,St Kilda Saints,Hawthorn Hawks,11.0,0.2,42.2
43523,Hawthorn Hawks,Adelaide Crows,10.6,0.0,43.0
45377,Richmond Tigers,Collingwood Magpies,23.2,,85.0
44727,North Melbourne Kangaroos,West Coast Eagles,25.2,0.0,84.8
45890,Fremantle Dockers,Melbourne Demons,11.2,,61.8
45606,St Kilda Saints,Essendon Bombers,13.8,,54.6
44157,Geelong Cats,Western Bulldogs,13.0,0.0,53.4
45122,Hawthorn Hawks,Richmond Tigers,17.8,0.0,62.8
45100,Port Adelaide Power,Brisbane Lions,16.2,0.0,63.8
45139,Melbourne Demons,Carlton Blues,19.2,0.4,81.8
45974,West Coast Eagles,Adelaide Crows,18.0,2.0,81.0
45954,North Melbourne Kangaroos,St Kilda Saints,10.6,,42.4
44454,West Coast Eagles,Richmond Tigers,13.25,0.4,59.0
44933,Richmond Tigers,West Coast Eagles,12.0,0.0,47.0
45309,Richmond Tigers,West Coast Eagles,17.4,1.6666666666666667,67.6
43627,Richmond Tigers,West Coast Eagles,18.6,0.2,77.6
46295,Richmond Tigers,West Coast Eagles,12.0,,47.0
44087,West Coast Eagles,Richmond Tigers,24.6,0.2,88.6
44451,Richmond Tigers,West Coast Eagles,17.6,0.2,70.0
45521,West Coast Eagles,Richmond Tigers,20.8,1.0,72.2
43736,Hawthorn Hawks,Essendon Bombers,12.2,1.2,57.8
45658,Port Adelaide Power,North Melbourne Kangaroos,11.8,1.0,73.0
44616,North Melbourne Kangaroos,Port Adelaide Power,1.0,0.0,33.0
43263,Sydney Swans,Brisbane Lions,11.6,0.8,54.8
45392,Port Adelaide Power,North Melbourne Kangaroos,23.6,,72.0
43746,Fremantle Dockers,Geelong Cats,16.4,0.0,65.0
45677,Essendon Bombers,Hawthorn Hawks,13.333333333333334,2.75,71.6
46322,Sydney Swans,Brisbane Lions,8.5,1.0,41.2
45783,Sydney Swans,Brisbane Lions,11.4,2.0,58.4
45093,Sydney Swans,Brisbane Lions,7.8,0.2,41.2
45336,Sydney Swans,Brisbane Lions,12.0,,43.2
45456,Sydney Swans,Brisbane Lions,10.4,1.0,43.8
45841,Melbourne Demons,St Kilda Saints,9.8,3.5,64.2
45959,Melbourne Demons,St Kilda Saints,10.0,1.0,41.4
45958,Melbourne Demons,St Kilda Saints,24.8,,94.0
44951,Essendon Bombers,Adelaide Crows,18.8,1.2,83.2
44316,Essendon Bombers,Adelaide Crows,16.0,1.0,74.0
45904,Carlton Blues,Brisbane Lions,24.2,1.5,96.6
44811,Brisbane Lions,Carlton Blues,5.4,0.2,55.8
45233,Carlton Blues,Brisbane Lions,14.5,0.0,53.0
45844,Collingwood Magpies,St Kilda Saints,8.0,1.0,45.0
45775,Brisbane Lions,Western Bulldogs,14.6,1.5,64.4
45875,Adelaide Crows,Collingwood Magpies,11.5,,47.2
45956,Western Bulldogs,St Kilda Saints,13.5,1.25,65.0
45572,Geelong Cats,St Kilda Saints,15.6,1.0,61.8
45090,Richmond Tigers,Western Bulldogs,12.75,0.4,59.2
44805,Richmond Tigers,Sydney Swans,7.0,0.0,38.0
43578,Port Adelaide Power,Brisbane Lions,11.4,0.6,68.8
46275,Richmond Tigers,Sydney Swans,7.0,,38.0
44032,Adelaide Crows,Melbourne Demons,14.2,0.8,58.0
45245,Essendon Bombers,West Coast Eagles,8.5,1.4,38.8
43984,West Coast Eagles,Essendon Bombers,10.2,1.6,59.6
45366,Sydney Swans,West Coast Eagles,11.8,,38.0
44815,Geelong Cats,Carlton Blues,9.2,0.8,50.8
44200,Hawthorn Hawks,Essendon Bombers,16.5,0.5,83.0
46163,Hawthorn Hawks,Essendon Bombers,16.5,1.0,83.0
45925,Port Adelaide Power,Essendon Bombers,12.4,2.0,60.6
44537,Hawthorn Hawks,West Coast Eagles,13.6,1.4,68.4
45396,Adelaide Crows,Richmond Tigers,9.6,1.75,76.4
45642,St Kilda Saints,Carlton Blues,8.6,,45.0
44101,Melbourne Demons,West Coast Eagles,13.0,1.0,63.0
46141,Melbourne Demons,West Coast Eagles,13.0,1.0,63.0
45023,Hawthorn Hawks,Richmond Tigers,8.2,0.0,26.0
45316,Western Bulldogs,Essendon Bombers,18.2,1.0,79.2
45777,Collingwood Magpies,Brisbane Lions,17.4,1.0,69.4
44714,Richmond Tigers,Port Adelaide Power,8.8,0.4,46.8
46242,North Melbourne Kangaroos,Fremantle Dockers,10.0,,58.0
44626,North Melbourne Kangaroos,Fremantle Dockers,10.0,0.0,58.0
44621,Sydney Swans,Hawthorn Hawks,12.0,0.4,48.8
45880,Richmond Tigers,St Kilda Saints,11.4,1.0,52.8
45501,Adelaide Crows,Fremantle Dockers,21.0,,88.2
43287,Carlton Blues,Melbourne Demons,13.5,0.0,58.6
43459,Carlton Blues,North Melbourne Kangaroos,7.6,0.2,57.6
43342,Collingwood Magpies,Melbourne Demons,10.8,0.2,60.4
43310,Essendon Bombers,Hawthorn Hawks,11.8,0.2,53.4
44566,Hawthorn Hawks,Western Bulldogs,11.4,1.2,48.2
44954,Essendon Bombers,Adelaide Crows,,,
46298,Essendon Bombers,Adelaide Crows,,,
44711,Sydney Swans,Richmond Tigers,9.6,0.8,50.0
45733,Adelaide Crows,Geelong Cats,15.75,1.5,69.0
45549,Adelaide Crows,Geelong Cats,27.6,1.0,106.6
43992,Port Adelaide Power,Western Bulldogs,6.4,0.2,46.6
45409,Port Adelaide Power,Adelaide Crows,9.2,1.0,59.2
43819,Carlton Blues,Collingwood Magpies,12.8,0.8,65.6
45513,Brisbane Lions,Melbourne Demons,2.0,1.8,42.8
44156,Carlton Blues,Collingwood Magpies,15.8,0.0,68.4
43562,Brisbane Lions,Melbourne Demons,11.8,0.6,57.0
44318,North Melbourne Kangaroos,Western Bulldogs,13.2,0.0,59.2
44971,North Melbourne Kangaroos,Western Bulldogs,11.8,0.4,57.8
44173,West Coast Eagles,Brisbane Lions,15.2,0.0,57.2
44540,Hawthorn Hawks,Sydney Swans,14.0,0.6,58.4
45069,Hawthorn Hawks,Sydney Swans,9.4,0.2,64.8
45816,Collingwood Magpies,Essendon Bombers,4.4,,19.0
45681,Collingwood Magpies,Essendon Bombers,13.75,1.5,77.8
44465,Collingwood Magpies,Essendon Bombers,9.8,1.4,58.2
46133,Richmond Tigers,Carlton Blues,7.0,1.0,40.5
44043,Richmond Tigers,Carlton Blues,7.0,0.5,40.5
45629,Brisbane Lions,Adelaide Crows,19.8,,75.4
46374,Adelaide Crows,Collingwood Magpies,10.0,,36.0
44835,Fremantle Dockers,Hawthorn Hawks,5.5,0.5,32.0
45303,Adelaide Crows,Collingwood Magpies,10.0,0.0,36.0
43733,Fremantle Dockers,Hawthorn Hawks,13.25,0.0,43.6
44661,St Kilda Saints,Richmond Tigers,12.6,0.0,57.0
44038,St Kilda Saints,Richmond Tigers,8.0,0.0,37.5
44560,Fremantle Dockers,Hawthorn Hawks,5.4,1.2,37.4
46131,St Kilda Saints,Richmond Tigers,8.0,,37.5
46351,North Melbourne Kangaroos,West Coast Eagles,11.0,,57.0
44741,Essendon Bombers,Brisbane Lions,12.2,0.4,50.8
44894,Brisbane Lions,Essendon Bombers,11.8,0.0,55.4
45225,North Melbourne Kangaroos,West Coast Eagles,11.0,0.0,57.0
44583,Essendon Bombers,Brisbane Lions,9.4,1.2,46.6
45579,Fremantle Dockers,Carlton Blues,15.6,1.8,75.6
44493,St Kilda Saints,Adelaide Crows,16.0,0.0,64.0
46216,St Kilda Saints,Adelaide Crows,16.0,,64.0
45257,West Coast Eagles,Geelong Cats,10.8,1.6,60.8
44737,Brisbane Lions,Sydney Swans,12.0,0.8,56.0
44182,West Coast Eagles,Geelong Cats,13.0,0.0,50.0
44680,Hawthorn Hawks,Collingwood Magpies,11.6,0.6,67.4
46161,West Coast Eagles,Geelong Cats,13.0,,50.0
44363,Essendon Bombers,Western Bulldogs,13.0,1.0,53.0
46197,Essendon Bombers,Western Bulldogs,13.0,1.0,53.0
44079,Hawthorn Hawks,Collingwood Magpies,9.25,1.2,54.2
46255,Hawthorn Hawks,Collingwood Magpies,11.6,1.5,67.4
44177,North Melbourne Kangaroos,Melbourne Demons,13.4,1.4,73.6
45070,Richmond Tigers,Port Adelaide Power,8.333333333333334,1.0,47.333333333333336
45445,Richmond Tigers,Port Adelaide Power,24.2,1.25,87.2
43991,North Melbourne Kangaroos,Melbourne Demons,19.6,0.0,75.8
46318,Richmond Tigers,Port Adelaide Power,8.333333333333334,1.0,47.333333333333336
44482,Port Adelaide Power,Richmond Tigers,10.0,0.2,51.8
44579,Port Adelaide Power,Richmond Tigers,15.2,0.0,57.8
43401,Geelong Cats,St Kilda Saints,9.4,0.0,38.0
43509,Western Bulldogs,Collingwood Magpies,15.8,0.0,60.4
44950,Hawthorn Hawks,Fremantle Dockers,8.6,0.0,53.6
43961,Carlton Blues,Sydney Swans,17.2,0.2,69.4
45585,Fremantle Dockers,Geelong Cats,9.75,2.0,55.0
45646,Sydney Swans,Western Bulldogs,20.4,2.0,69.0
45381,Sydney Swans,Western Bulldogs,10.0,3.6,73.0
45498,Western Bulldogs,St Kilda Saints,16.0,2.5,66.6
45624,Western Bulldogs,St Kilda Saints,13.8,1.0,59.8
45562,Western Bulldogs,St Kilda Saints,12.8,1.0,54.2
43776,St Kilda Saints,Collingwood Magpies,13.2,0.6,50.8
45040,Sydney Swans,Melbourne Demons,,,
46314,Sydney Swans,Melbourne Demons,,,
43299,St Kilda Saints,Richmond Tigers,,,
45997,St Kilda Saints,Richmond Tigers,,,
46183,Gold Coast Suns,Carlton Blues,,,
44296,Gold Coast Suns,Carlton Blues,,,
45014,Adelaide Crows,Fremantle Dockers,19.6,0.4,84.6
46146,Port Adelaide Power,Geelong Cats,,1.5,55.5
44126,Port Adelaide Power,Geelong Cats,11.5,1.5,55.5
44162,St Kilda Saints,Adelaide Crows,,,
46300,St Kilda Saints,Adelaide Crows,14.0,,56.0
44957,St Kilda Saints,Adelaide Crows,14.0,0.0,56.0
46154,St Kilda Saints,Adelaide Crows,,,
45202,West Coast Eagles,Essendon Bombers,,,
46345,West Coast Eagles,Essendon Bombers,,,
43725,Collingwood Magpies,Geelong Cats,8.4,1.2,45.8
45273,Melbourne Demons,North Melbourne Kangaroos,11.25,1.0,62.0
44580,Richmond Tigers,Western Bulldogs,10.0,0.6,41.8
44513,Western Bulldogs,West Coast Eagles,10.8,1.0,46.0
44595,Melbourne Demons,Carlton Blues,12.4,0.8,68.6
45269,St Kilda Saints,Fremantle Dockers,9.0,0.0,33.0
46366,St Kilda Saints,Fremantle Dockers,9.0,,33.0
43611,Adelaide Crows,Brisbane Lions,12.5,0.2,43.6
43318,Brisbane Lions,Carlton Blues,10.6,0.0,44.4
43598,Brisbane Lions,Richmond Tigers,14.6,0.4,53.8
43916,Richmond Tigers,Melbourne Demons,13.666666666666666,0.0,50.0
44868,Adelaide Crows,Geelong Cats,13.6,0.4,49.2
43384,Sydney Swans,Adelaide Crows,8.6,0.8,48.8
44446,North Melbourne Kangaroos,St Kilda Saints,9.4,1.0,49.8
44500,Hawthorn Hawks,Brisbane Lions,12.0,0.0,41.0
44524,Sydney Swans,Gold Coast Suns,10.2,0.2,44.8
44062,Richmond Tigers,Essendon Bombers,11.25,0.0,40.4
43456,Richmond Tigers,Gold Coast Suns,11.0,0.2,58.2
44014,Fremantle Dockers,Sydney Swans,12.8,0.0,57.8
44068,Geelong Cats,Brisbane Lions,16.0,0.0,51.2
44988,North Melbourne Kangaroos,Western Bulldogs,12.0,0.4,42.2
44525,Adelaide Crows,St Kilda Saints,4.8,0.2,45.4
44282,Gold Coast Suns,Collingwood Magpies,7.0,0.0,21.33333333333333
46180,Gold Coast Suns,Collingwood Magpies,6.333333333333333,,21.33333333333333
45129,Carlton Blues,Essendon Bombers,9.0,1.0,60.0
46328,Carlton Blues,Essendon Bombers,9.0,1.0,60.0
45138,North Melbourne Kangaroos,Carlton Blues,14.75,0.4,55.2
46225,Western Bulldogs,West Coast Eagles,4.0,,16.0
44549,Western Bulldogs,West Coast Eagles,4.0,0.0,16.0
44735,Essendon Bombers,Collingwood Magpies,21.0,0.2,79.4
43863,St Kilda Saints,Fremantle Dockers,13.6,1.4,67.8
43998,Gold Coast Suns,Geelong Cats,16.0,0.2,59.4
44170,Gold Coast Suns,Geelong Cats,17.0,0.0,60.0
44688,Port Adelaide Power,Collingwood Magpies,9.2,0.0,41.8
43683,Port Adelaide Power,Collingwood Magpies,8.8,1.2,48.2
45605,Carlton Blues,Melbourne Demons,11.6,,40.4
44822,Essendon Bombers,Sydney Swans,19.0,0.0,55.0
46278,Essendon Bombers,Sydney Swans,19.0,,55.0
46159,Gold Coast Suns,Geelong Cats,17.75,,60.0
43768,Brisbane Lions,Adelaide Crows,,,
46273,North Melbourne Kangaroos,Hawthorn Hawks,9.8,,39.8
46083,Brisbane Lions,Adelaide Crows,,,
44776,North Melbourne Kangaroos,Hawthorn Hawks,9.8,0.0,39.8
44853,Port Adelaide Power,Hawthorn Hawks,14.4,0.0,50.8
44995,Western Bulldogs,Essendon Bombers,11.5,0.6,56.6
45757,Geelong Cats,Adelaide Crows,14.2,4.0,75.4
46072,Gold Coast Suns,Adelaide Crows,3.6666666666666665,1.0,41.66666666666666
43705,Gold Coast Suns,Adelaide Crows,8.0,0.3333333333333333,41.66666666666666
45327,St Kilda Saints,Sydney Swans,11.4,1.0,48.2
44478,Sydney Swans,Geelong Cats,8.4,0.4,37.4
43264,Gold Coast Suns,Melbourne Demons,3.8,1.4,49.2
44455,Melbourne Demons,Gold Coast Suns,13.666666666666666,0.3333333333333333,59.66666666666666
45213,Essendon Bombers,Port Adelaide Power,8.2,0.4,35.8
44633,Richmond Tigers,Adelaide Crows,12.666666666666666,0.0,41.0
45748,Geelong Cats,Collingwood Magpies,17.4,1.0,66.4
44771,Brisbane Lions,Sydney Swans,5.8,0.2,31.2
46285,Western Bulldogs,Fremantle Dockers,12.4,,45.6
46030,Fremantle Dockers,Western Bulldogs,11.0,,49.0
44246,Hawthorn Hawks,Gold Coast Suns,11.0,0.2,51.6
45563,Western Bulldogs,Fremantle Dockers,12.8,5.2,91.0
45540,St Kilda Saints,Carlton Blues,8.8,1.0,57.0
46269,Brisbane Lions,Sydney Swans,5.8,1.0,31.2
44866,Fremantle Dockers,Western Bulldogs,13.2,0.2,50.2
46293,Fremantle Dockers,Western Bulldogs,,,
43411,Fremantle Dockers,Western Bulldogs,8.333333333333334,1.0,43.0
44160,Hawthorn Hawks,Gold Coast Suns,9.4,0.6,48.0
43478,Fremantle Dockers,Western Bulldogs,11.0,0.0,49.0
44059,Fremantle Dockers,Western Bulldogs,10.8,0.4,53.0
44925,Fremantle Dockers,Western Bulldogs,,,
44874,Western Bulldogs,Fremantle Dockers,12.4,0.0,45.6
43343,Western Bulldogs,Fremantle Dockers,17.0,0.6,67.6
45099,Richmond Tigers,North Melbourne Kangaroos,11.5,0.0,43.6
44728,North Melbourne Kangaroos,Richmond Tigers,16.75,0.0,70.0
45824,North Melbourne Kangaroos,Richmond Tigers,14.6,2.0,56.8
43340,Port Adelaide Power,Melbourne Demons,16.2,1.4,79.4
43806,Richmond Tigers,North Melbourne Kangaroos,11.5,0.4,42.8
44541,Port Adelaide Power,Melbourne Demons,16.4,0.4,60.6
44852,Port Adelaide Power,Melbourne Demons,17.6,0.2,69.4
44218,Sydney Swans,Hawthorn Hawks,14.0,0.0,45.4
44600,West Coast Eagles,Geelong Cats,11.6,1.8,55.2
45469,Collingwood Magpies,Geelong Cats,27.2,1.5,104.2
45388,Collingwood Magpies,Geelong Cats,12.4,1.0,53.2
45674,Geelong Cats,Collingwood Magpies,19.8,3.0,84.2
45788,Geelong Cats,Collingwood Magpies,12.8,1.5,81.8
44827,Collingwood Magpies,Hawthorn Hawks,9.6,0.2,37.2
44664,St Kilda Saints,Port Adelaide Power,17.0,0.0,61.4
45390,Hawthorn Hawks,West Coast Eagles,18.25,,71.8
45530,Gold Coast Suns,Brisbane Lions,15.4,1.3333333333333333,68.4
44911,Brisbane Lions,Geelong Cats,9.0,0.6,50.4
46205,Hawthorn Hawks,Sydney Swans,13.0,1.0,65.2
44399,Hawthorn Hawks,Sydney Swans,13.0,0.2,65.2
46018,Hawthorn Hawks,St Kilda Saints,7.0,,18.0
43420,Hawthorn Hawks,St Kilda Saints,2.0,0.0,18.0
44587,West Coast Eagles,Essendon Bombers,,,
44887,Sydney Swans,Richmond Tigers,12.4,0.0,73.8
45290,Collingwood Magpies,Brisbane Lions,0.0,0.0,8.0
46229,West Coast Eagles,Essendon Bombers,,,
46369,Collingwood Magpies,Brisbane Lions,,,8.0
44695,Port Adelaide Power,Fremantle Dockers,12.75,1.0,64.2
45183,North Melbourne Kangaroos,Port Adelaide Power,8.0,1.0,49.2
43350,Melbourne Demons,Sydney Swans,13.6,0.2,70.0
44195,Melbourne Demons,Sydney Swans,9.8,2.0,57.0
45738,Essendon Bombers,Greater Western Sydney Giants,11.8,1.0,45.6
43378,Fremantle Dockers,West Coast Eagles,9.5,0.0,37.8
45932,Fremantle Dockers,West Coast Eagles,9.0,,37.8
43294,Fremantle Dockers,Adelaide Crows,10.4,0.6,42.2
46331,Collingwood Magpies,Gold Coast Suns,5.0,,17.5
45135,Collingwood Magpies,Gold Coast Suns,5.0,0.0,17.5
46286,Greater Western Sydney Giants,Richmond Tigers,,,
44880,Greater Western Sydney Giants,Richmond Tigers,,,
44124,Gold Coast Suns,West Coast Eagles,25.0,0.0,87.8
43608,Richmond Tigers,Adelaide Crows,14.2,0.6,57.4
44709,Fremantle Dockers,Collingwood Magpies,8.0,0.2,33.0
44495,Richmond Tigers,Adelaide Crows,10.2,1.4,60.6
43559,St Kilda Saints,North Melbourne Kangaroos,14.0,0.2,52.8
44435,Adelaide Crows,Port Adelaide Power,,,
46210,Adelaide Crows,Port Adelaide Power,,,
45044,Port Adelaide Power,Adelaide Crows,12.0,0.0,44.2
45020,Brisbane Lions,Sydney Swans,16.8,0.0,70.2
45559,Fremantle Dockers,Western Bulldogs,13.0,1.0,51.2
43918,Richmond Tigers,Gold Coast Suns,8.4,0.4,61.8
45197,Richmond Tigers,Gold Coast Suns,4.4,0.2,22.4
44768,Essendon Bombers,Port Adelaide Power,10.4,1.4,56.2
43769,Essendon Bombers,Geelong Cats,17.8,0.2,69.6
43423,Carlton Blues,Western Bulldogs,15.8,0.2,73.4
43670,Carlton Blues,Richmond Tigers,4.0,1.0,24.0
46063,Carlton Blues,Richmond Tigers,4.0,1.0,24.0
44360,Richmond Tigers,Carlton Blues,10.4,0.2,41.8
44523,Richmond Tigers,Carlton Blues,14.25,0.2,61.8
45053,Adelaide Crows,Geelong Cats,16.0,0.0,66.0
43479,Collingwood Magpies,Greater Western Sydney Giants,14.25,0.2,59.8
43888,Western Bulldogs,St Kilda Saints,11.2,0.0,63.4
44717,St Kilda Saints,Collingwood Magpies,14.8,0.2,57.8
44953,Essendon Bombers,Adelaide Crows,8.75,0.0,41.6
43599,Carlton Blues,Sydney Swans,18.0,1.0,73.2
43959,Melbourne Demons,Gold Coast Suns,17.6,0.2,77.4
45976,Geelong Cats,West Coast Eagles,13.6,1.0,58.6
45052,West Coast Eagles,Geelong Cats,14.0,0.2,48.8
45287,Brisbane Lions,Carlton Blues,8.0,0.0,37.5
46368,Brisbane Lions,Carlton Blues,8.0,,37.5
43338,Brisbane Lions,Carlton Blues,6.25,0.2,27.4
43353,Melbourne Demons,St Kilda Saints,12.0,0.6,60.6
44078,Western Bulldogs,Richmond Tigers,8.2,1.0,43.2
44917,Western Bulldogs,Richmond Tigers,12.0,0.0,43.2
43994,Western Bulldogs,Richmond Tigers,17.4,0.0,58.6
46059,Melbourne Demons,Greater Western Sydney Giants,7.5,,58.5
43626,Melbourne Demons,Greater Western Sydney Giants,12.5,0.0,58.5
44270,Essendon Bombers,Carlton Blues,,0.0,76.0
46178,Essendon Bombers,Carlton Blues,18.0,,76.0
45340,Hawthorn Hawks,Gold Coast Suns,12.2,2.0,49.4
44460,Gold Coast Suns,Hawthorn Hawks,9.2,0.4,54.2
43616,Greater Western Sydney Giants,St Kilda Saints,,,
46058,Greater Western Sydney Giants,St Kilda Saints,,,
43744,Brisbane Lions,Port Adelaide Power,14.4,0.0,54.6
45110,Gold Coast Suns,Carlton Blues,-0.6,0.0,18.2
45555,Melbourne Demons,Adelaide Crows,11.2,2.4,76.8
45032,West Coast Eagles,Hawthorn Hawks,4.8,0.6,43.4
43871,North Melbourne Kangaroos,Greater Western Sydney Giants,19.666666666666668,0.8,76.2
45443,Greater Western Sydney Giants,North Melbourne Kangaroos,20.4,1.3333333333333333,83.2
45721,Greater Western Sydney Giants,North Melbourne Kangaroos,8.5,1.0,53.6
45813,Greater Western Sydney Giants,North Melbourne Kangaroos,22.8,,81.8
43574,Greater Western Sydney Giants,North Melbourne Kangaroos,10.5,0.25,45.75
46101,Greater Western Sydney Giants,North Melbourne Kangaroos,5.2,,26.2
46049,Greater Western Sydney Giants,North Melbourne Kangaroos,10.5,1.0,45.75
46098,Gold Coast Suns,Adelaide Crows,2.5,,32.5
46329,Melbourne Demons,Fremantle Dockers,14.0,,46.0
44349,Gold Coast Suns,Adelaide Crows,8.25,0.6,36.0
43824,Gold Coast Suns,Adelaide Crows,7.5,0.0,32.5
43585,Gold Coast Suns,Adelaide Crows,15.2,0.0,58.0
45130,Melbourne Demons,Fremantle Dockers,14.0,0.0,46.0
45066,Gold Coast Suns,Adelaide Crows,8.6,0.2,37.6
43834,Greater Western Sydney Giants,North Melbourne Kangaroos,4.75,0.0,26.2
44507,Carlton Blues,St Kilda Saints,,,
44721,Richmond Tigers,Port Adelaide Power,11.6,0.0,43.8
43773,Port Adelaide Power,Richmond Tigers,11.0,1.8,60.2
43730,Western Bulldogs,Brisbane Lions,7.8,0.0,39.8
44396,Carlton Blues,St Kilda Saints,,,
43475,Brisbane Lions,Western Bulldogs,14.8,0.0,57.2
44627,Carlton Blues,St Kilda Saints,8.0,0.0,23.0
44013,Brisbane Lions,Western Bulldogs,16.2,0.6,63.2
46203,Carlton Blues,St Kilda Saints,,,
46217,Carlton Blues,St Kilda Saints,,,
44393,Port Adelaide Power,Richmond Tigers,14.6,0.0,52.4
44949,Western Bulldogs,Brisbane Lions,9.6,0.8,39.8
46256,Port Adelaide Power,Richmond Tigers,11.5,,47.0
44692,Port Adelaide Power,Richmond Tigers,13.4,0.0,47.0
43925,St Kilda Saints,Carlton Blues,21.8,0.0,80.4
45855,Geelong Cats,Fremantle Dockers,14.75,,54.6
43522,North Melbourne Kangaroos,West Coast Eagles,9.8,0.6,44.6
44458,Fremantle Dockers,Adelaide Crows,16.2,0.4,72.8
45912,Collingwood Magpies,Sydney Swans,9.6,1.0,45.2
45492,Adelaide Crows,Hawthorn Hawks,17.0,,70.8
43893,Melbourne Demons,Essendon Bombers,14.0,0.0,52.8
43995,North Melbourne Kangaroos,Sydney Swans,5.2,1.0,34.4
43693,Carlton Blues,Geelong Cats,0.6,0.0,21.0
45623,Collingwood Magpies,Hawthorn Hawks,16.4,1.0,61.8
44151,Adelaide Crows,Port Adelaide Power,9.0,1.4,56.4
44026,Richmond Tigers,Fremantle Dockers,8.2,0.0,29.8
43432,Fremantle Dockers,Richmond Tigers,11.2,1.4,57.2
45092,Greater Western Sydney Giants,Gold Coast Suns,11.0,1.6,58.4
45146,Western Bulldogs,Geelong Cats,14.6,0.2,53.4
43620,Brisbane Lions,Sydney Swans,9.0,1.2,45.2
44380,Sydney Swans,Hawthorn Hawks,10.0,0.0,40.0
45015,Port Adelaide Power,Richmond Tigers,8.6,0.8,46.8
44637,Hawthorn Hawks,Greater Western Sydney Giants,11.0,0.6,43.8
44351,Melbourne Demons,Fremantle Dockers,10.0,0.0,42.4
44876,Geelong Cats,Gold Coast Suns,5.25,0.75,44.5
45169,Sydney Swans,Essendon Bombers,7.25,0.75,35.75
44084,Gold Coast Suns,Geelong Cats,15.2,0.2,64.2
46095,St Kilda Saints,North Melbourne Kangaroos,,,
43812,St Kilda Saints,North Melbourne Kangaroos,,,
44336,Melbourne Demons,Hawthorn Hawks,19.4,0.0,68.2
44301,Richmond Tigers,West Coast Eagles,15.6,0.6,64.4
44438,Brisbane Lions,Fremantle Dockers,11.4,0.2,45.0
44660,Gold Coast Suns,Essendon Bombers,8.25,0.4,33.2
44169,Collingwood Magpies,Western Bulldogs,13.2,0.2,90.8
44364,Western Bulldogs,Richmond Tigers,11.0,1.0,52.8
44221,West Coast Eagles,Essendon Bombers,22.6,0.4,73.6
44319,Western Bulldogs,Melbourne Demons,15.4,0.0,62.4
45188,West Coast Eagles,Adelaide Crows,13.6,0.0,81.0
44623,Greater Western Sydney Giants,Sydney Swans,8.0,1.6,41.8
44241,Collingwood Magpies,Gold Coast Suns,14.8,1.4,72.0
44517,Collingwood Magpies,Gold Coast Suns,4.8,0.4,20.2
44100,Collingwood Magpies,Gold Coast Suns,13.0,0.0,73.4
45133,Greater Western Sydney Giants,Essendon Bombers,8.5,0.5,42.5
43711,North Melbourne Kangaroos,Melbourne Demons,14.2,0.0,53.0
44536,West Coast Eagles,Western Bulldogs,13.75,0.4,46.6
43978,West Coast Eagles,Gold Coast Suns,9.2,1.0,50.4
43463,Gold Coast Suns,Melbourne Demons,14.25,1.2,65.6
43407,Gold Coast Suns,Melbourne Demons,9.0,0.8,61.4
46032,Carlton Blues,Western Bulldogs,11.4,1.0,61.8
46050,Melbourne Demons,Gold Coast Suns,17.8,1.0,68.0
43575,Melbourne Demons,Gold Coast Suns,17.8,0.2,68.0
43503,Carlton Blues,Western Bulldogs,11.4,0.2,61.8
44610,Brisbane Lions,Richmond Tigers,10.8,0.4,51.4
44056,North Melbourne Kangaroos,Adelaide Crows,12.2,0.0,42.2
43954,Essendon Bombers,West Coast Eagles,7.6,1.6,45.6
44063,Port Adelaide Power,Gold Coast Suns,6.0,0.4,33.2
43416,Carlton Blues,Richmond Tigers,7.6,0.2,37.8
43404,Port Adelaide Power,Gold Coast Suns,9.0,0.0,32.4
45359,Brisbane Lions,Greater Western Sydney Giants,24.6,1.0,82.8
45029,Melbourne Demons,Fremantle Dockers,9.8,0.2,42.6
43697,Melbourne Demons,Fremantle Dockers,6.0,0.0,32.0
46070,Melbourne Demons,Fremantle Dockers,6.0,,32.0
44191,Carlton Blues,Essendon Bombers,8.0,0.0,35.0
44808,Melbourne Demons,Adelaide Crows,17.8,0.2,73.8
44023,Port Adelaide Power,Fremantle Dockers,10.2,0.4,44.6
46127,Port Adelaide Power,Fremantle Dockers,10.2,2.0,44.6
46245,Gold Coast Suns,St Kilda Saints,,,
43279,Gold Coast Suns,St Kilda Saints,8.333333333333334,0.0,42.66666666666666
43450,Greater Western Sydney Giants,Richmond Tigers,11.4,0.0,61.6
44636,Gold Coast Suns,St Kilda Saints,,,
44538,Sydney Swans,Hawthorn Hawks,6.2,1.0,56.8
45011,Port Adelaide Power,Carlton Blues,14.2,0.0,56.2
45057,Adelaide Crows,West Coast Eagles,14.8,0.0,58.4
45360,St Kilda Saints,Fremantle Dockers,11.8,,48.2
43811,Fremantle Dockers,St Kilda Saints,9.5,0.0,31.0
44471,Fremantle Dockers,St Kilda Saints,6.6,1.0,37.8
46312,Port Adelaide Power,Carlton Blues,14.2,,56.2
43510,Adelaide Crows,West Coast Eagles,12.4,1.4,56.4
43841,Fremantle Dockers,St Kilda Saints,,,
44512,Fremantle Dockers,St Kilda Saints,,,
44891,West Coast Eagles,Adelaide Crows,9.8,0.0,40.8
43672,West Coast Eagles,Adelaide Crows,20.2,1.4,82.6
45505,West Coast Eagles,Adelaide Crows,12.6,1.0,57.2
44239,St Kilda Saints,Fremantle Dockers,0.4,0.8,31.4
44501,St Kilda Saints,Fremantle Dockers,11.0,1.2,48.0
44268,St Kilda Saints,Fremantle Dockers,12.8,0.4,42.0
44315,Essendon Bombers,Richmond Tigers,13.0,0.2,53.8
43639,Fremantle Dockers,St Kilda Saints,13.25,0.2,52.2
43685,Essendon Bombers,Richmond Tigers,8.0,1.0,50.4
46218,Fremantle Dockers,St Kilda Saints,,,
46064,Essendon Bombers,Richmond Tigers,14.5,,54.5
43671,Essendon Bombers,Richmond Tigers,14.5,0.0,54.5
44046,Essendon Bombers,Richmond Tigers,15.8,0.6,76.2
46103,Fremantle Dockers,St Kilda Saints,,,
44329,Collingwood Magpies,North Melbourne Kangaroos,14.75,0.8,69.2
44839,Collingwood Magpies,North Melbourne Kangaroos,15.8,0.0,69.0
46294,North Melbourne Kangaroos,Collingwood Magpies,10.25,1.0,34.4
44889,Melbourne Demons,Western Bulldogs,4.4,0.2,43.8
43442,Gold Coast Suns,Greater Western Sydney Giants,13.2,1.2,63.0
43684,Melbourne Demons,Western Bulldogs,9.0,0.2,29.6
43892,Gold Coast Suns,Greater Western Sydney Giants,9.8,0.4,37.4
45237,Gold Coast Suns,Greater Western Sydney Giants,12.5,0.0,38.8
44929,North Melbourne Kangaroos,Collingwood Magpies,8.2,0.2,34.4
43727,Collingwood Magpies,Port Adelaide Power,19.25,0.6,65.8
45121,Richmond Tigers,Carlton Blues,14.4,0.4,53.2
43750,Carlton Blues,Sydney Swans,12.0,1.0,51.6
45442,Geelong Cats,Hawthorn Hawks,19.4,1.0,80.4
45367,Sydney Swans,Fremantle Dockers,11.0,1.25,58.8
43321,Hawthorn Hawks,Fremantle Dockers,9.2,0.2,56.0
45561,Hawthorn Hawks,Fremantle Dockers,22.4,1.0,99.0
43558,Collingwood Magpies,Fremantle Dockers,15.8,0.2,57.2
44430,Carlton Blues,Port Adelaide Power,9.0,0.0,43.2
46338,Hawthorn Hawks,Brisbane Lions,,,
45173,Hawthorn Hawks,Brisbane Lions,,,
44164,Adelaide Crows,Port Adelaide Power,12.0,2.0,68.0
45008,Richmond Tigers,Western Bulldogs,8.4,0.0,53.8
44227,Richmond Tigers,Western Bulldogs,11.8,1.0,54.8
44354,St Kilda Saints,Adelaide Crows,11.0,0.8,57.6
46333,Essendon Bombers,Fremantle Dockers,,,
45136,Essendon Bombers,Fremantle Dockers,,,
44940,Fremantle Dockers,Essendon Bombers,14.0,1.0,55.0
45782,Sydney Swans,North Melbourne Kangaroos,16.0,1.0,62.6
44514,Brisbane Lions,Richmond Tigers,22.2,0.2,85.2
44146,Essendon Bombers,St Kilda Saints,9.2,0.8,45.0
43800,Melbourne Demons,Gold Coast Suns,12.0,0.2,51.6
44119,Gold Coast Suns,Greater Western Sydney Giants,4.8,0.4,22.4
44800,Sydney Swans,Melbourne Demons,7.0,0.6,35.2
45863,Carlton Blues,Collingwood Magpies,17.8,1.5,72.2
44682,Adelaide Crows,Melbourne Demons,11.0,0.8,60.4
43880,Melbourne Demons,Adelaide Crows,10.4,0.0,42.0
46107,Melbourne Demons,Adelaide Crows,10.4,,42.0
43485,Geelong Cats,Richmond Tigers,6.8,0.4,60.2
44769,Port Adelaide Power,Fremantle Dockers,7.5,0.4,39.0
43500,Melbourne Demons,Western Bulldogs,11.0,1.0,50.2
43319,Essendon Bombers,Sydney Swans,6.5,0.0,27.5
46000,Essendon Bombers,Sydney Swans,6.5,,27.5
44286,Brisbane Lions,North Melbourne Kangaroos,14.6,0.6,65.6
43891,Greater Western Sydney Giants,Richmond Tigers,14.8,0.0,67.8
44916,Geelong Cats,Sydney Swans,8.0,0.0,37.0
44947,St Kilda Saints,Collingwood Magpies,9.8,0.2,38.4
43271,Greater Western Sydney Giants,Hawthorn Hawks,11.8,0.4,52.6
44092,Western Bulldogs,Brisbane Lions,15.6,0.4,55.0
45545,West Coast Eagles,Hawthorn Hawks,14.8,,60.0
45248,Western Bulldogs,Brisbane Lions,9.8,0.8,44.4
44317,Hawthorn Hawks,West Coast Eagles,,,
46187,Hawthorn Hawks,West Coast Eagles,,,
44111,Gold Coast Suns,Sydney Swans,8.2,0.4,39.8
45387,Brisbane Lions,Greater Western Sydney Giants,11.0,2.0,51.8
45034,Geelong Cats,St Kilda Saints,9.2,0.2,43.8
43778,Richmond Tigers,Sydney Swans,16.4,2.2,86.6
44936,St Kilda Saints,Richmond Tigers,10.8,0.2,40.4
44489,St Kilda Saints,Richmond Tigers,12.6,0.8,58.8
46341,North Melbourne Kangaroos,Brisbane Lions,,,
45184,North Melbourne Kangaroos,Brisbane Lions,,,
44599,Melbourne Demons,Western Bulldogs,13.4,0.2,66.6
43296,North Melbourne Kangaroos,Hawthorn Hawks,8.0,0.2,37.2
44625,Richmond Tigers,Brisbane Lions,7.25,0.4,40.6
43990,Essendon Bombers,Port Adelaide Power,4.8,1.0,36.0
43720,St Kilda Saints,Carlton Blues,8.8,1.0,55.2
44719,Adelaide Crows,Hawthorn Hawks,10.6,0.2,42.4
44820,Hawthorn Hawks,Adelaide Crows,10.2,0.2,40.2
44562,Gold Coast Suns,Western Bulldogs,12.5,,56.4
43441,West Coast Eagles,Brisbane Lions,10.4,0.0,46.8
43755,St Kilda Saints,North Melbourne Kangaroos,9.0,0.0,39.4
44381,Collingwood Magpies,Essendon Bombers,12.6,0.0,54.4
44127,Richmond Tigers,Port Adelaide Power,21.5,0.2,78.8
45054,Fremantle Dockers,St Kilda Saints,9.8,0.2,33.6
44526,Fremantle Dockers,St Kilda Saints,14.0,0.4,57.6
43537,Port Adelaide Power,Melbourne Demons,7.4,0.2,51.4
44959,West Coast Eagles,Richmond Tigers,14.6,0.6,62.4
44373,Collingwood Magpies,Port Adelaide Power,15.8,1.4,73.8
45060,Melbourne Demons,Brisbane Lions,9.4,0.4,44.8
46367,Hawthorn Hawks,Western Bulldogs,3.0,,8.0
45076,Melbourne Demons,Brisbane Lions,11.4,0.0,46.4
45276,Hawthorn Hawks,Western Bulldogs,3.0,0.0,8.0
43714,Essendon Bombers,Richmond Tigers,8.0,0.8,39.2
44034,Gold Coast Suns,Port Adelaide Power,2.0,0.0,17.5
44298,Port Adelaide Power,Gold Coast Suns,20.0,0.4,88.8
46130,Gold Coast Suns,Port Adelaide Power,2.0,,17.5
43909,Greater Western Sydney Giants,Collingwood Magpies,8.6,0.0,29.4
45295,Collingwood Magpies,Greater Western Sydney Giants,15.0,0.8,61.2
45087,Adelaide Crows,North Melbourne Kangaroos,9.4,0.0,41.4
45042,Gold Coast Suns,Essendon Bombers,7.4,0.0,28.4
46123,Geelong Cats,Hawthorn Hawks,9.0,1.0,30.75
44005,Geelong Cats,Hawthorn Hawks,1.75,0.25,30.75
43634,West Coast Eagles,Melbourne Demons,13.0,0.4,80.4
44421,Brisbane Lions,Fremantle Dockers,1.0,0.8,35.6
43334,Collingwood Magpies,Hawthorn Hawks,19.6,0.4,82.4
43268,North Melbourne Kangaroos,Melbourne Demons,11.0,0.2,37.0
44448,Carlton Blues,Essendon Bombers,12.2,0.6,55.8
44320,Carlton Blues,Essendon Bombers,13.6,0.0,55.2
45181,Gold Coast Suns,West Coast Eagles,11.6,0.0,37.8
43532,West Coast Eagles,Gold Coast Suns,12.2,0.0,52.0
45256,West Coast Eagles,Gold Coast Suns,15.6,0.0,56.8
44712,Adelaide Crows,St Kilda Saints,12.6,1.0,56.0
43883,Western Bulldogs,Greater Western Sydney Giants,11.4,1.0,46.2
45301,Western Bulldogs,Greater Western Sydney Giants,13.6,0.2,51.0
46352,St Kilda Saints,Adelaide Crows,6.0,3.0,44.0
43317,Western Bulldogs,Greater Western Sydney Giants,10.6,0.0,43.6
44841,Adelaide Crows,St Kilda Saints,8.0,0.0,34.6
44176,St Kilda Saints,Adelaide Crows,13.8,0.4,55.8
45582,St Kilda Saints,Adelaide Crows,19.2,1.0,84.8
45229,St Kilda Saints,Adelaide Crows,6.0,3.0,44.0
44110,Greater Western Sydney Giants,Western Bulldogs,11.6,0.4,54.6
44767,Adelaide Crows,St Kilda Saints,18.4,0.0,75.0
44898,Hawthorn Hawks,Geelong Cats,17.6,0.4,62.6
44433,Geelong Cats,Hawthorn Hawks,15.0,0.4,86.0
43836,Richmond Tigers,Port Adelaide Power,12.4,0.4,68.0
46173,West Coast Eagles,Western Bulldogs,,,
44253,West Coast Eagles,Western Bulldogs,,,
44686,Richmond Tigers,Western Bulldogs,15.0,0.2,73.0
44757,Port Adelaide Power,Sydney Swans,10.2,0.4,67.0
44231,Richmond Tigers,Brisbane Lions,17.2,1.2,73.4
46208,Brisbane Lions,Richmond Tigers,11.0,,42.0
44423,Brisbane Lions,Richmond Tigers,11.0,0.0,42.0
44352,Brisbane Lions,Richmond Tigers,13.333333333333334,0.0,59.8
43305,Richmond Tigers,Melbourne Demons,9.6,0.6,51.0
43661,St Kilda Saints,Carlton Blues,11.6,0.8,49.2
44849,St Kilda Saints,Carlton Blues,7.25,1.4,38.8
44442,Melbourne Demons,Fremantle Dockers,13.6,0.0,46.8
43303,Collingwood Magpies,Geelong Cats,10.8,0.0,61.4
44135,Adelaide Crows,St Kilda Saints,17.0,0.0,99.2
43402,Geelong Cats,Sydney Swans,7.75,0.6,29.8
44197,Collingwood Magpies,Richmond Tigers,10.6,0.4,45.2
45182,Carlton Blues,Geelong Cats,6.2,0.2,56.0
43621,Port Adelaide Power,Richmond Tigers,18.6,0.2,73.8
43906,Brisbane Lions,Essendon Bombers,13.4,0.0,50.6
43618,Western Bulldogs,Melbourne Demons,7.8,0.4,44.4
45522,Essendon Bombers,Richmond Tigers,17.4,1.0,69.0
43596,West Coast Eagles,Geelong Cats,9.5,0.0,41.5
43943,Adelaide Crows,Carlton Blues,16.8,0.6,77.0
44194,Carlton Blues,Adelaide Crows,20.4,0.8,68.8
44452,North Melbourne Kangaroos,Sydney Swans,12.0,0.2,46.2
44324,Geelong Cats,Melbourne Demons,5.0,0.0,18.0
44788,Melbourne Demons,Geelong Cats,12.6,0.0,41.2
46189,Geelong Cats,Melbourne Demons,0.0,,18.0
43721,Sydney Swans,Richmond Tigers,8.2,0.6,58.6
45263,Essendon Bombers,Hawthorn Hawks,14.6,1.0,64.2
44743,Gold Coast Suns,Carlton Blues,13.6,0.4,53.0
43421,Brisbane Lions,Sydney Swans,10.75,0.4,53.2
43815,Carlton Blues,Fremantle Dockers,10.0,0.0,69.0
46096,Carlton Blues,Fremantle Dockers,10.0,,69.0
44411,Richmond Tigers,St Kilda Saints,11.8,0.2,46.2
43913,Richmond Tigers,St Kilda Saints,12.0,0.6,48.8
44155,Carlton Blues,Hawthorn Hawks,9.0,0.2,42.0
44370,Adelaide Crows,Gold Coast Suns,13.6,0.2,63.4
44997,Brisbane Lions,North Melbourne Kangaroos,6.8,0.0,34.4
43767,Collingwood Magpies,Melbourne Demons,11.2,0.8,46.6
46108,Gold Coast Suns,West Coast Eagles,11.75,1.0,52.5
43901,Gold Coast Suns,West Coast Eagles,6.75,0.25,52.5
43457,Essendon Bombers,Western Bulldogs,11.2,0.4,47.2
46262,Western Bulldogs,Essendon Bombers,13.0,,54.333333333333336
44736,Western Bulldogs,Essendon Bombers,13.0,0.0,54.333333333333336
43603,Port Adelaide Power,Western Bulldogs,20.0,0.2,72.2
45004,Essendon Bombers,Adelaide Crows,11.8,0.0,45.2
44794,Geelong Cats,Hawthorn Hawks,14.2,0.0,59.0
43681,Western Bulldogs,Melbourne Demons,14.0,0.2,53.6
43419,Gold Coast Suns,Richmond Tigers,11.8,0.4,53.2
43323,Melbourne Demons,Western Bulldogs,11.0,0.2,41.2
44860,St Kilda Saints,Geelong Cats,10.4,0.4,39.6
44913,St Kilda Saints,Geelong Cats,14.25,0.4,56.0
43969,Gold Coast Suns,Essendon Bombers,7.2,0.2,41.0
44906,Adelaide Crows,Brisbane Lions,11.0,0.0,45.4
44667,Western Bulldogs,West Coast Eagles,9.4,0.0,36.8
43359,Brisbane Lions,Hawthorn Hawks,10.0,0.0,42.2
46007,Brisbane Lions,Hawthorn Hawks,5.0,,42.2
44425,Brisbane Lions,Hawthorn Hawks,8.6,1.0,42.2
46335,Carlton Blues,Greater Western Sydney Giants,5.0,,20.0
45291,Carlton Blues,Greater Western Sydney Giants,16.2,0.0,74.8
45420,Essendon Bombers,Richmond Tigers,12.8,1.0,54.0
44612,Essendon Bombers,Richmond Tigers,24.0,0.0,77.4
45165,Carlton Blues,Greater Western Sydney Giants,5.0,0.0,20.0
45083,Richmond Tigers,Essendon Bombers,18.5,0.6,63.8
44591,West Coast Eagles,Adelaide Crows,7.25,0.8,37.0
45735,Fremantle Dockers,Melbourne Demons,15.0,,62.6
44870,St Kilda Saints,Sydney Swans,15.6,0.2,70.8
45103,North Melbourne Kangaroos,Richmond Tigers,6.8,0.0,26.0
43726,Carlton Blues,Hawthorn Hawks,8.5,0.0,43.2
43749,Fremantle Dockers,Port Adelaide Power,5.0,1.0,23.0
46302,Carlton Blues,Hawthorn Hawks,7.8,,24.4
43455,Gold Coast Suns,Sydney Swans,13.6,0.0,49.6
44998,Gold Coast Suns,Sydney Swans,14.2,0.0,50.0
43911,Western Bulldogs,Brisbane Lions,11.8,0.2,48.4
43332,Fremantle Dockers,Port Adelaide Power,,,
43529,Carlton Blues,Hawthorn Hawks,19.8,0.2,69.6
43787,Carlton Blues,Hawthorn Hawks,9.2,0.0,40.8
45193,Carlton Blues,Hawthorn Hawks,9.2,1.2,48.8
44615,Brisbane Lions,Western Bulldogs,13.6,0.0,57.2
45278,Carlton Blues,Hawthorn Hawks,7.0,0.0,38.2
43748,Fremantle Dockers,Port Adelaide Power,12.2,0.0,60.0
46075,Carlton Blues,Hawthorn Hawks,10.6,,43.2
44963,Carlton Blues,Hawthorn Hawks,7.8,0.0,24.4
43556,Brisbane Lions,Western Bulldogs,11.0,0.0,44.2
46003,Fremantle Dockers,Port Adelaide Power,,,
43645,Melbourne Demons,Greater Western Sydney Giants,22.8,0.0,78.0
44669,Essendon Bombers,Collingwood Magpies,16.4,0.0,66.6
44199,Essendon Bombers,Collingwood Magpies,11.0,0.0,45.0
44590,Richmond Tigers,North Melbourne Kangaroos,8.4,0.6,62.2
44739,Sydney Swans,North Melbourne Kangaroos,10.5,0.6,57.4
45548,Sydney Swans,North Melbourne Kangaroos,20.0,1.75,79.6
45873,Sydney Swans,North Melbourne Kangaroos,21.2,,76.4
43963,Hawthorn Hawks,West Coast Eagles,8.8,0.6,53.6
44250,Hawthorn Hawks,West Coast Eagles,15.6,0.0,68.0
45048,Collingwood Magpies,Sydney Swans,31.6,1.4,118.4
45058,Sydney Swans,Collingwood Magpies,13.4,0.0,66.6
43877,Collingwood Magpies,Richmond Tigers,8.0,0.8,41.6
43526,Port Adelaide Power,Adelaide Crows,9.8,0.0,39.2
43372,West Coast Eagles,Hawthorn Hawks,12.2,0.4,45.0
45220,Carlton Blues,Gold Coast Suns,15.2,0.2,62.4
45074,St Kilda Saints,Hawthorn Hawks,8.6,0.2,38.6
44323,Melbourne Demons,St Kilda Saints,14.6,0.0,49.8
44314,Hawthorn Hawks,Richmond Tigers,11.0,0.0,36.0
46186,Hawthorn Hawks,Richmond Tigers,11.0,,36.0
46137,Sydney Swans,Richmond Tigers,,,
44061,Sydney Swans,Richmond Tigers,,,
43946,Essendon Bombers,North Melbourne Kangaroos,13.4,0.0,57.2
44139,Carlton Blues,Port Adelaide Power,8.75,0.0,35.0
44666,Fremantle Dockers,Richmond Tigers,18.2,0.2,61.6
46056,Western Bulldogs,Greater Western Sydney Giants,,,
43798,Brisbane Lions,Melbourne Demons,11.0,0.2,48.0
43600,Western Bulldogs,Greater Western Sydney Giants,,,
45933,Adelaide Crows,Greater Western Sydney Giants,16.8,,64.6
43379,Adelaide Crows,Greater Western Sydney Giants,16.8,0.0,64.6
44984,Hawthorn Hawks,Brisbane Lions,12.0,0.0,48.6
43869,Melbourne Demons,Port Adelaide Power,11.2,0.0,50.0
44594,Melbourne Demons,Port Adelaide Power,15.0,1.0,65.6
44840,Gold Coast Suns,West Coast Eagles,11.0,0.2,45.2
43513,Gold Coast Suns,West Coast Eagles,12.4,0.6,57.2
43543,Richmond Tigers,North Melbourne Kangaroos,12.6,0.2,57.8
43649,Essendon Bombers,Fremantle Dockers,18.6,0.2,68.4
43851,Brisbane Lions,Carlton Blues,7.4,0.6,36.8
46109,Collingwood Magpies,Port Adelaide Power,11.0,,41.0
45106,Collingwood Magpies,Port Adelaide Power,10.2,0.0,41.0
44555,St Kilda Saints,Adelaide Crows,8.8,0.8,47.6
43912,Collingwood Magpies,Port Adelaide Power,11.0,0.0,41.0
43783,Essendon Bombers,Hawthorn Hawks,11.666666666666666,0.2,51.0
45219,Brisbane Lions,Fremantle Dockers,6.6,0.2,43.0
43792,West Coast Eagles,Adelaide Crows,12.2,0.2,55.6
43914,Carlton Blues,St Kilda Saints,7.4,1.0,60.2
44976,Fremantle Dockers,Port Adelaide Power,12.0,0.3333333333333333,55.0
43738,Greater Western Sydney Giants,Essendon Bombers,6.8,0.4,57.4
43983,Fremantle Dockers,Collingwood Magpies,10.2,0.2,51.4
45128,Carlton Blues,Greater Western Sydney Giants,17.0,0.2,67.6
43306,Essendon Bombers,West Coast Eagles,8.0,0.0,39.8
44361,Richmond Tigers,Port Adelaide Power,11.0,0.4,64.4
44271,St Kilda Saints,Gold Coast Suns,9.4,0.2,45.4
43569,Geelong Cats,Sydney Swans,11.0,1.6,56.4
44754,North Melbourne Kangaroos,West Coast Eagles,12.8,0.2,49.8
43712,St Kilda Saints,Essendon Bombers,6.2,0.0,30.4
44780,Sydney Swans,Hawthorn Hawks,10.4,0.4,45.4
44333,Collingwood Magpies,Adelaide Crows,9.6,0.2,45.4
43958,Essendon Bombers,Richmond Tigers,19.8,0.0,75.8
44214,Melbourne Demons,St Kilda Saints,15.6,0.4,58.6
44136,Carlton Blues,West Coast Eagles,11.4,0.0,48.0
43948,Melbourne Demons,St Kilda Saints,23.0,0.6,100.4
44416,West Coast Eagles,Carlton Blues,9.2,1.4,43.6
44943,Collingwood Magpies,North Melbourne Kangaroos,18.2,0.2,68.0
45059,Gold Coast Suns,Fremantle Dockers,11.4,0.0,49.0
44506,Port Adelaide Power,Greater Western Sydney Giants,14.4,0.2,54.6
44391,Richmond Tigers,Hawthorn Hawks,8.5,0.25,37.0
45250,Brisbane Lions,Essendon Bombers,12.0,0.0,48.5
46358,Brisbane Lions,Essendon Bombers,7.0,,48.5
43270,Western Bulldogs,Geelong Cats,14.0,0.0,49.2
43698,Melbourne Demons,Gold Coast Suns,12.8,0.6,56.0
44355,Gold Coast Suns,Melbourne Demons,18.75,0.2,85.6
46215,Essendon Bombers,Adelaide Crows,2.333333333333333,,40.75
43977,Essendon Bombers,Adelaide Crows,13.2,0.6,62.0
44484,Essendon Bombers,Adelaide Crows,6.5,0.0,40.75
46196,Richmond Tigers,Collingwood Magpies,16.0,,71.0
44359,Richmond Tigers,Collingwood Magpies,16.0,0.0,71.0
45018,Port Adelaide Power,Sydney Swans,11.2,0.0,42.6
43490,Port Adelaide Power,Sydney Swans,11.2,1.0,57.8
44598,Gold Coast Suns,Greater Western Sydney Giants,13.0,0.0,73.2
45158,Carlton Blues,St Kilda Saints,13.2,1.2,56.4
44572,North Melbourne Kangaroos,Hawthorn Hawks,8.0,0.6,44.0
45124,West Coast Eagles,Greater Western Sydney Giants,7.0,0.4,33.8
43745,Richmond Tigers,Geelong Cats,4.5,0.5,48.75
46114,Essendon Bombers,Gold Coast Suns,9.4,1.2,50.2
44716,Essendon Bombers,Gold Coast Suns,14.6,0.0,49.2
44934,Essendon Bombers,Gold Coast Suns,13.0,0.2,44.0
43949,Essendon Bombers,Gold Coast Suns,9.4,1.2,50.2
44440,North Melbourne Kangaroos,Sydney Swans,17.0,0.0,70.0
44486,Melbourne Demons,Carlton Blues,11.0,0.2,58.6
43801,Carlton Blues,Melbourne Demons,12.4,0.6,58.0
44137,Essendon Bombers,Western Bulldogs,8.2,0.6,54.0
43614,Essendon Bombers,Western Bulldogs,22.4,0.4,94.8
45024,Essendon Bombers,Western Bulldogs,16.4,0.0,64.8
44644,Brisbane Lions,Geelong Cats,8.0,0.2,30.0
46248,Port Adelaide Power,Gold Coast Suns,10.0,1.0,53.0
43975,Richmond Tigers,Sydney Swans,8.8,0.2,68.0
44519,Richmond Tigers,Sydney Swans,16.4,0.2,68.6
44185,Melbourne Demons,Geelong Cats,23.0,0.2,85.2
44235,Essendon Bombers,Carlton Blues,9.8,1.2,45.4
44645,Port Adelaide Power,Gold Coast Suns,10.0,0.5,53.0
43718,Essendon Bombers,Carlton Blues,13.8,0.4,51.2
44240,Port Adelaide Power,Gold Coast Suns,16.5,0.4,63.2
44879,Port Adelaide Power,Gold Coast Suns,7.2,1.2,40.4
44479,Brisbane Lions,St Kilda Saints,9.6,0.0,34.2
45793,Fremantle Dockers,Western Bulldogs,14.4,2.0,76.2
45292,Fremantle Dockers,Western Bulldogs,6.8,1.8,60.8
44503,Western Bulldogs,Fremantle Dockers,8.8,0.2,69.2
43719,St Kilda Saints,Brisbane Lions,11.0,0.2,73.8
44072,St Kilda Saints,Brisbane Lions,5.0,0.0,42.75
46370,Fremantle Dockers,Western Bulldogs,10.25,1.8,60.8
46048,Brisbane Lions,St Kilda Saints,6.0,,28.0
43821,St Kilda Saints,Brisbane Lions,13.2,0.0,56.8
43572,Brisbane Lions,St Kilda Saints,6.0,0.0,28.0
43465,West Coast Eagles,Western Bulldogs,7.2,0.0,33.8
44857,North Melbourne Kangaroos,Adelaide Crows,26.25,0.4,89.8
45465,North Melbourne Kangaroos,Adelaide Crows,26.8,2.0,89.8
45576,North Melbourne Kangaroos,Adelaide Crows,24.4,1.75,98.8
43818,North Melbourne Kangaroos,Adelaide Crows,13.4,0.0,49.8
43796,Geelong Cats,Sydney Swans,20.0,0.2,89.2
43349,Geelong Cats,Sydney Swans,18.4,0.8,77.4
44658,Greater Western Sydney Giants,Western Bulldogs,12.5,0.0,58.8
44415,Sydney Swans,Western Bulldogs,16.0,2.2,93.0
44781,Sydney Swans,Western Bulldogs,14.6,0.8,65.6
43942,Richmond Tigers,Collingwood Magpies,10.8,0.8,73.0
43703,Fremantle Dockers,Port Adelaide Power,5.6,0.0,22.6
43630,Geelong Cats,North Melbourne Kangaroos,14.8,0.2,66.6
43775,Port Adelaide Power,Adelaide Crows,7.0,1.0,42.5
44274,Richmond Tigers,West Coast Eagles,11.2,0.4,56.2
46086,Port Adelaide Power,Adelaide Crows,11.0,2.0,42.5
43854,Brisbane Lions,St Kilda Saints,8.8,0.0,40.8
44646,Carlton Blues,Essendon Bombers,14.2,0.2,56.4
45224,Collingwood Magpies,St Kilda Saints,14.4,1.8,82.0
44836,Geelong Cats,Hawthorn Hawks,16.6,0.0,56.8
43702,Brisbane Lions,Western Bulldogs,7.8,1.0,40.0
44987,Melbourne Demons,Richmond Tigers,7.4,1.0,57.8
44130,Sydney Swans,Carlton Blues,13.4,0.6,56.4
44248,Sydney Swans,Carlton Blues,14.4,0.2,61.2
44535,Richmond Tigers,Adelaide Crows,11.8,0.2,47.2
43890,West Coast Eagles,Port Adelaide Power,8.6,0.2,64.0
46002,Fremantle Dockers,Essendon Bombers,14.0,1.0,66.33333333333333
43329,Fremantle Dockers,Essendon Bombers,9.0,0.6666666666666666,66.33333333333333
44476,Adelaide Crows,Melbourne Demons,8.75,0.8,50.6
43823,Hawthorn Hawks,Brisbane Lions,4.6,1.0,54.4
43352,Richmond Tigers,Fremantle Dockers,12.4,0.0,41.6
44864,Collingwood Magpies,Hawthorn Hawks,14.0,0.2,57.0
46228,West Coast Eagles,Essendon Bombers,5.666666666666667,1.0,48.66666666666666
44568,West Coast Eagles,Essendon Bombers,10.666666666666666,0.3333333333333333,48.66666666666666
43793,Richmond Tigers,Essendon Bombers,9.0,0.0,43.8
44122,Fremantle Dockers,Adelaide Crows,9.0,0.0,54.6
46363,Hawthorn Hawks,Port Adelaide Power,9.0,,40.0
45253,Hawthorn Hawks,Port Adelaide Power,4.0,0.0,40.0
45148,Hawthorn Hawks,Port Adelaide Power,10.0,0.4,52.8
45001,Essendon Bombers,Greater Western Sydney Giants,16.4,0.0,66.8
45107,Port Adelaide Power,Essendon Bombers,16.6,0.2,67.6
43887,Hawthorn Hawks,Gold Coast Suns,14.6,0.0,57.4
44009,Brisbane Lions,Port Adelaide Power,15.4,0.0,63.4
44647,Brisbane Lions,Port Adelaide Power,16.6,0.0,66.4
45251,Gold Coast Suns,Carlton Blues,11.0,0.0,41.0
45227,Melbourne Demons,Sydney Swans,9.666666666666666,0.0,55.66666666666666
43493,West Coast Eagles,Western Bulldogs,14.0,0.0,52.2
43363,Adelaide Crows,Carlton Blues,13.5,0.5,60.0
46009,Adelaide Crows,Carlton Blues,13.5,1.0,60.0
44746,Collingwood Magpies,Hawthorn Hawks,12.0,0.0,57.2
45089,Adelaide Crows,Western Bulldogs,23.0,0.4,103.8
43974,Brisbane Lions,Geelong Cats,7.2,0.4,32.2
43696,Gold Coast Suns,Sydney Swans,13.0,0.8,58.0
44113,Richmond Tigers,St Kilda Saints,18.0,0.0,65.6
44908,Carlton Blues,Melbourne Demons,12.0,0.0,43.0
44024,Hawthorn Hawks,Geelong Cats,11.5,0.0,50.5
45017,Hawthorn Hawks,Geelong Cats,10.25,0.8,48.0
45041,Carlton Blues,Western Bulldogs,8.0,0.6,39.0
44931,Carlton Blues,Western Bulldogs,14.5,0.0,58.8
44516,St Kilda Saints,Sydney Swans,24.4,0.4,98.4
44994,Fremantle Dockers,Hawthorn Hawks,18.4,0.0,72.8
44570,Greater Western Sydney Giants,Richmond Tigers,13.2,0.2,54.4
43838,Sydney Swans,Hawthorn Hawks,10.2,0.2,46.6
45228,Carlton Blues,Geelong Cats,13.2,0.0,54.4
45226,Port Adelaide Power,St Kilda Saints,14.6,0.4,60.6
44140,Brisbane Lions,West Coast Eagles,14.2,0.6,55.2
46360,North Melbourne Kangaroos,Collingwood Magpies,14.0,1.0,65.0
45244,North Melbourne Kangaroos,Collingwood Magpies,14.0,1.0,65.0
43926,Gold Coast Suns,Fremantle Dockers,14.0,0.4,54.0
44962,Western Bulldogs,Brisbane Lions,11.4,1.2,57.2
44515,Port Adelaide Power,Adelaide Crows,12.4,1.4,62.4
44198,West Coast Eagles,St Kilda Saints,12.2,1.0,57.2
43662,Gold Coast Suns,Brisbane Lions,10.6,0.4,75.6
44099,Essendon Bombers,Adelaide Crows,14.5,0.2,56.4
44050,West Coast Eagles,Greater Western Sydney Giants,11.4,1.2,54.6
43580,Western Bulldogs,Port Adelaide Power,11.6,0.8,65.0
43393,Essendon Bombers,Gold Coast Suns,20.6,0.2,78.8
44601,North Melbourne Kangaroos,St Kilda Saints,9.2,0.0,37.8
46233,North Melbourne Kangaroos,St Kilda Saints,9.2,,37.8
45767,Western Bulldogs,Hawthorn Hawks,16.8,1.0,67.4
44699,Western Bulldogs,Hawthorn Hawks,16.2,1.8,73.6
43428,Western Bulldogs,Hawthorn Hawks,22.2,0.0,77.2
45046,North Melbourne Kangaroos,Brisbane Lions,21.0,0.4,85.8
43986,North Melbourne Kangaroos,Brisbane Lions,11.8,0.8,58.4
43964,Gold Coast Suns,Port Adelaide Power,21.4,0.4,74.8
43409,Carlton Blues,Sydney Swans,17.25,0.6,69.6
43301,Carlton Blues,Sydney Swans,10.0,0.8,50.2
43357,Brisbane Lions,North Melbourne Kangaroos,11.0,0.2,42.2
44229,Collingwood Magpies,Melbourne Demons,,,
44956,Carlton Blues,Sydney Swans,7.2,0.0,37.8
43582,Brisbane Lions,North Melbourne Kangaroos,8.4,0.4,45.6
46169,Collingwood Magpies,Melbourne Demons,,,
45102,Sydney Swans,Carlton Blues,11.8,0.8,78.0
44065,Essendon Bombers,Fremantle Dockers,18.75,0.6,68.6
43941,Fremantle Dockers,Essendon Bombers,9.4,0.4,76.0
45037,Fremantle Dockers,Essendon Bombers,12.2,0.2,61.0
44786,St Kilda Saints,Richmond Tigers,13.8,1.6,77.4
46249,West Coast Eagles,Port Adelaide Power,12.0,1.0,45.6
44206,Essendon Bombers,Sydney Swans,18.6,0.0,76.4
44656,West Coast Eagles,Port Adelaide Power,12.0,0.6,45.6
45191,Essendon Bombers,Sydney Swans,20.0,0.2,66.2
44339,West Coast Eagles,Greater Western Sydney Giants,12.8,0.0,54.8
44508,West Coast Eagles,Greater Western Sydney Giants,26.0,0.0,87.4
45211,West Coast Eagles,Greater Western Sydney Giants,13.0,0.0,39.0
44684,West Coast Eagles,Greater Western Sydney Giants,11.0,0.8,76.6
44733,West Coast Eagles,Greater Western Sydney Giants,18.2,0.6,99.8
44303,Geelong Cats,Adelaide Crows,15.4,0.0,61.4
44340,Geelong Cats,Adelaide Crows,19.4,0.2,77.0
44161,Greater Western Sydney Giants,Richmond Tigers,7.2,1.6,60.6
43371,Brisbane Lions,St Kilda Saints,15.4,0.6,62.4
44384,Melbourne Demons,Geelong Cats,18.0,1.0,78.0
45012,St Kilda Saints,North Melbourne Kangaroos,20.8,0.0,72.8
43385,Brisbane Lions,Richmond Tigers,14.4,0.8,61.0
44759,Western Bulldogs,Sydney Swans,5.4,1.0,55.6
44789,Hawthorn Hawks,Melbourne Demons,12.0,0.6,46.8
43481,Melbourne Demons,Hawthorn Hawks,12.0,1.4,61.8
44480,Essendon Bombers,Melbourne Demons,16.4,0.4,66.2
43348,Port Adelaide Power,West Coast Eagles,13.4,0.0,48.2
46005,Port Adelaide Power,West Coast Eagles,13.4,,48.2
43398,Collingwood Magpies,Brisbane Lions,13.0,1.4,60.4
44818,Gold Coast Suns,Port Adelaide Power,22.4,0.0,76.4
44511,Greater Western Sydney Giants,Essendon Bombers,8.2,0.0,34.0
43638,Geelong Cats,Carlton Blues,12.2,1.0,61.6
43476,Greater Western Sydney Giants,Essendon Bombers,12.4,1.0,53.6
44668,Fremantle Dockers,North Melbourne Kangaroos,9.6,0.2,59.8
43397,Geelong Cats,North Melbourne Kangaroos,15.2,0.6,70.6
45198,Western Bulldogs,Port Adelaide Power,10.8,0.2,44.6
43886,Adelaide Crows,Hawthorn Hawks,22.2,0.4,87.0
44222,Carlton Blues,Fremantle Dockers,9.0,0.6666666666666666,44.333333333333336
46167,Carlton Blues,Fremantle Dockers,9.0,1.0,44.333333333333336
43937,Geelong Cats,Richmond Tigers,8.8,0.4,48.2
43935,Essendon Bombers,West Coast Eagles,10.4,1.2,49.6
44006,North Melbourne Kangaroos,Western Bulldogs,15.4,0.2,59.2
44432,West Coast Eagles,Adelaide Crows,10.5,0.0,47.2
44258,Hawthorn Hawks,Greater Western Sydney Giants,12.4,0.0,46.4
45108,Sydney Swans,Geelong Cats,12.6,0.6,50.6
43976,Adelaide Crows,Richmond Tigers,12.2,0.4,53.4
45284,St Kilda Saints,Port Adelaide Power,9.0,0.8,41.4
43297,Fremantle Dockers,Melbourne Demons,11.0,0.8,65.4
44133,North Melbourne Kangaroos,Gold Coast Suns,20.2,0.6,77.0
43497,Geelong Cats,Adelaide Crows,8.0,0.6,42.0
43389,Western Bulldogs,Melbourne Demons,13.2,0.2,56.0
44306,Essendon Bombers,Gold Coast Suns,12.5,0.0,52.0
46221,North Melbourne Kangaroos,Collingwood Magpies,18.0,,79.0
44369,Sydney Swans,Gold Coast Suns,8.8,0.0,47.4
44527,North Melbourne Kangaroos,Collingwood Magpies,18.0,0.0,79.0
44904,Carlton Blues,Hawthorn Hawks,14.2,0.2,53.6
45082,Port Adelaide Power,Greater Western Sydney Giants,12.5,0.6,64.4
45114,Port Adelaide Power,Greater Western Sydney Giants,17.0,0.0,66.8
43429,Western Bulldogs,West Coast Eagles,10.6,0.2,60.6
43347,Brisbane Lions,Geelong Cats,13.6,0.6,54.4
44075,Western Bulldogs,Port Adelaide Power,13.0,0.2,64.0
44635,Hawthorn Hawks,Fremantle Dockers,15.2,0.2,55.0
43655,Geelong Cats,Richmond Tigers,18.8,0.2,73.8
45221,Hawthorn Hawks,Essendon Bombers,13.5,0.4,65.4
44638,Carlton Blues,Greater Western Sydney Giants,11.4,0.0,47.4
45149,Melbourne Demons,Gold Coast Suns,10.0,0.0,45.6
44990,Gold Coast Suns,Melbourne Demons,10.5,0.0,51.4
44302,Gold Coast Suns,Melbourne Demons,15.8,0.2,60.4
46104,St Kilda Saints,Essendon Bombers,19.0,,57.0
43852,St Kilda Saints,Essendon Bombers,19.0,0.0,57.0
46227,Collingwood Magpies,Brisbane Lions,20.6,,69.4
44565,Collingwood Magpies,Brisbane Lions,21.0,0.0,69.4
44973,Sydney Swans,Melbourne Demons,11.2,0.0,58.2
43922,Carlton Blues,Fremantle Dockers,16.4,0.0,58.4
44152,Sydney Swans,Melbourne Demons,13.8,0.0,63.0
44701,Carlton Blues,Fremantle Dockers,8.6,0.2,40.0
44671,Melbourne Demons,Sydney Swans,13.0,1.2,61.4
43710,Essendon Bombers,Richmond Tigers,13.75,0.0,57.6
43548,Adelaide Crows,North Melbourne Kangaroos,17.0,0.0,66.0
44277,Essendon Bombers,Port Adelaide Power,12.4,0.2,75.8
44582,Port Adelaide Power,Essendon Bombers,9.5,0.0,43.6
43903,Essendon Bombers,Port Adelaide Power,17.5,0.0,54.2
44220,Carlton Blues,Adelaide Crows,21.8,0.2,85.2
44548,Carlton Blues,Adelaide Crows,13.4,0.2,56.2
43501,Carlton Blues,Adelaide Crows,16.2,0.0,62.2
45283,Carlton Blues,Adelaide Crows,13.6,1.4,67.0
46061,Gold Coast Suns,Geelong Cats,9.5,1.0,43.6
44252,Carlton Blues,Adelaide Crows,12.0,0.2,65.0
44223,Fremantle Dockers,Collingwood Magpies,14.2,0.4,64.6
44159,Fremantle Dockers,Collingwood Magpies,12.8,0.6,57.8
44275,Gold Coast Suns,Geelong Cats,7.8,0.2,37.2
46190,Western Bulldogs,Richmond Tigers,8.6,,29.4
44492,Hawthorn Hawks,Sydney Swans,18.6,0.4,71.6
43939,Fremantle Dockers,Collingwood Magpies,9.0,0.6,35.4
44643,Collingwood Magpies,Fremantle Dockers,11.0,0.6,49.6
44326,Western Bulldogs,Richmond Tigers,8.6,0.0,29.4
43344,Gold Coast Suns,Geelong Cats,22.8,0.6,90.0
43644,Gold Coast Suns,Geelong Cats,9.0,0.4,43.6
43316,St Kilda Saints,North Melbourne Kangaroos,14.4,0.0,76.2
46270,St Kilda Saints,North Melbourne Kangaroos,11.8,,42.4
44774,St Kilda Saints,North Melbourne Kangaroos,11.8,0.0,42.4
43889,St Kilda Saints,North Melbourne Kangaroos,11.2,0.0,40.6
45157,North Melbourne Kangaroos,St Kilda Saints,16.8,2.8,92.4
44806,Sydney Swans,Greater Western Sydney Giants,11.6,0.2,46.4
44873,Hawthorn Hawks,Melbourne Demons,9.2,0.8,45.6
43940,Greater Western Sydney Giants,Collingwood Magpies,9.6,0.6,55.6
43944,Richmond Tigers,Collingwood Magpies,21.6,0.0,80.2
44266,West Coast Eagles,Collingwood Magpies,15.4,1.0,69.4
43907,Collingwood Magpies,West Coast Eagles,9.2,0.0,42.0
44748,Richmond Tigers,Carlton Blues,15.6,0.0,57.0
43951,Sydney Swans,Western Bulldogs,12.75,0.2,57.8
44703,St Kilda Saints,Gold Coast Suns,10.0,0.25,49.75
45209,Richmond Tigers,Collingwood Magpies,13.6,0.6,63.8
43870,Carlton Blues,Port Adelaide Power,12.6,0.0,51.2
45196,Port Adelaide Power,Carlton Blues,15.6,0.2,60.0
44234,Melbourne Demons,Essendon Bombers,13.0,0.0,54.4
43351,Brisbane Lions,Port Adelaide Power,13.2,0.4,55.6
44293,Carlton Blues,Gold Coast Suns,9.4,0.2,82.2
44505,Hawthorn Hawks,Geelong Cats,16.4,0.0,68.6
44304,St Kilda Saints,Adelaide Crows,1.4,0.0,45.0
44205,Melbourne Demons,Gold Coast Suns,,0.0,30.0
44153,Port Adelaide Power,Adelaide Crows,7.5,1.2,37.8
46165,Melbourne Demons,Gold Coast Suns,6.0,,30.0
45286,North Melbourne Kangaroos,Geelong Cats,20.4,0.0,67.6
45145,West Coast Eagles,Melbourne Demons,10.8,0.4,50.2
44803,Western Bulldogs,Geelong Cats,9.0,0.0,33.4
44255,Collingwood Magpies,St Kilda Saints,19.0,0.0,64.0
44345,Carlton Blues,Greater Western Sydney Giants,7.8,0.0,30.6
43313,Port Adelaide Power,Gold Coast Suns,12.333333333333334,0.0,44.66666666666666
45212,Collingwood Magpies,Sydney Swans,11.0,0.6,50.2
44872,Gold Coast Suns,Greater Western Sydney Giants,13.6,0.4,54.8
43358,Collingwood Magpies,Fremantle Dockers,25.2,0.4,88.0
45299,St Kilda Saints,Port Adelaide Power,6.5,1.0,36.5
43809,Carlton Blues,Essendon Bombers,7.8,0.6,34.0
46372,St Kilda Saints,Port Adelaide Power,6.5,2.0,36.5
44970,West Coast Eagles,Sydney Swans,13.2,0.2,54.4
43872,Melbourne Demons,Collingwood Magpies,9.8,1.6,55.6
45222,St Kilda Saints,Gold Coast Suns,12.4,0.0,50.6
43282,Brisbane Lions,St Kilda Saints,13.4,0.2,50.2
43302,St Kilda Saints,Brisbane Lions,17.4,0.0,72.6
43862,Adelaide Crows,Port Adelaide Power,9.0,0.4,64.0
44867,Gold Coast Suns,Adelaide Crows,9.2,0.4,49.6
46343,West Coast Eagles,North Melbourne Kangaroos,14.0,,72.0
46106,Port Adelaide Power,Greater Western Sydney Giants,11.333333333333334,,46.333333333333336
45260,Adelaide Crows,Carlton Blues,12.0,0.0,51.0
45190,West Coast Eagles,North Melbourne Kangaroos,14.0,0.0,72.0
44977,Melbourne Demons,St Kilda Saints,10.8,1.0,59.2
43873,Port Adelaide Power,Greater Western Sydney Giants,11.333333333333334,0.0,46.333333333333336
43791,Gold Coast Suns,Essendon Bombers,17.5,0.0,60.8
44074,Gold Coast Suns,Essendon Bombers,7.4,0.0,36.4
44655,Geelong Cats,Sydney Swans,7.2,0.4,52.0
44532,Western Bulldogs,Fremantle Dockers,8.5,0.0,30.6
44259,St Kilda Saints,Adelaide Crows,12.0,1.0,67.0
46175,St Kilda Saints,Adelaide Crows,13.0,1.0,67.0
44893,Geelong Cats,Fremantle Dockers,19.4,0.4,73.2
44819,Sydney Swans,Greater Western Sydney Giants,13.8,0.4,58.2
46287,Carlton Blues,West Coast Eagles,,,
44881,Carlton Blues,West Coast Eagles,,,
43904,Carlton Blues,West Coast Eagles,6.0,0.2,22.8
43320,Essendon Bombers,Western Bulldogs,10.8,1.2,50.0
44457,Essendon Bombers,Western Bulldogs,11.2,0.0,40.0
44569,Essendon Bombers,Western Bulldogs,16.2,0.2,54.0
44035,Gold Coast Suns,Brisbane Lions,11.2,0.0,44.8
44491,Gold Coast Suns,Brisbane Lions,21.0,0.4,92.8
46038,Fremantle Dockers,St Kilda Saints,9.0,,47.0
44640,Adelaide Crows,West Coast Eagles,16.25,0.0,75.2
43533,Fremantle Dockers,St Kilda Saints,9.0,0.0,47.0
46082,Melbourne Demons,Sydney Swans,10.25,1.5,55.75
43757,Melbourne Demons,Sydney Swans,10.25,0.75,55.75
44856,Fremantle Dockers,Essendon Bombers,11.4,0.0,68.6
43330,Fremantle Dockers,Essendon Bombers,10.4,1.4,51.2
43563,Essendon Bombers,Fremantle Dockers,5.0,0.0,64.0
44082,Gold Coast Suns,Hawthorn Hawks,11.4,0.2,46.6
44938,Greater Western Sydney Giants,Western Bulldogs,8.6,0.2,70.4
44825,Hawthorn Hawks,Gold Coast Suns,11.8,1.4,60.4
44167,Essendon Bombers,Collingwood Magpies,,,
46157,Essendon Bombers,Collingwood Magpies,,,
44793,Gold Coast Suns,Greater Western Sydney Giants,11.0,0.4,50.8
45985,St Kilda Saints,Sydney Swans,8.4,,35.4
44098,North Melbourne Kangaroos,Melbourne Demons,16.0,0.2,63.2
43999,Melbourne Demons,North Melbourne Kangaroos,17.0,0.0,69.8
44279,Melbourne Demons,North Melbourne Kangaroos,13.8,1.0,63.2
45088,North Melbourne Kangaroos,Melbourne Demons,15.2,0.0,56.8
45031,Melbourne Demons,North Melbourne Kangaroos,17.0,0.2,69.6
43715,Carlton Blues,Geelong Cats,11.8,0.6,51.6
46074,Carlton Blues,Geelong Cats,11.8,1.0,51.6
43699,Gold Coast Suns,Greater Western Sydney Giants,17.4,0.0,72.8
45079,Carlton Blues,Geelong Cats,21.8,0.0,86.6
44475,Sydney Swans,St Kilda Saints,11.0,1.2,54.4
44463,Sydney Swans,St Kilda Saints,19.4,0.0,65.4
45638,Melbourne Demons,North Melbourne Kangaroos,17.0,,69.8
44554,Gold Coast Suns,Greater Western Sydney Giants,13.0,0.2,53.6
44132,Sydney Swans,St Kilda Saints,8.8,0.2,42.2
44832,St Kilda Saints,Sydney Swans,9.2,0.0,37.4
43467,St Kilda Saints,Sydney Swans,9.5,0.0,35.4
45294,Gold Coast Suns,Greater Western Sydney Giants,12.2,0.4,49.6
44187,Fremantle Dockers,Port Adelaide Power,2.2,0.4,51.8
43446,Port Adelaide Power,Fremantle Dockers,14.4,0.0,76.6
43633,Brisbane Lions,Richmond Tigers,10.2,0.4,36.8
44607,Fremantle Dockers,Port Adelaide Power,10.5,0.0,50.0
43735,Adelaide Crows,Western Bulldogs,14.8,0.4,61.0
43713,Greater Western Sydney Giants,Western Bulldogs,18.75,0.2,71.4
44377,West Coast Eagles,Geelong Cats,20.0,0.0,76.6
43551,Brisbane Lions,Greater Western Sydney Giants,13.2,1.4,73.2
44066,Brisbane Lions,Greater Western Sydney Giants,18.0,0.0,72.8
44802,Brisbane Lions,Greater Western Sydney Giants,16.0,0.2,66.8
44243,Carlton Blues,Richmond Tigers,13.2,0.2,83.6
44193,Gold Coast Suns,Port Adelaide Power,15.8,0.0,58.4
44392,Fremantle Dockers,Essendon Bombers,10.0,1.0,51.2
44799,St Kilda Saints,North Melbourne Kangaroos,14.8,0.2,58.0
44260,Carlton Blues,Melbourne Demons,7.5,0.8,47.4
46258,Carlton Blues,St Kilda Saints,5.0,,20.0
44698,Carlton Blues,St Kilda Saints,5.0,0.0,20.0
44915,Greater Western Sydney Giants,Hawthorn Hawks,8.6,0.4,56.4
44179,Hawthorn Hawks,Greater Western Sydney Giants,,,
46160,Hawthorn Hawks,Greater Western Sydney Giants,,,
45022,Sydney Swans,Gold Coast Suns,7.4,0.2,28.0
44027,Hawthorn Hawks,Melbourne Demons,14.0,0.0,52.8
44720,Western Bulldogs,Gold Coast Suns,,,
46260,Western Bulldogs,Gold Coast Suns,,,
43453,Hawthorn Hawks,Sydney Swans,15.8,0.0,80.8
44865,Collingwood Magpies,West Coast Eagles,12.2,0.0,44.8
45113,Western Bulldogs,Richmond Tigers,11.8,0.0,51.6
43917,Western Bulldogs,Richmond Tigers,7.4,0.6,32.6
44520,Carlton Blues,Hawthorn Hawks,7.6,0.4,36.0
44233,Adelaide Crows,North Melbourne Kangaroos,15.2,0.6,69.4
43928,Sydney Swans,St Kilda Saints,9.8,0.0,39.0
43981,Gold Coast Suns,Greater Western Sydney Giants,10.6,0.0,43.0
44378,Fremantle Dockers,Collingwood Magpies,7.6,0.6,39.2
43373,Melbourne Demons,Adelaide Crows,12.2,0.6,43.2
46317,Sydney Swans,Collingwood Magpies,8.333333333333334,1.0,29.33333333333333
45063,Sydney Swans,Collingwood Magpies,8.333333333333334,0.3333333333333333,29.33333333333333
43515,West Coast Eagles,Carlton Blues,5.8,0.4,27.0
44707,North Melbourne Kangaroos,Melbourne Demons,8.0,0.6,55.8
44341,North Melbourne Kangaroos,Melbourne Demons,13.0,0.2,50.8
43454,Collingwood Magpies,Adelaide Crows,12.4,1.0,54.4
46144,Greater Western Sydney Giants,Sydney Swans,,,
44117,Greater Western Sydney Giants,Sydney Swans,,,
44761,Collingwood Magpies,Melbourne Demons,7.4,1.4,39.0
45254,Collingwood Magpies,Melbourne Demons,15.2,0.0,51.8
43758,Collingwood Magpies,Melbourne Demons,6.8,0.2,49.6
43771,Brisbane Lions,North Melbourne Kangaroos,1.0,0.2,23.4
45163,North Melbourne Kangaroos,Brisbane Lions,10.0,0.8,48.6
46202,Adelaide Crows,Western Bulldogs,2.8,,29.2
43367,Essendon Bombers,St Kilda Saints,12.75,1.0,51.6
44567,Essendon Bombers,St Kilda Saints,12.0,0.25,45.0
44390,Adelaide Crows,Western Bulldogs,8.25,0.0,29.2
43837,Sydney Swans,Fremantle Dockers,10.0,1.0,46.0
43369,Essendon Bombers,Richmond Tigers,6.4,0.2,48.4
44295,Melbourne Demons,Western Bulldogs,9.0,0.0,40.2
46102,Sydney Swans,Fremantle Dockers,10.0,1.0,46.0
43643,Adelaide Crows,Geelong Cats,9.0,0.6,51.4
43298,Collingwood Magpies,North Melbourne Kangaroos,10.6,0.0,40.4
44662,Hawthorn Hawks,Essendon Bombers,5.25,0.6,26.6
44762,West Coast Eagles,Richmond Tigers,8.0,0.5,33.5
46268,West Coast Eagles,Richmond Tigers,8.0,1.0,33.5
43724,Western Bulldogs,Geelong Cats,9.8,1.8,54.6
45214,Port Adelaide Power,Sydney Swans,3.2,0.4,44.4
43704,North Melbourne Kangaroos,Gold Coast Suns,11.2,0.8,65.2
43272,North Melbourne Kangaroos,Gold Coast Suns,10.0,0.2,36.6
44713,Adelaide Crows,Hawthorn Hawks,11.2,0.4,50.2
43899,Hawthorn Hawks,Adelaide Crows,12.2,0.2,55.2
44502,Hawthorn Hawks,Adelaide Crows,10.4,0.2,43.0
45156,Melbourne Demons,Sydney Swans,15.6,0.0,56.2
44085,North Melbourne Kangaroos,Port Adelaide Power,9.0,0.75,38.5
46138,North Melbourne Kangaroos,Port Adelaide Power,9.0,1.5,38.5
45246,North Melbourne Kangaroos,Port Adelaide Power,12.8,0.0,47.6
45045,Port Adelaide Power,North Melbourne Kangaroos,5.0,0.8,44.8
44886,Hawthorn Hawks,St Kilda Saints,14.0,0.4,48.4
44694,St Kilda Saints,Hawthorn Hawks,8.2,0.8,56.4
44291,Western Bulldogs,West Coast Eagles,3.6,1.2,45.8
46222,Essendon Bombers,Geelong Cats,8.666666666666666,2.0,43.0
44539,Essendon Bombers,Geelong Cats,8.666666666666666,0.6666666666666666,43.0
44147,West Coast Eagles,Western Bulldogs,14.2,0.2,58.6
43261,St Kilda Saints,Hawthorn Hawks,10.8,0.8,82.6
44134,Greater Western Sydney Giants,Adelaide Crows,6.6,0.2,52.8
46024,West Coast Eagles,St Kilda Saints,,,
43440,West Coast Eagles,St Kilda Saints,,,
46149,Geelong Cats,Richmond Tigers,,,
44141,Geelong Cats,Richmond Tigers,,,
46132,Essendon Bombers,Port Adelaide Power,10.8,,43.6
44040,Essendon Bombers,Port Adelaide Power,10.8,0.0,43.6
45038,Western Bulldogs,Hawthorn Hawks,10.0,0.4,38.6
43884,Adelaide Crows,Carlton Blues,14.8,0.0,54.8
44958,Brisbane Lions,Sydney Swans,6.0,0.0,30.4
43462,Collingwood Magpies,Gold Coast Suns,12.8,0.4,50.2
44875,West Coast Eagles,North Melbourne Kangaroos,5.8,0.0,24.2
44561,North Melbourne Kangaroos,West Coast Eagles,8.8,1.0,39.6
45147,North Melbourne Kangaroos,West Coast Eagles,10.8,0.0,44.0
44905,Greater Western Sydney Giants,St Kilda Saints,10.4,0.2,51.0
45055,Adelaide Crows,Richmond Tigers,7.0,0.0,26.8
44718,Carlton Blues,Brisbane Lions,7.8,0.2,26.4
44941,Carlton Blues,Brisbane Lions,11.6,0.0,64.8
44051,Fremantle Dockers,Western Bulldogs,11.0,0.0,45.0
45028,Hawthorn Hawks,Gold Coast Suns,8.4,0.0,31.4
44738,Hawthorn Hawks,Gold Coast Suns,8.6,0.2,35.2
45098,Sydney Swans,Geelong Cats,13.2,0.0,49.6
45013,Geelong Cats,Sydney Swans,19.0,0.0,80.0
45144,Collingwood Magpies,Port Adelaide Power,11.4,0.0,47.0
44368,St Kilda Saints,Richmond Tigers,7.666666666666667,0.4,38.8
44862,St Kilda Saints,Richmond Tigers,17.0,0.0,70.8
43772,Port Adelaide Power,Richmond Tigers,14.4,1.2,65.2
43789,Brisbane Lions,Geelong Cats,11.25,0.4,44.8
45065,Geelong Cats,Richmond Tigers,7.8,0.0,31.2
43262,Geelong Cats,Richmond Tigers,13.8,0.6,52.0
44144,Geelong Cats,Adelaide Crows,11.4,1.8,69.2
44284,Sydney Swans,Adelaide Crows,8.666666666666666,0.0,29.0
44809,Port Adelaide Power,Essendon Bombers,22.8,0.4,83.8
43333,Brisbane Lions,Collingwood Magpies,4.5,0.5,26.0
43785,Richmond Tigers,Sydney Swans,13.4,0.0,49.0
43934,Collingwood Magpies,West Coast Eagles,11.0,0.2,41.4
43538,Western Bulldogs,Gold Coast Suns,8.333333333333334,1.3333333333333333,44.66666666666666
44189,Western Bulldogs,Greater Western Sydney Giants,13.5,0.6,53.4
45131,North Melbourne Kangaroos,Fremantle Dockers,18.0,0.2,67.0
43527,St Kilda Saints,Port Adelaide Power,9.8,0.0,47.8
44004,Hawthorn Hawks,North Melbourne Kangaroos,16.4,0.2,61.8
43849,St Kilda Saints,Western Bulldogs,5.4,0.0,36.4
44148,Melbourne Demons,Adelaide Crows,3.0,0.0,30.0
44445,St Kilda Saints,Western Bulldogs,7.4,0.2,33.6
44473,North Melbourne Kangaroos,St Kilda Saints,9.6,0.0,58.8
44944,Sydney Swans,Carlton Blues,10.25,0.2,59.0
43882,Carlton Blues,Sydney Swans,11.8,0.4,55.0
43879,St Kilda Saints,Sydney Swans,12.0,0.6,50.6
46240,Adelaide Crows,Collingwood Magpies,,,24.5
44618,Adelaide Crows,Collingwood Magpies,4.0,0.0,24.5
44930,Collingwood Magpies,Adelaide Crows,14.6,0.2,54.6
43284,Essendon Bombers,Richmond Tigers,12.0,0.0,55.2
43605,Fremantle Dockers,Gold Coast Suns,11.0,0.0,43.8
43752,Fremantle Dockers,Gold Coast Suns,13.8,0.0,53.6
44310,St Kilda Saints,Adelaide Crows,7.0,0.0,30.2
43874,North Melbourne Kangaroos,Greater Western Sydney Giants,13.6,1.6,65.4
44002,Port Adelaide Power,Gold Coast Suns,15.2,0.2,56.2
43506,Essendon Bombers,Hawthorn Hawks,6.8,0.4,26.2
44186,Melbourne Demons,Essendon Bombers,12.6,0.2,49.0
43437,Sydney Swans,Port Adelaide Power,11.6,0.0,46.6
44089,Richmond Tigers,Gold Coast Suns,22.6,0.0,93.2
43546,West Coast Eagles,North Melbourne Kangaroos,11.0,1.0,45.2
45313,West Coast Eagles,North Melbourne Kangaroos,13.75,2.5,45.2
46324,Collingwood Magpies,Port Adelaide Power,,,
45104,Collingwood Magpies,Port Adelaide Power,,,
43629,Hawthorn Hawks,Adelaide Crows,21.8,0.4,82.2
45304,Essendon Bombers,Greater Western Sydney Giants,13.4,0.2,53.6
44077,Essendon Bombers,Greater Western Sydney Giants,10.0,0.6,41.6
43929,Hawthorn Hawks,Brisbane Lions,14.0,0.2,54.8
45274,Port Adelaide Power,Greater Western Sydney Giants,11.0,0.6,48.6
43504,Richmond Tigers,Fremantle Dockers,11.0,0.2,44.2
44920,Greater Western Sydney Giants,Geelong Cats,4.0,0.0,18.8
43484,Greater Western Sydney Giants,Geelong Cats,9.2,0.0,38.6
46057,St Kilda Saints,Sydney Swans,12.4,1.0,42.6
43607,St Kilda Saints,Sydney Swans,12.4,0.2,42.6
43875,Richmond Tigers,Greater Western Sydney Giants,5.4,0.0,41.8
46079,Hawthorn Hawks,Western Bulldogs,,,0.0
43737,Hawthorn Hawks,Western Bulldogs,0.0,0.0,0.0
44558,Carlton Blues,Port Adelaide Power,6.4,0.2,24.0
45109,Gold Coast Suns,Essendon Bombers,6.25,0.8,36.8
43399,Fremantle Dockers,West Coast Eagles,7.75,0.0,31.2
45141,Melbourne Demons,Adelaide Crows,11.0,0.0,43.4
44914,West Coast Eagles,Fremantle Dockers,18.4,0.0,70.8
43309,Richmond Tigers,Hawthorn Hawks,14.4,0.0,60.4
45143,West Coast Eagles,Brisbane Lions,4.6,0.4,35.2
44118,West Coast Eagles,Brisbane Lions,7.4,0.0,34.2
44376,Richmond Tigers,Hawthorn Hawks,6.0,0.0,13.0
43988,Gold Coast Suns,Sydney Swans,12.4,0.0,52.2
43985,Hawthorn Hawks,Richmond Tigers,8.8,0.2,32.2
46199,Richmond Tigers,Hawthorn Hawks,12.0,,13.0
44978,Gold Coast Suns,Sydney Swans,9.2,0.4,53.4
43383,Carlton Blues,Greater Western Sydney Giants,7.2,0.6,31.4
43488,Hawthorn Hawks,Richmond Tigers,12.4,0.2,58.2
44888,Adelaide Crows,North Melbourne Kangaroos,28.2,0.2,97.8
43314,North Melbourne Kangaroos,Adelaide Crows,12.0,0.0,48.8
46047,St Kilda Saints,Fremantle Dockers,9.666666666666666,,27.5
44750,Collingwood Magpies,Essendon Bombers,5.25,0.0,17.5
46143,St Kilda Saints,Fremantle Dockers,6.8,1.0,47.2
44385,Collingwood Magpies,Essendon Bombers,25.0,0.0,93.0
44337,Adelaide Crows,North Melbourne Kangaroos,11.0,0.4,45.0
46264,Collingwood Magpies,Essendon Bombers,7.0,,17.5
44330,Adelaide Crows,North Melbourne Kangaroos,17.2,1.0,83.2
45081,Collingwood Magpies,Essendon Bombers,12.4,1.0,51.0
46349,Fremantle Dockers,St Kilda Saints,6.0,,22.666666666666668
44108,St Kilda Saints,Fremantle Dockers,7.0,0.4,47.2
43571,St Kilda Saints,Fremantle Dockers,7.25,0.0,27.5
43386,Fremantle Dockers,St Kilda Saints,12.2,0.4,50.6
45195,Fremantle Dockers,St Kilda Saints,10.0,0.0,41.6
45215,Fremantle Dockers,St Kilda Saints,6.0,0.0,22.666666666666668
43555,Essendon Bombers,Collingwood Magpies,14.0,0.6,55.0
44764,Greater Western Sydney Giants,Sydney Swans,7.2,0.4,31.4
43900,Essendon Bombers,Western Bulldogs,8.4,0.0,38.4
44552,Greater Western Sydney Giants,Geelong Cats,9.0,0.6,75.8
43392,Brisbane Lions,Western Bulldogs,17.6,0.2,68.0
44028,Geelong Cats,Melbourne Demons,16.2,0.0,71.6
45277,Western Bulldogs,Melbourne Demons,12.8,0.0,49.8
45238,Carlton Blues,Richmond Tigers,12.0,0.4,56.4
44459,Adelaide Crows,Fremantle Dockers,18.6,0.0,68.6
43722,West Coast Eagles,North Melbourne Kangaroos,10.0,0.0,38.2
46016,West Coast Eagles,North Melbourne Kangaroos,,,
43274,West Coast Eagles,North Melbourne Kangaroos,5.25,0.4,20.0
43396,West Coast Eagles,North Melbourne Kangaroos,,,
43898,West Coast Eagles,North Melbourne Kangaroos,10.25,0.2,42.8
44948,Port Adelaide Power,Adelaide Crows,9.0,0.75,45.0
44715,North Melbourne Kangaroos,Brisbane Lions,12.0,0.0,55.2
43491,Western Bulldogs,Richmond Tigers,13.333333333333334,0.0,49.0
44826,Collingwood Magpies,Brisbane Lions,13.0,0.0,55.0
44653,Carlton Blues,Fremantle Dockers,7.2,0.0,26.6
44652,Richmond Tigers,Melbourne Demons,12.75,0.8,61.0
46313,West Coast Eagles,Richmond Tigers,11.0,,58.0
43597,Richmond Tigers,West Coast Eagles,11.8,0.2,40.4
45035,West Coast Eagles,Richmond Tigers,11.0,0.0,58.0
44996,Richmond Tigers,Collingwood Magpies,17.2,0.4,69.2
46224,West Coast Eagles,Brisbane Lions,15.2,1.0,64.2
46100,West Coast Eagles,Brisbane Lions,,,
43830,West Coast Eagles,Brisbane Lions,,,
44546,West Coast Eagles,Brisbane Lions,15.2,0.6,64.2
44311,Essendon Bombers,Hawthorn Hawks,,,
46185,Essendon Bombers,Hawthorn Hawks,,,
44347,Collingwood Magpies,Western Bulldogs,7.4,0.2,31.6
43365,Collingwood Magpies,Western Bulldogs,14.0,0.0,59.0
46012,Collingwood Magpies,Western Bulldogs,13.0,,59.0
44606,Richmond Tigers,Hawthorn Hawks,,,
43370,Sydney Swans,Carlton Blues,7.2,0.8,39.2
45086,Gold Coast Suns,Western Bulldogs,6.6,0.0,33.6
43464,Adelaide Crows,Geelong Cats,13.75,0.0,50.4
46339,Essendon Bombers,Port Adelaide Power,2.0,1.0,15.75
44964,Essendon Bombers,Port Adelaide Power,9.8,0.2,42.0
45174,Essendon Bombers,Port Adelaide Power,1.5,0.25,15.75
45164,Western Bulldogs,Geelong Cats,7.8,1.0,41.6
44571,West Coast Eagles,Adelaide Crows,14.4,0.0,52.8
45264,West Coast Eagles,Adelaide Crows,8.4,0.6,35.6
43754,Port Adelaide Power,Richmond Tigers,17.2,0.4,69.8
43665,Essendon Bombers,Carlton Blues,17.25,0.4,65.2
45186,Essendon Bombers,Carlton Blues,8.0,1.2,40.4
46033,Hawthorn Hawks,Fremantle Dockers,3.0,,34.5
44001,Hawthorn Hawks,Fremantle Dockers,7.2,0.0,24.2
44441,St Kilda Saints,Brisbane Lions,16.2,0.4,70.4
43511,Hawthorn Hawks,Fremantle Dockers,3.0,0.0,34.5
43410,Greater Western Sydney Giants,North Melbourne Kangaroos,7.2,0.4,28.2
44015,North Melbourne Kangaroos,Greater Western Sydney Giants,9.6,0.0,40.8
45471,Greater Western Sydney Giants,North Melbourne Kangaroos,12.0,2.0,28.2
43436,Greater Western Sydney Giants,Western Bulldogs,13.4,0.6,58.6
44634,Sydney Swans,Port Adelaide Power,8.0,0.0,22.8
45009,Geelong Cats,Richmond Tigers,11.4,0.0,41.2
45067,Sydney Swans,St Kilda Saints,5.2,0.4,24.8
46310,Geelong Cats,Richmond Tigers,14.25,,41.2
43648,Fremantle Dockers,Carlton Blues,11.6,0.2,39.8
43848,Port Adelaide Power,Gold Coast Suns,4.6,0.2,22.0
44382,Port Adelaide Power,Gold Coast Suns,-1.0,0.6,22.8
43466,Melbourne Demons,Adelaide Crows,12.0,0.4,61.8
44044,Geelong Cats,North Melbourne Kangaroos,13.4,0.2,71.0
43418,North Melbourne Kangaroos,Geelong Cats,5.4,0.0,28.2
43552,Collingwood Magpies,Gold Coast Suns,5.0,0.0,20.0
46042,Collingwood Magpies,Gold Coast Suns,5.0,,20.0
44251,Richmond Tigers,West Coast Eagles,13.0,0.2,55.2
44544,Port Adelaide Power,Fremantle Dockers,10.4,0.6,50.6
46008,Western Bulldogs,Sydney Swans,11.0,1.0,43.0
43361,Western Bulldogs,Sydney Swans,11.0,1.0,43.0
43695,Greater Western Sydney Giants,Port Adelaide Power,12.0,0.0,50.0
46214,Brisbane Lions,Essendon Bombers,,,
44483,Brisbane Lions,Essendon Bombers,,,
44045,St Kilda Saints,Western Bulldogs,16.2,0.0,65.6
44847,St Kilda Saints,Western Bulldogs,7.6,0.8,62.2
44018,Carlton Blues,Geelong Cats,4.6,0.0,39.6
43260,Richmond Tigers,North Melbourne Kangaroos,6.6,0.2,26.4
43760,Melbourne Demons,Port Adelaide Power,16.6,0.0,56.4
44696,Hawthorn Hawks,North Melbourne Kangaroos,13.8,0.4,60.2
43979,Essendon Bombers,Collingwood Magpies,-1.8,0.0,10.8
44993,Greater Western Sydney Giants,Carlton Blues,2.2,0.4,42.4
43602,Fremantle Dockers,Melbourne Demons,5.6,0.2,43.2
44533,Hawthorn Hawks,St Kilda Saints,7.2,0.0,23.0
44215,Sydney Swans,Greater Western Sydney Giants,13.6,1.0,52.4
43586,Brisbane Lions,Richmond Tigers,10.0,0.2,45.2
45016,Essendon Bombers,Greater Western Sydney Giants,8.2,0.6,35.6
44732,Greater Western Sydney Giants,Essendon Bombers,12.4,0.2,80.6
43666,Geelong Cats,St Kilda Saints,6.8,0.2,23.2
45160,North Melbourne Kangaroos,Sydney Swans,8.2,0.0,36.6
43267,Brisbane Lions,Carlton Blues,11.0,0.0,47.4
44216,West Coast Eagles,Adelaide Crows,10.6,2.6,61.8
44814,Sydney Swans,North Melbourne Kangaroos,11.6,0.8,50.0
44574,West Coast Eagles,Fremantle Dockers,14.4,0.2,75.8
44375,Western Bulldogs,Greater Western Sydney Giants,12.0,0.0,53.2
43288,North Melbourne Kangaroos,Adelaide Crows,25.0,0.2,92.6
44143,Hawthorn Hawks,Richmond Tigers,9.6,0.4,37.6
43927,Port Adelaide Power,Adelaide Crows,13.0,0.4,63.8
43536,Richmond Tigers,Essendon Bombers,8.8,0.4,44.2
43919,Gold Coast Suns,North Melbourne Kangaroos,10.2,0.0,47.8
44256,West Coast Eagles,Geelong Cats,10.0,0.4,44.8
43729,West Coast Eagles,Geelong Cats,7.8,0.6,35.6
44588,West Coast Eagles,Geelong Cats,15.8,0.0,58.0
43694,Adelaide Crows,Port Adelaide Power,3.2,0.0,9.6
44830,Adelaide Crows,Port Adelaide Power,9.4,0.8,40.8
44756,West Coast Eagles,Geelong Cats,19.8,0.6,97.2
44114,Essendon Bombers,Richmond Tigers,13.8,0.0,53.4
45005,Greater Western Sydney Giants,Fremantle Dockers,2.25,0.2,15.2
46076,West Coast Eagles,Geelong Cats,7.8,1.5,35.6
44593,Carlton Blues,Collingwood Magpies,10.2,0.2,40.6
44219,St Kilda Saints,Sydney Swans,13.75,1.2,56.6
44283,St Kilda Saints,Sydney Swans,10.4,0.0,48.8
43982,St Kilda Saints,Sydney Swans,17.75,0.2,58.4
46283,Hawthorn Hawks,Western Bulldogs,,,
44859,Hawthorn Hawks,Western Bulldogs,,,
44414,Hawthorn Hawks,Western Bulldogs,13.4,0.8,84.4
44807,Brisbane Lions,Richmond Tigers,13.6,0.6,52.0
43782,Richmond Tigers,Brisbane Lions,12.6,1.0,52.4
45062,Richmond Tigers,Brisbane Lions,9.0,0.0,36.6
44975,Western Bulldogs,Fremantle Dockers,6.0,0.6,26.6
44553,Fremantle Dockers,Collingwood Magpies,26.4,0.2,80.6
44379,Brisbane Lions,Geelong Cats,14.8,0.2,58.0
44765,Sydney Swans,Geelong Cats,10.8,1.0,61.4
44892,Geelong Cats,Sydney Swans,19.8,0.6,76.8
43469,Adelaide Crows,Greater Western Sydney Giants,3.8,0.2,19.8
46357,Geelong Cats,Carlton Blues,,,
45232,Geelong Cats,Carlton Blues,,,
43609,Gold Coast Suns,Essendon Bombers,12.2,0.2,46.0
43528,Collingwood Magpies,Richmond Tigers,9.0,0.6,32.4
43584,Port Adelaide Power,Adelaide Crows,9.8,0.0,44.2
43413,North Melbourne Kangaroos,Carlton Blues,13.2,0.0,50.2
45259,Fremantle Dockers,Adelaide Crows,17.2,0.0,63.8
44397,Sydney Swans,Port Adelaide Power,9.25,0.2,42.4
44401,Western Bulldogs,Richmond Tigers,4.8,0.0,16.2
44710,Carlton Blues,Adelaide Crows,13.0,0.0,49.2
43972,Greater Western Sydney Giants,Hawthorn Hawks,12.0,0.2,40.8
45261,Collingwood Magpies,St Kilda Saints,9.2,0.4,34.4
44213,Greater Western Sydney Giants,Brisbane Lions,4.4,0.0,33.4
44328,Hawthorn Hawks,Adelaide Crows,10.4,0.8,63.2
44837,Collingwood Magpies,Essendon Bombers,3.6,0.0,35.8
43451,Fremantle Dockers,Brisbane Lions,19.2,0.2,70.0
44210,Collingwood Magpies,Adelaide Crows,5.25,0.25,22.5
44353,North Melbourne Kangaroos,Port Adelaide Power,6.2,0.4,33.4
44907,Sydney Swans,Fremantle Dockers,3.0,0.5,15.0
46292,Sydney Swans,Fremantle Dockers,3.0,1.0,15.0
43915,Sydney Swans,North Melbourne Kangaroos,6.666666666666667,0.0,27.666666666666668
46110,Sydney Swans,North Melbourne Kangaroos,6.666666666666667,,27.666666666666668
46099,Greater Western Sydney Giants,St Kilda Saints,6.0,,31.0
43826,Greater Western Sydney Giants,St Kilda Saints,6.0,0.0,31.0
44388,Sydney Swans,Carlton Blues,9.0,0.0,66.0
46201,Sydney Swans,Carlton Blues,9.0,,66.0
44611,Carlton Blues,Melbourne Demons,6.8,0.0,29.2
45217,West Coast Eagles,Collingwood Magpies,12.4,0.4,49.2
44942,Geelong Cats,Western Bulldogs,11.333333333333334,1.4,46.8
43539,Geelong Cats,Western Bulldogs,13.8,0.0,71.2
44782,Brisbane Lions,Hawthorn Hawks,19.6,0.2,74.2
43965,North Melbourne Kangaroos,Greater Western Sydney Giants,23.0,0.0,89.6
44991,North Melbourne Kangaroos,Western Bulldogs,7.0,0.2,37.4
44614,Western Bulldogs,North Melbourne Kangaroos,11.8,0.0,56.2
43980,Western Bulldogs,Fremantle Dockers,7.2,0.4,36.0
43388,Collingwood Magpies,Western Bulldogs,10.4,0.2,48.2
44346,Brisbane Lions,West Coast Eagles,6.6,0.0,33.0
46252,St Kilda Saints,Gold Coast Suns,,,
44675,St Kilda Saints,Gold Coast Suns,,,
46112,Hawthorn Hawks,North Melbourne Kangaroos,8.5,2.333333333333333,41.6
43930,Hawthorn Hawks,North Melbourne Kangaroos,8.0,1.4,41.6
44076,Carlton Blues,West Coast Eagles,8.0,0.4,38.8
44622,Gold Coast Suns,Greater Western Sydney Giants,8.0,0.4,42.8
44011,Adelaide Crows,Melbourne Demons,20.4,0.0,72.2
44999,Fremantle Dockers,Geelong Cats,5.0,0.0,18.0
43847,Sydney Swans,Essendon Bombers,10.4,1.8,57.4
43470,Western Bulldogs,Greater Western Sydney Giants,9.8,0.0,35.0
46307,Fremantle Dockers,Geelong Cats,5.0,,18.0
45298,North Melbourne Kangaroos,West Coast Eagles,16.8,0.0,63.0
44632,West Coast Eagles,Fremantle Dockers,9.8,0.2,45.4
43835,West Coast Eagles,Fremantle Dockers,12.6,0.0,57.6
43565,West Coast Eagles,Fremantle Dockers,7.0,0.2,29.8
43617,Fremantle Dockers,West Coast Eagles,6.2,0.6,31.6
43658,North Melbourne Kangaroos,Essendon Bombers,18.6,0.2,58.2
45119,Gold Coast Suns,Sydney Swans,3.6666666666666665,0.5,20.0
45267,Hawthorn Hawks,Western Bulldogs,20.6,1.4,86.0
46281,Collingwood Magpies,Brisbane Lions,,,
44843,Collingwood Magpies,Brisbane Lions,,,
43803,Greater Western Sydney Giants,Essendon Bombers,7.6,0.6,33.6
43660,Carlton Blues,Gold Coast Suns,9.25,0.2,39.6
44785,Richmond Tigers,North Melbourne Kangaroos,4.2,1.4,56.2
44955,Adelaide Crows,Sydney Swans,14.8,0.2,63.8
46092,Greater Western Sydney Giants,Essendon Bombers,7.6,1.0,33.6
45306,North Melbourne Kangaroos,Richmond Tigers,17.4,0.2,70.8
43624,Richmond Tigers,North Melbourne Kangaroos,14.75,0.2,52.2
43924,Hawthorn Hawks,Melbourne Demons,4.4,0.6,22.2
44693,Essendon Bombers,Collingwood Magpies,8.4,0.2,66.4
44406,Essendon Bombers,Collingwood Magpies,8.4,0.6,40.0
43328,Essendon Bombers,Collingwood Magpies,9.6,0.4,50.6
44980,Essendon Bombers,Collingwood Magpies,4.0,0.2,37.4
44842,Hawthorn Hawks,Fremantle Dockers,8.5,2.0,57.0
44966,Geelong Cats,Western Bulldogs,19.4,0.4,83.0
43403,Hawthorn Hawks,Fremantle Dockers,5.4,0.0,22.4
44115,West Coast Eagles,Adelaide Crows,19.4,0.0,79.6
44096,North Melbourne Kangaroos,Gold Coast Suns,10.0,0.2,64.4
45085,North Melbourne Kangaroos,Gold Coast Suns,18.8,1.0,81.8
44237,Geelong Cats,Western Bulldogs,15.2,0.0,60.6
44674,North Melbourne Kangaroos,Gold Coast Suns,13.4,0.2,52.4
44474,Geelong Cats,Western Bulldogs,17.4,0.6,62.8
45127,North Melbourne Kangaroos,Gold Coast Suns,10.6,0.2,46.2
44924,West Coast Eagles,Adelaide Crows,20.0,0.0,71.4
43651,Western Bulldogs,Geelong Cats,12.6,0.0,51.4
44450,Western Bulldogs,Geelong Cats,6.8,0.0,23.6
44683,West Coast Eagles,Adelaide Crows,14.0,0.2,58.4
43560,Sydney Swans,Melbourne Demons,4.2,0.0,14.8
44017,Port Adelaide Power,Richmond Tigers,9.0,0.0,55.6
44171,Port Adelaide Power,Richmond Tigers,8.2,0.0,40.0
44039,Melbourne Demons,Collingwood Magpies,7.8,0.0,28.8
44816,Melbourne Demons,Collingwood Magpies,7.8,2.0,58.0
43438,Melbourne Demons,Collingwood Magpies,26.4,0.4,95.0
44041,Sydney Swans,Carlton Blues,10.4,0.0,61.8
45988,Melbourne Demons,Carlton Blues,7.4,1.3333333333333333,44.8
44444,Port Adelaide Power,Greater Western Sydney Giants,5.4,0.0,25.0
44325,Port Adelaide Power,Greater Western Sydney Giants,9.25,0.0,71.6
44289,Greater Western Sydney Giants,Collingwood Magpies,12.4,0.6,57.4
44236,Carlton Blues,Brisbane Lions,13.8,0.8,66.6
44559,Collingwood Magpies,Brisbane Lions,8.6,0.0,33.8
43905,Collingwood Magpies,Brisbane Lions,23.4,0.8,80.6
43547,Brisbane Lions,Collingwood Magpies,10.0,0.6,44.4
44863,Melbourne Demons,Sydney Swans,1.0,0.4,33.6
44342,Gold Coast Suns,Adelaide Crows,11.6,0.25,47.8
43646,St Kilda Saints,Geelong Cats,26.75,0.4,91.0
43902,North Melbourne Kangaroos,Greater Western Sydney Giants,13.2,0.0,50.4
43345,West Coast Eagles,Greater Western Sydney Giants,2.0,0.0,9.0
43535,Gold Coast Suns,Western Bulldogs,9.4,1.3333333333333333,49.2
43557,Richmond Tigers,Port Adelaide Power,7.8,1.0,38.4
44654,Adelaide Crows,Melbourne Demons,10.6,0.0,43.6
44138,West Coast Eagles,Sydney Swans,12.5,0.0,50.6
46265,West Coast Eagles,Sydney Swans,,,
44332,Brisbane Lions,Geelong Cats,10.6,0.3333333333333333,42.8
44103,Fremantle Dockers,West Coast Eagles,12.8,,51.0
46289,North Melbourne Kangaroos,Hawthorn Hawks,1.0,,7.0
46236,North Melbourne Kangaroos,Adelaide Crows,12.5,,51.0
44573,Richmond Tigers,Fremantle Dockers,9.4,0.0,68.0
43947,Richmond Tigers,Fremantle Dockers,8.2,0.0,27.6
46046,Western Bulldogs,Hawthorn Hawks,,,
44394,Brisbane Lions,Gold Coast Suns,14.0,1.25,71.2
44016,St Kilda Saints,Hawthorn Hawks,11.75,1.2,52.6
43933,North Melbourne Kangaroos,Gold Coast Suns,12.8,0.5,65.2
43956,Geelong Cats,Gold Coast Suns,20.8,0.0,75.2
46257,Hawthorn Hawks,Port Adelaide Power,,,
43460,Melbourne Demons,West Coast Eagles,6.8,2.0,38.4
44264,North Melbourne Kangaroos,Port Adelaide Power,10.2,1.0,39.6
46280,Brisbane Lions,Hawthorn Hawks,4.0,2.0,38.66666666666666
44154,Collingwood Magpies,Western Bulldogs,5.8,2.0,34.4
43610,Geelong Cats,Richmond Tigers,12.0,0.5,70.8
44387,Melbourne Demons,Fremantle Dockers,8.75,2.25,62.4
44107,Melbourne Demons,Fremantle Dockers,20.4,0.2,71.2
44427,Adelaide Crows,Richmond Tigers,9.25,1.0,39.2
44202,Western Bulldogs,Brisbane Lions,11.2,0.0,45.8
44909,West Coast Eagles,North Melbourne Kangaroos,14.6,,54.8
44823,St Kilda Saints,Brisbane Lions,13.2,1.0,52.0
44883,Western Bulldogs,Fremantle Dockers,11.0,0.25,38.2
45027,Adelaide Crows,Sydney Swans,12.4,0.2,68.0
46152,Collingwood Magpies,North Melbourne Kangaroos,,,
44012,Geelong Cats,Carlton Blues,10.4,1.5,57.4
43790,Gold Coast Suns,Fremantle Dockers,15.0,0.5,59.8
46028,Melbourne Demons,Brisbane Lions,1.0,,8.0
43971,Adelaide Crows,Greater Western Sydney Giants,12.0,,50.0
46068,Fremantle Dockers,Sydney Swans,1.0,,0.0
43525,St Kilda Saints,Port Adelaide Power,10.4,0.0,51.6
44228,St Kilda Saints,Port Adelaide Power,10.0,2.5,51.6
43653,Richmond Tigers,Fremantle Dockers,7.8,2.0,37.2
44358,Carlton Blues,Western Bulldogs,13.4,0.0,50.4
45064,North Melbourne Kangaroos,Sydney Swans,11.4,1.0,52.6
44055,Essendon Bombers,Melbourne Demons,13.0,1.0,52.2
44650,Geelong Cats,Western Bulldogs,17.4,1.0,66.8
44242,Collingwood Magpies,Hawthorn Hawks,8.4,1.75,59.4
44181,West Coast Eagles,St Kilda Saints,10.0,1.0,46.2
43763,Carlton Blues,North Melbourne Kangaroos,8.4,0.0,33.8
43656,Carlton Blues,Port Adelaide Power,9.6,0.5,40.6
43781,West Coast Eagles,Fremantle Dockers,12.0,1.0,53.2
43382,Gold Coast Suns,Brisbane Lions,10.0,1.0,39.8
44824,West Coast Eagles,Fremantle Dockers,2.333333333333333,,30.6
43997,Collingwood Magpies,Richmond Tigers,10.4,2.0,50.6
44053,Adelaide Crows,Hawthorn Hawks,10.0,1.3333333333333333,49.6
44165,Gold Coast Suns,West Coast Eagles,10.2,1.0,52.6
46219,Melbourne Demons,Western Bulldogs,13.0,,52.8
45007,North Melbourne Kangaroos,Richmond Tigers,14.6,1.0,57.4
44371,Richmond Tigers,North Melbourne Kangaroos,14.8,2.0,53.6
43794,Fremantle Dockers,Essendon Bombers,8.2,3.0,42.8
43415,St Kilda Saints,Brisbane Lions,19.75,,68.2
43686,Essendon Bombers,Gold Coast Suns,4.6,1.0,23.4
43636,Essendon Bombers,Gold Coast Suns,11.6,3.0,55.2
45056,Fremantle Dockers,Geelong Cats,7.2,1.6,38.4
45206,Essendon Bombers,Sydney Swans,8.0,0.4,39.0
44813,Geelong Cats,St Kilda Saints,9.4,2.0,44.4
43502,Collingwood Magpies,Brisbane Lions,12.75,1.0,57.2
46023,Brisbane Lions,Collingwood Magpies,12.2,,43.2
43910,Adelaide Crows,Port Adelaide Power,7.2,1.0,37.4
43628,Richmond Tigers,Hawthorn Hawks,1.4,0.4,29.4
43376,North Melbourne Kangaroos,Western Bulldogs,9.8,0.0,39.4
43839,North Melbourne Kangaroos,Western Bulldogs,13.6,1.0,61.4
45270,West Coast Eagles,Carlton Blues,17.6,,61.8
43859,West Coast Eagles,Carlton Blues,14.0,0.5,46.4
45115,West Coast Eagles,Carlton Blues,15.0,1.0,54.6
44344,Collingwood Magpies,Melbourne Demons,12.4,2.0,49.2
44081,Melbourne Demons,Collingwood Magpies,11.6,,55.6
45105,Melbourne Demons,Collingwood Magpies,13.4,,52.0
44704,Richmond Tigers,Gold Coast Suns,13.6,1.0,51.4
46156,West Coast Eagles,Geelong Cats,8.6,,27.8
43747,North Melbourne Kangaroos,Hawthorn Hawks,11.0,1.5,50.6
44918,North Melbourne Kangaroos,Hawthorn Hawks,10.0,1.0,43.6
44207,Essendon Bombers,Brisbane Lions,14.25,,56.0
44033,Essendon Bombers,Brisbane Lions,18.2,1.0,61.2
45293,West Coast Eagles,Geelong Cats,23.75,1.5,97.6
44192,Brisbane Lions,Essendon Bombers,13.2,,53.2
43739,St Kilda Saints,Carlton Blues,13.2,1.0,56.6
45036,Fremantle Dockers,Port Adelaide Power,10.4,1.8,53.8
45170,Fremantle Dockers,Port Adelaide Power,8.2,3.0,44.2
45125,Geelong Cats,Port Adelaide Power,17.2,1.0,59.6
45132,Western Bulldogs,Hawthorn Hawks,12.6,2.5,69.2
45205,Western Bulldogs,Hawthorn Hawks,12.4,1.6666666666666667,58.2
44592,Carlton Blues,Brisbane Lions,28.2,,126.4
44367,Port Adelaide Power,Hawthorn Hawks,9.75,1.0,37.2
44896,Hawthorn Hawks,Port Adelaide Power,9.8,0.0,42.0
43728,Port Adelaide Power,Sydney Swans,10.0,2.5,48.2
44232,Geelong Cats,Brisbane Lions,12.8,,59.8
43471,Geelong Cats,Brisbane Lions,16.8,1.0,69.8
44408,Sydney Swans,Brisbane Lions,9.0,1.75,62.4
43678,Brisbane Lions,Sydney Swans,13.4,2.75,71.6
43845,Sydney Swans,Brisbane Lions,7.0,,28.0
43856,Hawthorn Hawks,Essendon Bombers,7.8,,31.6
45828,Fremantle Dockers,Geelong Cats,5.0,,51.5
43331,Gold Coast Suns,West Coast Eagles,11.8,1.0,43.8
46021,St Kilda Saints,Adelaide Crows,,,
43619,St Kilda Saints,Adelaide Crows,7.6,1.0,33.4
44431,Collingwood Magpies,Western Bulldogs,7.4,1.0,34.4
46094,Richmond Tigers,Port Adelaide Power,,,
45159,Fremantle Dockers,Sydney Swans,13.8,,57.2
45272,Melbourne Demons,North Melbourne Kangaroos,6.4,1.0,29.6
44979,Port Adelaide Power,Essendon Bombers,9.0,1.0,64.0
46089,Essendon Bombers,Port Adelaide Power,8.0,3.0,58.0
43390,Melbourne Demons,Gold Coast Suns,18.4,1.0,70.0
44204,Greater Western Sydney Giants,Hawthorn Hawks,8.8,1.0,57.4
43417,Adelaide Crows,Gold Coast Suns,7.8,1.0,38.8
44921,Adelaide Crows,Geelong Cats,16.2,1.0,60.6
46129,Melbourne Demons,Essendon Bombers,11.5,1.0,48.75
44211,Carlton Blues,West Coast Eagles,8.0,2.333333333333333,46.0
43474,Essendon Bombers,Melbourne Demons,11.8,,72.6
43355,Richmond Tigers,Fremantle Dockers,2.75,1.25,37.0
43742,Essendon Bombers,West Coast Eagles,13.0,1.75,71.8
46052,Port Adelaide Power,Sydney Swans,6.5,1.0,29.5
43857,Melbourne Demons,Richmond Tigers,7.4,0.25,32.8
43647,Adelaide Crows,Fremantle Dockers,27.2,1.0,85.8
45120,North Melbourne Kangaroos,Port Adelaide Power,18.2,,66.8
45025,Greater Western Sydney Giants,Western Bulldogs,13.8,,48.2
43625,Carlton Blues,Geelong Cats,18.25,1.0,69.2
43300,North Melbourne Kangaroos,Essendon Bombers,9.0,,37.2
44180,Essendon Bombers,North Melbourne Kangaroos,10.25,1.0,50.0
44577,Fremantle Dockers,St Kilda Saints,1.75,,23.8
44418,West Coast Eagles,Melbourne Demons,18.8,,67.8
46365,Geelong Cats,Collingwood Magpies,6.0,,29.0
44093,St Kilda Saints,Carlton Blues,11.0,,52.6
43860,Western Bulldogs,Gold Coast Suns,11.0,,42.0
46124,Essendon Bombers,Sydney Swans,,,
44659,Sydney Swans,Essendon Bombers,6.75,,27.6
43923,Gold Coast Suns,Western Bulldogs,9.6,1.6666666666666667,46.8
44760,Hawthorn Hawks,Gold Coast Suns,7.75,0.5,49.8
44069,Carlton Blues,Sydney Swans,16.8,1.0,65.8
44576,Adelaide Crows,Collingwood Magpies,14.4,,52.6
45732,St Kilda Saints,West Coast Eagles,12.5,,54.0
43591,Brisbane Lions,Melbourne Demons,20.25,0.0,86.6
44846,Richmond Tigers,Essendon Bombers,6.6,1.0,36.0
44436,Essendon Bombers,Richmond Tigers,8.4,,39.4
43740,Richmond Tigers,Essendon Bombers,19.0,1.0,63.4
44766,Essendon Bombers,Richmond Tigers,16.2,,80.0
44937,Fremantle Dockers,Port Adelaide Power,12.666666666666666,1.0,42.5
45187,West Coast Eagles,Adelaide Crows,11.4,2.4,66.6
46239,St Kilda Saints,Gold Coast Suns,6.75,,35.2
45994,Greater Western Sydney Giants,Richmond Tigers,7.333333333333333,,40.66666666666666
46111,Richmond Tigers,Greater Western Sydney Giants,6.0,,42.0
45176,Greater Western Sydney Giants,Richmond Tigers,16.4,1.0,59.6
44504,Sydney Swans,Adelaide Crows,10.0,,18.0
46153,Melbourne Demons,St Kilda Saints,6.0,1.0,30.25
44262,Melbourne Demons,St Kilda Saints,9.2,2.0,37.8
43868,Western Bulldogs,Hawthorn Hawks,7.2,0.0,30.0
44273,Gold Coast Suns,Geelong Cats,11.4,0.0,49.6
43269,Sydney Swans,Richmond Tigers,12.4,1.0,48.2
43576,Geelong Cats,Gold Coast Suns,-0.75,,15.4
44389,Richmond Tigers,Sydney Swans,17.2,,68.0
46122,Sydney Swans,Richmond Tigers,7.4,1.6666666666666667,33.2
46125,Collingwood Magpies,Melbourne Demons,7.0,,52.0
44116,Hawthorn Hawks,Adelaide Crows,13.4,,47.4
43675,Greater Western Sydney Giants,Brisbane Lions,14.4,1.0,55.8
44663,Brisbane Lions,Greater Western Sydney Giants,13.4,,63.4
43701,North Melbourne Kangaroos,Fremantle Dockers,8.0,,29.6
46071,Essendon Bombers,Geelong Cats,8.25,1.0,35.25
46073,Greater Western Sydney Giants,Brisbane Lions,4.0,,25.5
43281,West Coast Eagles,Carlton Blues,10.6,2.6666666666666665,59.4
43275,Fremantle Dockers,Essendon Bombers,7.8,,28.6
44649,Essendon Bombers,Fremantle Dockers,27.2,,91.2
44903,Fremantle Dockers,Essendon Bombers,9.0,1.0,33.2
43741,Fremantle Dockers,Essendon Bombers,8.0,,29.4
43391,Carlton Blues,North Melbourne Kangaroos,16.6,1.0,61.0
43816,Port Adelaide Power,Sydney Swans,8.8,2.0,43.6
43489,Port Adelaide Power,Sydney Swans,20.6,1.0,73.6
46193,Greater Western Sydney Giants,Gold Coast Suns,11.0,,63.5
45886,Richmond Tigers,Western Bulldogs,12.2,,47.0
45112,Western Bulldogs,Richmond Tigers,25.4,1.0,88.0
43427,Carlton Blues,Port Adelaide Power,11.0,,37.8
44932,Carlton Blues,Port Adelaide Power,13.2,,59.0
43996,Western Bulldogs,Sydney Swans,17.4,1.0,63.0
44224,Western Bulldogs,Sydney Swans,8.8,1.8,50.6
44109,West Coast Eagles,Collingwood Magpies,5.6,1.0,39.6
46348,Collingwood Magpies,West Coast Eagles,,,
44407,North Melbourne Kangaroos,Hawthorn Hawks,18.8,,76.0
43822,North Melbourne Kangaroos,Hawthorn Hawks,10.6,1.0,39.4
44272,Richmond Tigers,Adelaide Crows,7.2,1.75,41.6
43530,St Kilda Saints,Fremantle Dockers,9.2,1.0,40.6
43764,Western Bulldogs,North Melbourne Kangaroos,11.4,,51.0
46176,Greater Western Sydney Giants,West Coast Eagles,6.0,1.0,28.0
45992,West Coast Eagles,Greater Western Sydney Giants,9.0,,27.4
46172,Richmond Tigers,Geelong Cats,11.0,1.6666666666666667,52.2
44747,Hawthorn Hawks,St Kilda Saints,7.25,3.0,43.2
43507,Essendon Bombers,Gold Coast Suns,29.0,1.0,117.8
44751,Port Adelaide Power,Brisbane Lions,15.6,,66.2
44547,Gold Coast Suns,Essendon Bombers,8.2,,54.6
45200,St Kilda Saints,Hawthorn Hawks,11.4,,54.6
44723,Port Adelaide Power,Brisbane Lions,14.4,1.0,56.4
43753,Geelong Cats,Richmond Tigers,12.0,,53.6
44509,Hawthorn Hawks,St Kilda Saints,8.0,,39.2
45362,Richmond Tigers,Geelong Cats,11.8,1.0,60.2
44744,Richmond Tigers,Geelong Cats,15.4,1.5,63.2
45151,Port Adelaide Power,Brisbane Lions,9.8,1.0,56.4
43283,Sydney Swans,Fremantle Dockers,8.8,2.6666666666666665,52.6
43295,Brisbane Lions,Carlton Blues,13.8,1.0,60.0
44419,Carlton Blues,Brisbane Lions,12.6,2.25,66.0
43553,Carlton Blues,Brisbane Lions,9.4,1.0,42.0
43805,Carlton Blues,Brisbane Lions,12.25,1.5,51.4
44338,Hawthorn Hawks,Fremantle Dockers,14.4,,55.4
46078,Western Bulldogs,Adelaide Crows,8.0,,28.0
44374,Essendon Bombers,Richmond Tigers,26.0,1.5,96.6
45118,Essendon Bombers,Richmond Tigers,14.2,,40.2
43589,Western Bulldogs,Adelaide Crows,6.4,,49.2
44897,Essendon Bombers,Richmond Tigers,22.0,1.0,92.6
44031,Geelong Cats,Greater Western Sydney Giants,4.4,1.25,51.4
46145,Western Bulldogs,Adelaide Crows,7.2,1.5,32.4
46311,Geelong Cats,Greater Western Sydney Giants,21.0,1.0,84.0
43496,Adelaide Crows,Western Bulldogs,6.6,,28.8
43492,St Kilda Saints,Sydney Swans,8.4,2.333333333333333,41.2
44083,Port Adelaide Power,West Coast Eagles,10.2,1.0,62.4
44278,Melbourne Demons,North Melbourne Kangaroos,6.2,,51.0
46039,West Coast Eagles,Port Adelaide Power,6.0,,21.0
46334,Essendon Bombers,Greater Western Sydney Giants,15.0,,63.0
44184,Western Bulldogs,Brisbane Lions,9.4,,42.4
44348,Hawthorn Hawks,Port Adelaide Power,9.6,1.0,33.8
45078,Melbourne Demons,Carlton Blues,6.8,1.0,30.6
44697,North Melbourne Kangaroos,Sydney Swans,14.6,,59.8
44238,Richmond Tigers,West Coast Eagles,10.0,1.5,38.6
46150,Melbourne Demons,Carlton Blues,1.0,1.0,25.8
43590,North Melbourne Kangaroos,Sydney Swans,6.4,0.0,29.2
44685,West Coast Eagles,Richmond Tigers,8.6,1.0,34.6
45242,West Coast Eagles,Richmond Tigers,7.8,1.5,46.6
46151,Gold Coast Suns,Adelaide Crows,,,
43577,Gold Coast Suns,Adelaide Crows,13.0,1.0,58.0
45171,Gold Coast Suns,Adelaide Crows,7.0,1.3333333333333333,34.2
44158,Fremantle Dockers,Collingwood Magpies,19.4,,71.0
44334,Hawthorn Hawks,Carlton Blues,5.8,1.0,19.8
43659,Carlton Blues,Hawthorn Hawks,13.6,3.0,65.4
43731,Carlton Blues,Hawthorn Hawks,21.8,1.0,90.8
43540,Carlton Blues,Hawthorn Hawks,23.0,1.0,85.0
44783,Essendon Bombers,Western Bulldogs,17.6,,69.8
45399,Essendon Bombers,Western Bulldogs,10.0,1.6666666666666667,49.6
43973,Sydney Swans,Greater Western Sydney Giants,7.4,1.0,37.0
44804,Sydney Swans,Greater Western Sydney Giants,15.0,,61.8
43846,Sydney Swans,Greater Western Sydney Giants,5.0,1.0,28.8
43477,Greater Western Sydney Giants,Sydney Swans,10.2,,41.4
45310,North Melbourne Kangaroos,Geelong Cats,7.0,,35.6
45507,Port Adelaide Power,Adelaide Crows,14.2,,54.2
43377,Port Adelaide Power,Adelaide Crows,16.2,1.5,81.4
44763,West Coast Eagles,Fremantle Dockers,24.6,1.5,92.2
45612,West Coast Eagles,Fremantle Dockers,13.8,1.0,65.8
44439,Brisbane Lions,Gold Coast Suns,5.2,1.0,26.6
46195,North Melbourne Kangaroos,Geelong Cats,6.0,1.0,34.2
46184,Gold Coast Suns,Brisbane Lions,5.666666666666667,1.0,27.33333333333333
45039,Collingwood Magpies,Richmond Tigers,11.8,1.0,50.0
45858,St Kilda Saints,Melbourne Demons,14.5,,56.0
44985,Melbourne Demons,St Kilda Saints,11.75,1.0,45.8
46181,Melbourne Demons,St Kilda Saints,11.25,,36.6
45991,Richmond Tigers,Collingwood Magpies,5.666666666666667,2.0,26.0
44453,Greater Western Sydney Giants,Western Bulldogs,10.2,1.0,39.0
44529,Hawthorn Hawks,Adelaide Crows,17.2,1.0,69.4
43707,Hawthorn Hawks,Adelaide Crows,21.4,1.6666666666666667,86.4
43612,Adelaide Crows,Hawthorn Hawks,9.6,,39.0
46093,Richmond Tigers,Gold Coast Suns,8.6,1.25,44.0
43779,West Coast Eagles,Melbourne Demons,10.8,,48.6
46297,Richmond Tigers,Gold Coast Suns,6.8,1.0,36.8
46299,Essendon Bombers,Sydney Swans,7.0,,35.666666666666664
44048,Collingwood Magpies,Brisbane Lions,10.0,1.4,57.4
44365,Collingwood Magpies,Brisbane Lions,9.4,,30.6
43708,Collingwood Magpies,Brisbane Lions,10.4,,37.2
43987,North Melbourne Kangaroos,St Kilda Saints,8.4,1.0,37.8
44708,Carlton Blues,Fremantle Dockers,11.4,2.0,67.2
45241,Port Adelaide Power,Geelong Cats,9.0,,36.8
44642,St Kilda Saints,North Melbourne Kangaroos,7.4,1.5,52.8
43499,St Kilda Saints,North Melbourne Kangaroos,15.4,1.0,57.0
46147,Port Adelaide Power,Geelong Cats,11.2,,36.0
46241,Carlton Blues,Fremantle Dockers,6.4,,52.4
44010,St Kilda Saints,North Melbourne Kangaroos,10.2,,43.2
43487,Port Adelaide Power,Geelong Cats,16.0,,60.4
44409,Fremantle Dockers,Carlton Blues,9.0,2.0,44.6
44261,North Melbourne Kangaroos,St Kilda Saints,10.25,3.5,67.6
44510,Collingwood Magpies,Hawthorn Hawks,23.0,,87.6
44086,Collingwood Magpies,Hawthorn Hawks,10.0,1.3333333333333333,43.6
46200,Essendon Bombers,Geelong Cats,9.6,1.75,55.0
45885,Brisbane Lions,Sydney Swans,7.2,3.0,43.2
44428,Sydney Swans,Brisbane Lions,18.75,1.3333333333333333,80.4
44801,Brisbane Lions,Sydney Swans,4.8,,18.6
43564,St Kilda Saints,Richmond Tigers,15.6,,58.0
44029,St Kilda Saints,Richmond Tigers,8.0,1.0,32.6
46211,Brisbane Lions,Sydney Swans,4.8,2.0,23.8
46128,St Kilda Saints,Richmond Tigers,8.333333333333334,1.5,55.333333333333336
43732,Brisbane Lions,Sydney Swans,8.6,0.0,47.6
44817,Gold Coast Suns,Carlton Blues,5.8,1.5,23.8
44322,Port Adelaide Power,Fremantle Dockers,10.75,2.5,46.8
43751,West Coast Eagles,Adelaide Crows,22.4,,91.6
43486,Adelaide Crows,West Coast Eagles,7.2,1.6666666666666667,44.0
46115,West Coast Eagles,Adelaide Crows,6.8,,27.0
44722,Western Bulldogs,Melbourne Demons,7.8,1.0,40.4
45989,Melbourne Demons,Western Bulldogs,,,
45142,Western Bulldogs,Melbourne Demons,9.75,1.0,32.2
44175,Adelaide Crows,West Coast Eagles,6.8,,29.2
46266,West Coast Eagles,Adelaide Crows,4.25,1.0,31.4
43766,North Melbourne Kangaroos,Greater Western Sydney Giants,6.8,,28.2
45072,North Melbourne Kangaroos,Greater Western Sydney Giants,8.6,1.0,53.0
43989,North Melbourne Kangaroos,Greater Western Sydney Giants,16.6,,59.0
45265,Melbourne Demons,Western Bulldogs,10.4,,42.2
44060,Brisbane Lions,Fremantle Dockers,12.8,1.0,61.6
46077,St Kilda Saints,Essendon Bombers,,,
46011,Brisbane Lions,Fremantle Dockers,,,
44064,Essendon Bombers,St Kilda Saints,14.6,1.0,57.0
44071,Gold Coast Suns,Greater Western Sydney Giants,4.4,1.0,16.6
45689,Port Adelaide Power,Carlton Blues,12.6,1.0,49.8
44749,Adelaide Crows,Collingwood Magpies,17.4,1.6,82.4
44557,Adelaide Crows,Collingwood Magpies,9.0,,37.0
44871,Adelaide Crows,Collingwood Magpies,12.25,0.75,39.6
43833,Carlton Blues,Port Adelaide Power,11.0,1.0,47.0
45688,Carlton Blues,Port Adelaide Power,15.0,,68.0
44946,Port Adelaide Power,Carlton Blues,11.4,,41.4
45268,Port Adelaide Power,Carlton Blues,26.6,,90.6
45318,Collingwood Magpies,Adelaide Crows,9.4,1.0,53.8
45557,Richmond Tigers,North Melbourne Kangaroos,7.333333333333333,1.5,23.6
45429,Sydney Swans,Geelong Cats,9.2,,34.8
44641,West Coast Eagles,Western Bulldogs,8.2,,38.8
44362,West Coast Eagles,Western Bulldogs,19.8,1.0,71.6
46355,North Melbourne Kangaroos,Richmond Tigers,10.0,,36.0
46065,Sydney Swans,Geelong Cats,10.0,,38.0
44244,Sydney Swans,Geelong Cats,8.0,2.0,36.8
45152,Richmond Tigers,North Melbourne Kangaroos,22.4,,97.8
44855,Western Bulldogs,West Coast Eagles,15.2,1.0,54.4
45308,North Melbourne Kangaroos,Richmond Tigers,11.0,2.6666666666666665,62.4
44070,Carlton Blues,Essendon Bombers,15.4,,76.0
44850,Carlton Blues,Essendon Bombers,11.4,,60.8
46353,Carlton Blues,Essendon Bombers,6.8,2.0,38.0
46037,Carlton Blues,Essendon Bombers,11.2,1.0,49.8
46371,Carlton Blues,Essendon Bombers,6.5,1.5,47.6
43761,Carlton Blues,Essendon Bombers,6.4,1.0,27.6
43938,Essendon Bombers,Carlton Blues,16.0,1.0,63.8
46243,Carlton Blues,Essendon Bombers,7.0,1.0,39.25
44437,Carlton Blues,Essendon Bombers,15.0,3.0,82.6
46155,Essendon Bombers,Carlton Blues,10.0,,39.6
45249,Carlton Blues,Essendon Bombers,17.8,1.5,62.2
44019,Carlton Blues,Essendon Bombers,18.4,,72.4
43631,Carlton Blues,Essendon Bombers,17.2,,76.0
45207,Carlton Blues,Essendon Bombers,11.2,,46.4
43642,Carlton Blues,Essendon Bombers,24.0,2.0,96.4
44037,Carlton Blues,Essendon Bombers,27.6,,96.0
43266,Carlton Blues,Essendon Bombers,19.0,1.0,76.6
45167,Carlton Blues,Essendon Bombers,25.2,1.0,86.2
45475,Carlton Blues,Essendon Bombers,14.2,1.0,65.8
45753,Carlton Blues,Essendon Bombers,9.4,1.75,46.4
44542,Carlton Blues,Essendon Bombers,9.4,1.0,40.2
46364,Carlton Blues,Essendon Bombers,9.666666666666666,,37.0
45297,Carlton Blues,Essendon Bombers,12.0,1.0,39.6
46036,Carlton Blues,Essendon Bombers,14.5,,53.0
43799,Carlton Blues,Essendon Bombers,12.6,2.25,68.4
44851,Melbourne Demons,Collingwood Magpies,26.2,,100.2
43743,Port Adelaide Power,Gold Coast Suns,19.2,,79.4
44313,Port Adelaide Power,Gold Coast Suns,4.8,1.3333333333333333,25.6
45990,Gold Coast Suns,Port Adelaide Power,6.6,,28.0
46116,Gold Coast Suns,Port Adelaide Power,,,
44902,Melbourne Demons,Collingwood Magpies,3.6666666666666665,,26.6
43881,Port Adelaide Power,Gold Coast Suns,12.4,1.8,62.8
44413,Port Adelaide Power,Gold Coast Suns,8.4,1.6666666666666667,43.4
43406,Port Adelaide Power,Gold Coast Suns,18.8,1.0,75.2
44410,Melbourne Demons,Collingwood Magpies,11.4,,46.2
43808,Port Adelaide Power,Gold Coast Suns,22.2,,87.0
44986,Melbourne Demons,Collingwood Magpies,13.8,1.0,59.4
43498,Port Adelaide Power,Gold Coast Suns,7.2,1.0,53.4
43855,Melbourne Demons,Collingwood Magpies,14.0,2.75,74.2
44464,Port Adelaide Power,Gold Coast Suns,12.0,1.0,49.6
43878,Melbourne Demons,Collingwood Magpies,20.0,1.0,118.2
43495,Port Adelaide Power,Gold Coast Suns,24.0,,88.8
43311,Port Adelaide Power,Gold Coast Suns,14.4,,49.6
44461,Collingwood Magpies,Melbourne Demons,9.4,1.0,46.4
43541,Melbourne Demons,Collingwood Magpies,14.0,1.25,65.6
44462,Melbourne Demons,Collingwood Magpies,13.0,,47.4
46174,Melbourne Demons,Collingwood Magpies,15.25,1.5,57.0
43277,Port Adelaide Power,Gold Coast Suns,10.6,1.0,71.0
45305,Port Adelaide Power,Gold Coast Suns,6.4,,47.0
44386,Melbourne Demons,Collingwood Magpies,17.25,,69.4
44834,Port Adelaide Power,Gold Coast Suns,21.8,2.0,85.0
44254,Melbourne Demons,Collingwood Magpies,17.2,1.0,66.2
44095,Melbourne Demons,Collingwood Magpies,9.2,1.0,36.8
44630,Melbourne Demons,Collingwood Magpies,27.25,1.0,92.2
45934,Melbourne Demons,Collingwood Magpies,11.0,1.5,64.8
45126,Melbourne Demons,Collingwood Magpies,11.4,1.0,51.4
44792,Port Adelaide Power,Gold Coast Suns,5.5,2.6666666666666665,35.4
45150,Melbourne Demons,Collingwood Magpies,22.0,1.0,97.0
46179,Port Adelaide Power,Gold Coast Suns,13.5,,56.2
46192,Port Adelaide Power,Gold Coast Suns,,,
44795,Melbourne Demons,Collingwood Magpies,22.4,1.0,92.2
46354,Port Adelaide Power,Gold Coast Suns,6.0,3.0,40.66666666666666
44689,Melbourne Demons,Collingwood Magpies,9.2,2.0,59.2
44681,Melbourne Demons,Collingwood Magpies,18.6,1.0,77.6
44183,Port Adelaide Power,Gold Coast Suns,11.4,,47.8
44702,Melbourne Demons,Collingwood Magpies,20.0,2.0,87.0
43652,Melbourne Demons,Collingwood Magpies,11.6,1.3333333333333333,54.0
44470,Melbourne Demons,Collingwood Magpies,9.0,1.5,42.0
46014,Port Adelaide Power,Gold Coast Suns,8.6,1.0,42.0
46220,Port Adelaide Power,Gold Coast Suns,9.2,1.0,39.6
46271,Port Adelaide Power,Gold Coast Suns,12.25,1.0,57.6
43425,Melbourne Demons,Collingwood Magpies,22.4,,85.6
46263,Port Adelaide Power,Gold Coast Suns,,,
45049,Port Adelaide Power,Gold Coast Suns,16.2,1.0,103.4
44899,Gold Coast Suns,Port Adelaide Power,6.2,,27.4
44731,Richmond Tigers,Geelong Cats,19.8,,67.6
43336,Richmond Tigers,Geelong Cats,9.6,1.3333333333333333,53.0
44923,Richmond Tigers,Geelong Cats,19.0,1.0,75.6
44982,Richmond Tigers,Geelong Cats,18.8,1.0,68.0
44648,Sydney Swans,West Coast Eagles,13.75,1.3333333333333333,53.4
44651,North Melbourne Kangaroos,Adelaide Crows,24.2,1.0,86.6
45289,North Melbourne Kangaroos,Adelaide Crows,15.0,,99.0
43676,North Melbourne Kangaroos,Adelaide Crows,25.0,,78.8
44297,North Melbourne Kangaroos,Adelaide Crows,14.2,1.0,58.0
43604,North Melbourne Kangaroos,Adelaide Crows,11.5,,46.6
46080,Adelaide Crows,North Melbourne Kangaroos,5.6,1.0,20.4
46113,West Coast Eagles,Sydney Swans,,,
46291,West Coast Eagles,Sydney Swans,6.0,1.6666666666666667,42.6
43664,North Melbourne Kangaroos,Adelaide Crows,10.4,3.0,70.4
44230,Geelong Cats,Richmond Tigers,11.4,1.0,49.6
45180,Sydney Swans,West Coast Eagles,12.0,1.0,37.2
44910,North Melbourne Kangaroos,Adelaide Crows,34.4,1.3333333333333333,124.8
43400,Sydney Swans,West Coast Eagles,24.5,,91.8
45179,Sydney Swans,West Coast Eagles,24.0,1.5,92.8
44469,Sydney Swans,West Coast Eagles,8.4,,42.8
45493,Adelaide Crows,North Melbourne Kangaroos,17.4,1.0,71.2
44449,Sydney Swans,West Coast Eagles,9.25,1.3333333333333333,43.8
43640,West Coast Eagles,Sydney Swans,12.2,1.4,60.8
46230,West Coast Eagles,Sydney Swans,1.0,,7.0
46204,West Coast Eagles,Sydney Swans,23.8,,82.6
43448,Richmond Tigers,Geelong Cats,12.75,,62.8
44290,Sydney Swans,West Coast Eagles,19.4,,76.0
44828,Sydney Swans,West Coast Eagles,15.0,1.0,68.0
45234,Sydney Swans,West Coast Eagles,15.6,,61.6
44745,Sydney Swans,West Coast Eagles,15.2,,63.8
43829,Sydney Swans,West Coast Eagles,13.8,1.0,54.6
44398,Sydney Swans,West Coast Eagles,13.8,1.0,52.6
43657,Sydney Swans,West Coast Eagles,13.2,,56.0
44190,Sydney Swans,West Coast Eagles,14.75,,49.2
43519,Sydney Swans,West Coast Eagles,11.4,1.25,45.0
44020,Sydney Swans,West Coast Eagles,11.4,2.333333333333333,58.4
46025,West Coast Eagles,Sydney Swans,11.6,,45.4
46069,West Coast Eagles,Sydney Swans,12.4,1.0,47.2
43468,Richmond Tigers,Geelong Cats,11.6,,44.6
44494,Richmond Tigers,Geelong Cats,12.8,,58.2
43483,Sydney Swans,West Coast Eagles,10.0,1.25,51.6
44498,Sydney Swans,West Coast Eagles,24.0,1.0,93.8
43687,North Melbourne Kangaroos,Adelaide Crows,25.6,1.0,102.2
43623,North Melbourne Kangaroos,Adelaide Crows,13.2,,51.8
44912,Sydney Swans,West Coast Eagles,20.4,1.0,74.0
44935,North Melbourne Kangaroos,Adelaide Crows,22.6,1.0,85.0
43549,West Coast Eagles,Sydney Swans,14.2,1.0,58.4
43326,West Coast Eagles,Sydney Swans,21.0,1.5,87.4
43593,West Coast Eagles,Sydney Swans,19.2,,75.8
44434,Richmond Tigers,Geelong Cats,10.6,1.0,58.0
43524,Richmond Tigers,Geelong Cats,5.8,2.5,49.4
43356,West Coast Eagles,Sydney Swans,10.6,,44.4
43920,West Coast Eagles,Sydney Swans,18.6,1.0,83.0
45175,North Melbourne Kangaroos,Adelaide Crows,12.75,1.0,60.8
43831,West Coast Eagles,Sydney Swans,10.2,1.0,75.4
46015,Sydney Swans,West Coast Eagles,7.8,,32.6
46327,North Melbourne Kangaroos,Adelaide Crows,7.5,3.0,52.5
46004,North Melbourne Kangaroos,Adelaide Crows,6.0,,28.0
44036,West Coast Eagles,Sydney Swans,17.2,1.0,64.4
44209,West Coast Eagles,Sydney Swans,21.8,1.5,75.8
43896,West Coast Eagles,Sydney Swans,15.0,,60.8
45564,West Coast Eagles,Sydney Swans,15.8,1.0,53.4
43449,West Coast Eagles,Sydney Swans,8.75,1.0,45.4
44088,West Coast Eagles,Sydney Swans,15.8,,67.0
43953,Sydney Swans,West Coast Eagles,21.8,1.0,95.8
44844,West Coast Eagles,Sydney Swans,10.0,1.75,55.8
45302,Richmond Tigers,Geelong Cats,12.6,,52.4
45061,Richmond Tigers,Geelong Cats,26.2,1.6666666666666667,98.8
43885,Richmond Tigers,Geelong Cats,7.6,0.0,28.8
44080,Richmond Tigers,Geelong Cats,27.6,2.0,89.8
44575,Richmond Tigers,Geelong Cats,16.4,1.0,91.8
44357,Richmond Tigers,Geelong Cats,12.5,1.75,69.2
44331,Richmond Tigers,Geelong Cats,8.6,2.0,48.2
44791,Richmond Tigers,Geelong Cats,9.6,1.0,45.8
45116,Richmond Tigers,Geelong Cats,13.4,1.0,48.8
44308,West Coast Eagles,Sydney Swans,7.2,1.0,40.8
44884,North Melbourne Kangaroos,Adelaide Crows,10.2,,42.4
45010,North Melbourne Kangaroos,Adelaide Crows,16.6,1.0,60.4
45240,West Coast Eagles,Sydney Swans,3.8,1.0,47.0
44821,Richmond Tigers,Geelong Cats,23.4,,82.0
43387,Geelong Cats,Richmond Tigers,11.6,,48.2
43682,North Melbourne Kangaroos,Adelaide Crows,10.4,1.4,59.0
43339,Richmond Tigers,Geelong Cats,20.4,,80.4
43723,West Coast Eagles,Sydney Swans,13.0,1.0,56.0
44025,Sydney Swans,West Coast Eagles,20.0,2.6,109.2
43950,Sydney Swans,West Coast Eagles,23.8,1.0,123.6
46139,Richmond Tigers,Geelong Cats,13.4,2.0,49.0
45998,Richmond Tigers,Geelong Cats,5.6,1.3333333333333333,27.8
46170,North Melbourne Kangaroos,Adelaide Crows,8.2,1.0,38.0
44007,North Melbourne Kangaroos,Adelaide Crows,7.8,2.6666666666666665,46.8
44443,North Melbourne Kangaroos,Adelaide Crows,29.2,1.0,96.2
44706,North Melbourne Kangaroos,Adelaide Crows,10.6,,46.6
46251,North Melbourne Kangaroos,Adelaide Crows,7.0,1.5,33.5
46246,North Melbourne Kangaroos,Adelaide Crows,18.0,,71.6
46325,Richmond Tigers,Geelong Cats,14.2,,53.4
44725,North Melbourne Kangaroos,Adelaide Crows,21.0,1.0,83.2
44581,Western Bulldogs,Fremantle Dockers,13.8,4.4,91.8
43435,Western Bulldogs,Fremantle Dockers,18.33333333333333,1.0,69.8
44217,Western Bulldogs,Fremantle Dockers,22.6,1.0,93.0
44343,St Kilda Saints,Greater Western Sydney Giants,16.6,,78.6
43853,Western Bulldogs,Fremantle Dockers,16.4,1.0,60.2
44778,Western Bulldogs,Fremantle Dockers,25.6,1.75,95.2
44150,Western Bulldogs,Fremantle Dockers,17.8,,72.2
43679,Western Bulldogs,Fremantle Dockers,14.0,3.4,82.2
45003,St Kilda Saints,Greater Western Sydney Giants,17.2,1.0,79.2
43669,Western Bulldogs,Fremantle Dockers,29.25,,96.6
46326,St Kilda Saints,Greater Western Sydney Giants,9.0,1.0,46.0
45239,Western Bulldogs,Fremantle Dockers,19.8,1.0,78.6
44456,Western Bulldogs,Fremantle Dockers,7.4,2.0,35.4
43573,Western Bulldogs,Fremantle Dockers,15.2,1.0,59.4
43595,St Kilda Saints,Greater Western Sydney Giants,4.25,1.0,16.4
44172,Western Bulldogs,Fremantle Dockers,4.6,0.5,22.2
44691,St Kilda Saints,Greater Western Sydney Giants,9.0,,30.8
44188,St Kilda Saints,Greater Western Sydney Giants,14.6,,53.2
44901,St Kilda Saints,Greater Western Sydney Giants,11.6,2.0,63.8
44049,St Kilda Saints,Greater Western Sydney Giants,19.5,1.0,83.0
44945,St Kilda Saints,Greater Western Sydney Giants,28.8,1.0,108.2
45021,St Kilda Saints,Greater Western Sydney Giants,10.0,,42.4
44294,Western Bulldogs,Fremantle Dockers,9.25,,47.8
45236,St Kilda Saints,Greater Western Sydney Giants,17.0,,76.0
45051,Fremantle Dockers,Western Bulldogs,12.8,1.0,56.6
45155,Fremantle Dockers,Western Bulldogs,14.0,1.0,63.6
44366,St Kilda Saints,Greater Western Sydney Giants,19.0,1.0,118.0
45279,St Kilda Saints,Greater Western Sydney Giants,8.8,1.5,68.6
45266,St Kilda Saints,Greater Western Sydney Giants,19.4,,92.0
45258,St Kilda Saints,Greater Western Sydney Giants,11.2,1.0,50.8
43865,Western Bulldogs,Fremantle Dockers,14.6,1.0,55.8
44042,St Kilda Saints,Greater Western Sydney Giants,8.2,2.6,52.2
43444,Hawthorn Hawks,Brisbane Lions,8.0,1.0,37.0
43327,Western Bulldogs,Fremantle Dockers,15.8,,58.4
46020,St Kilda Saints,Greater Western Sydney Giants,9.4,1.0,64.2
46031,Western Bulldogs,Fremantle Dockers,8.0,,38.2
44281,Western Bulldogs,Fremantle Dockers,24.0,,95.6
46060,Western Bulldogs,Fremantle Dockers,10.0,2.0,54.0
46066,Western Bulldogs,Fremantle Dockers,14.6,1.6666666666666667,61.8
43414,Western Bulldogs,Fremantle Dockers,30.0,1.6666666666666667,119.8
43795,Western Bulldogs,Fremantle Dockers,18.0,1.5,113.4
43864,St Kilda Saints,Greater Western Sydney Giants,17.4,1.0,72.0
44619,Western Bulldogs,Fremantle Dockers,11.25,,45.4
46120,St Kilda Saints,Greater Western Sydney Giants,17.6,1.0,71.6
46164,St Kilda Saints,Greater Western Sydney Giants,6.2,2.0,35.8
46316,St Kilda Saints,Greater Western Sydney Giants,8.6,1.0,38.0
45172,St Kilda Saints,Greater Western Sydney Giants,32.6,2.0,121.0
45218,Western Bulldogs,Fremantle Dockers,12.2,2.4,69.8
43518,St Kilda Saints,Greater Western Sydney Giants,9.75,1.0,39.4
45560,Greater Western Sydney Giants,St Kilda Saints,6.5,2.5,28.0
45123,Brisbane Lions,Hawthorn Hawks,5.0,,25.4
44833,Greater Western Sydney Giants,St Kilda Saints,10.0,4.0,43.4
45204,Greater Western Sydney Giants,St Kilda Saints,9.4,,39.4
46231,Essendon Bombers,Gold Coast Suns,7.5,,34.75
46017,Essendon Bombers,Gold Coast Suns,9.6,1.0,32.8
44812,Gold Coast Suns,Essendon Bombers,8.75,1.0,24.8
44676,Essendon Bombers,Gold Coast Suns,13.0,1.3333333333333333,56.6
44420,Essendon Bombers,Gold Coast Suns,27.2,1.0,96.0
44263,Essendon Bombers,Gold Coast Suns,14.25,,65.8
46212,Essendon Bombers,Gold Coast Suns,6.6,3.0,35.6
44758,Essendon Bombers,Gold Coast Suns,27.4,1.0,104.4
46188,Essendon Bombers,Gold Coast Suns,9.2,1.0,43.0
43952,Essendon Bombers,Gold Coast Suns,8.8,1.6666666666666667,43.0
43908,Essendon Bombers,Gold Coast Suns,12.4,,61.4
44477,Essendon Bombers,Gold Coast Suns,5.4,1.0,27.6
44481,Essendon Bombers,Gold Coast Suns,25.8,1.0,107.4
44919,Essendon Bombers,Gold Coast Suns,22.8,,80.0
46090,Essendon Bombers,Gold Coast Suns,13.4,1.0,56.2
44734,Essendon Bombers,Gold Coast Suns,17.4,,65.8
45285,Essendon Bombers,Gold Coast Suns,11.0,1.5,66.0
46045,Essendon Bombers,Gold Coast Suns,16.4,1.0,69.0
45839,Essendon Bombers,Gold Coast Suns,27.0,,85.8
46332,Essendon Bombers,Gold Coast Suns,2.5,1.0,36.5
43762,Essendon Bombers,Gold Coast Suns,21.2,,77.4
44257,Essendon Bombers,Gold Coast Suns,10.6,1.5,48.2
43765,Essendon Bombers,Gold Coast Suns,19.6,1.0,79.2
46162,Essendon Bombers,Gold Coast Suns,11.2,1.3333333333333333,52.0
45371,Adelaide Crows,Collingwood Magpies,8.4,,31.8
45791,Collingwood Magpies,Adelaide Crows,9.8,1.0,42.0
43706,Brisbane Lions,Geelong Cats,4.25,1.0,35.4
43337,Fremantle Dockers,Gold Coast Suns,16.6,,62.6
44631,Fremantle Dockers,Gold Coast Suns,16.0,,58.0
44895,Fremantle Dockers,Gold Coast Suns,23.4,1.0,78.6
43412,Fremantle Dockers,Gold Coast Suns,17.6,1.6666666666666667,69.2
45280,Fremantle Dockers,Gold Coast Suns,13.6,,59.4
43858,Fremantle Dockers,Gold Coast Suns,6.75,,16.8
44620,Fremantle Dockers,Gold Coast Suns,10.75,,39.0
44845,Fremantle Dockers,Gold Coast Suns,17.4,,66.4
43567,Fremantle Dockers,Gold Coast Suns,24.5,,77.2
45154,Fremantle Dockers,Gold Coast Suns,9.2,3.0,51.2
46267,Fremantle Dockers,Gold Coast Suns,10.8,1.2,56.2
43508,Greater Western Sydney Giants,Hawthorn Hawks,26.0,1.0,104.0
43797,Fremantle Dockers,Gold Coast Suns,12.0,1.0,58.8
43632,Fremantle Dockers,Gold Coast Suns,9.0,,40.8
46081,Fremantle Dockers,Gold Coast Suns,6.4,1.3333333333333333,26.6
43850,Fremantle Dockers,Gold Coast Suns,12.6,2.6666666666666665,64.0
44665,Fremantle Dockers,Gold Coast Suns,10.0,1.0,42.8
44123,Greater Western Sydney Giants,Hawthorn Hawks,17.0,,68.6
43544,Fremantle Dockers,Gold Coast Suns,9.8,,41.4
43709,Hawthorn Hawks,Greater Western Sydney Giants,7.4,1.3333333333333333,43.8
43680,Fremantle Dockers,Gold Coast Suns,6.0,,64.6
45068,Greater Western Sydney Giants,Hawthorn Hawks,12.0,,50.6
43293,Greater Western Sydney Giants,Hawthorn Hawks,16.2,1.0,65.4
44054,Greater Western Sydney Giants,Hawthorn Hawks,20.2,1.0,89.6
44624,Greater Western Sydney Giants,Hawthorn Hawks,16.0,1.0,63.8
43362,Greater Western Sydney Giants,Hawthorn Hawks,11.4,1.4,58.2
43276,Greater Western Sydney Giants,Hawthorn Hawks,8.8,,32.2
45080,Greater Western Sydney Giants,Hawthorn Hawks,13.4,1.0,60.8
44208,Greater Western Sydney Giants,Hawthorn Hawks,18.0,2.0,68.6
45524,Greater Western Sydney Giants,Hawthorn Hawks,11.2,,46.4
45111,Fremantle Dockers,Gold Coast Suns,11.6,2.5,66.8
45033,Greater Western Sydney Giants,Hawthorn Hawks,12.0,2.8,66.2
43445,Greater Western Sydney Giants,Hawthorn Hawks,11.4,,70.0
44178,Greater Western Sydney Giants,Hawthorn Hawks,14.8,1.5,57.0
43505,Greater Western Sydney Giants,Hawthorn Hawks,10.0,2.75,64.0
43606,Greater Western Sydney Giants,Hawthorn Hawks,16.2,1.0,61.8
43286,Fremantle Dockers,Gold Coast Suns,7.2,3.0,45.4
44128,Fremantle Dockers,Gold Coast Suns,18.8,1.25,88.8
44773,Greater Western Sydney Giants,Hawthorn Hawks,10.8,1.5,60.4
44067,Greater Western Sydney Giants,Hawthorn Hawks,8.8,2.75,55.6
45296,Fremantle Dockers,Gold Coast Suns,14.5,2.0,49.0
43308,Greater Western Sydney Giants,Hawthorn Hawks,24.0,1.0,84.8
43439,Fremantle Dockers,Gold Coast Suns,23.8,1.0,82.8
45230,Greater Western Sydney Giants,Hawthorn Hawks,28.2,,110.0
43936,Greater Western Sydney Giants,Hawthorn Hawks,25.6,1.0,84.4
43932,Greater Western Sydney Giants,Hawthorn Hawks,17.0,2.4,86.8
43461,Greater Western Sydney Giants,Hawthorn Hawks,9.4,3.0,49.6
43700,Adelaide Crows,Hawthorn Hawks,22.4,1.3333333333333333,110.0
43381,Adelaide Crows,Hawthorn Hawks,10.2,,61.8
44564,Adelaide Crows,Hawthorn Hawks,1.8,,30.8
43654,Adelaide Crows,Hawthorn Hawks,9.4,1.0,64.4
44490,Adelaide Crows,Hawthorn Hawks,17.6,,68.4
44672,Adelaide Crows,Hawthorn Hawks,7.0,2.0,43.6
45161,Adelaide Crows,Hawthorn Hawks,14.0,2.2,68.0
43832,Adelaide Crows,Hawthorn Hawks,12.6,1.25,54.8
44584,Adelaide Crows,Hawthorn Hawks,15.4,1.0,66.4
45915,Adelaide Crows,Hawthorn Hawks,10.5,1.0,41.8
44981,Adelaide Crows,Hawthorn Hawks,18.4,1.0,64.6
44613,Adelaide Crows,Hawthorn Hawks,12.2,,89.6
43663,Adelaide Crows,Hawthorn Hawks,13.2,1.0,66.8
45077,Adelaide Crows,Hawthorn Hawks,14.2,2.6,91.2
44249,Adelaide Crows,Hawthorn Hawks,23.8,1.0,93.6
44742,Adelaide Crows,Hawthorn Hawks,10.0,2.6666666666666665,49.6
45282,Adelaide Crows,Hawthorn Hawks,21.4,,80.2
44670,Adelaide Crows,Hawthorn Hawks,13.4,1.6666666666666667,56.0
44203,Adelaide Crows,Hawthorn Hawks,14.8,2.0,66.0
44201,Adelaide Crows,Hawthorn Hawks,17.6,,63.2
44058,Adelaide Crows,Hawthorn Hawks,14.2,,53.8
44961,Adelaide Crows,Hawthorn Hawks,12.0,1.0,47.8
44485,Adelaide Crows,Hawthorn Hawks,13.8,,55.6
44603,Gold Coast Suns,Brisbane Lions,19.2,,79.6
43291,Gold Coast Suns,Brisbane Lions,17.2,1.0,67.6
43601,Gold Coast Suns,Brisbane Lions,11.2,,44.0
44726,Gold Coast Suns,Brisbane Lions,18.8,1.0,74.2
43825,Gold Coast Suns,Brisbane Lions,14.6,,48.2
43273,Gold Coast Suns,Brisbane Lions,13.25,1.6666666666666667,48.6
44790,Gold Coast Suns,Brisbane Lions,16.4,1.0,61.0
44142,Gold Coast Suns,Brisbane Lions,15.4,,52.8
44225,Gold Coast Suns,Brisbane Lions,7.8,4.5,61.6
44755,Gold Coast Suns,Brisbane Lions,9.0,1.3333333333333333,42.2
45047,Gold Coast Suns,Brisbane Lions,7.2,,30.8
45271,Gold Coast Suns,Brisbane Lions,14.0,1.0,96.8
43807,Gold Coast Suns,Brisbane Lions,8.6,1.25,49.4
43289,Gold Coast Suns,Brisbane Lions,27.6,3.0,89.0
44829,Gold Coast Suns,Brisbane Lions,28.2,1.5,96.4
44497,Gold Coast Suns,Brisbane Lions,22.4,,96.4
43817,Gold Coast Suns,Brisbane Lions,19.6,1.3333333333333333,77.6
45140,Gold Coast Suns,Brisbane Lions,16.6,,69.8
43689,Gold Coast Suns,Brisbane Lions,16.0,1.0,56.4
44305,Gold Coast Suns,Brisbane Lions,11.0,2.2,58.6
45208,Gold Coast Suns,Brisbane Lions,16.0,,56.8
43480,Gold Coast Suns,Brisbane Lions,10.4,1.5,45.4
44105,Gold Coast Suns,Brisbane Lions,13.25,2.5,72.4
44280,Hawthorn Hawks,Geelong Cats,5.5,1.0,38.2
44926,Hawthorn Hawks,Geelong Cats,21.0,,81.4
44466,Hawthorn Hawks,Geelong Cats,13.6,2.0,96.0
43550,Hawthorn Hawks,Geelong Cats,5.4,2.6666666666666665,64.4
44125,Hawthorn Hawks,Geelong Cats,22.6,,87.6
44589,Hawthorn Hawks,Geelong Cats,27.5,1.0,90.0
44578,Hawthorn Hawks,Geelong Cats,20.4,,66.6
45019,Geelong Cats,Hawthorn Hawks,16.8,1.0,92.8
45177,Hawthorn Hawks,Geelong Cats,21.8,,73.4
43673,Hawthorn Hawks,Geelong Cats,17.2,,56.6
43346,Hawthorn Hawks,Geelong Cats,9.25,,31.4
45201,Hawthorn Hawks,Geelong Cats,11.8,1.0,75.4
44885,Hawthorn Hawks,Geelong Cats,15.0,,62.4
43955,Hawthorn Hawks,Geelong Cats,11.6,4.2,83.0
43285,Hawthorn Hawks,Geelong Cats,25.0,1.0,87.0
44335,Hawthorn Hawks,Geelong Cats,18.8,1.6666666666666667,73.0
45281,Hawthorn Hawks,Geelong Cats,22.4,1.0,71.8
43897,Hawthorn Hawks,Geelong Cats,19.0,2.5,66.4
43354,Hawthorn Hawks,Geelong Cats,19.0,,66.8
44149,Hawthorn Hawks,Geelong Cats,10.4,,34.8
44522,Hawthorn Hawks,Geelong Cats,22.0,1.25,84.4
43494,Hawthorn Hawks,Geelong Cats,12.8,1.5,65.0
43993,Hawthorn Hawks,Geelong Cats,17.0,,67.8
45192,Hawthorn Hawks,Geelong Cats,10.8,1.4,51.8
44405,Collingwood Magpies,Brisbane Lions,12.2,,56.4
44307,Collingwood Magpies,Brisbane Lions,16.2,1.0,67.4
44488,Collingwood Magpies,Brisbane Lions,8.8,1.3333333333333333,48.2
46308,Collingwood Magpies,Brisbane Lions,9.0,,36.0
44673,Collingwood Magpies,Brisbane Lions,23.75,,87.4
43635,Collingwood Magpies,Brisbane Lions,6.2,,39.0
44878,Collingwood Magpies,Brisbane Lions,16.0,1.3333333333333333,82.8
44740,Collingwood Magpies,Brisbane Lions,12.25,,59.6
43788,Collingwood Magpies,Brisbane Lions,10.0,2.25,60.6
43844,Collingwood Magpies,Brisbane Lions,11.4,,48.2
44090,Collingwood Magpies,Brisbane Lions,17.8,1.0,64.4
44521,Collingwood Magpies,Brisbane Lions,11.75,,48.4
44383,Collingwood Magpies,Brisbane Lions,17.4,1.0,70.4
44472,Collingwood Magpies,Brisbane Lions,7.4,1.3333333333333333,36.8
44285,Collingwood Magpies,Brisbane Lions,15.2,1.0,56.8
44927,Collingwood Magpies,Brisbane Lions,18.2,2.0,78.0
43668,Collingwood Magpies,Brisbane Lions,26.0,1.0,97.0
43514,Collingwood Magpies,Brisbane Lions,16.2,1.0,93.0
44678,Collingwood Magpies,Brisbane Lions,14.8,,59.2
45472,Collingwood Magpies,Brisbane Lions,18.0,1.0,61.6
44097,Collingwood Magpies,Brisbane Lions,8.75,,29.2
43380,Brisbane Lions,Collingwood Magpies,20.8,1.0,82.0
43667,Collingwood Magpies,Brisbane Lions,17.2,,82.8
43641,Collingwood Magpies,Brisbane Lions,15.0,1.0,85.0
44356,Geelong Cats,Brisbane Lions,12.4,2.5,91.8
45474,Geelong Cats,Brisbane Lions,7.0,1.0,55.2
44551,Geelong Cats,Brisbane Lions,4.4,1.0,40.0
43827,Brisbane Lions,Geelong Cats,22.6,1.0,92.8
45999,Brisbane Lions,Geelong Cats,16.0,,63.2
46198,Brisbane Lions,Geelong Cats,15.2,,56.2
43842,Brisbane Lions,Geelong Cats,12.0,1.0,84.8
43290,Brisbane Lions,Geelong Cats,12.8,,91.6
45006,Geelong Cats,Brisbane Lions,8.0,2.6666666666666665,70.6
44586,Geelong Cats,Brisbane Lions,8.2,2.4,63.2
45002,Brisbane Lions,Geelong Cats,11.8,,51.2
44372,Geelong Cats,Brisbane Lions,12.5,1.8,66.0
44400,Brisbane Lions,Geelong Cats,28.8,1.3333333333333333,99.4
45307,Brisbane Lions,Geelong Cats,27.6,1.0,111.4
44299,Brisbane Lions,Geelong Cats,12.2,2.0,67.6
43322,Brisbane Lions,Geelong Cats,22.5,2.0,93.4
43512,Brisbane Lions,Geelong Cats,10.8,1.75,56.2
44753,Brisbane Lions,Geelong Cats,14.8,2.0,72.8
45255,Brisbane Lions,Geelong Cats,24.6,,93.2
44030,Geelong Cats,Brisbane Lions,10.4,,46.6
43405,Geelong Cats,Brisbane Lions,15.0,1.3333333333333333,83.8
46105,Brisbane Lions,Geelong Cats,8.4,2.0,47.6
44073,Geelong Cats,Brisbane Lions,24.8,1.0,93.0
44276,Brisbane Lions,Geelong Cats,14.6,1.0,71.8
43312,Geelong Cats,Brisbane Lions,22.0,1.0,96.2
44770,Brisbane Lions,Geelong Cats,9.4,1.0,42.0
44617,Geelong Cats,Brisbane Lions,11.6,,46.2
45609,Geelong Cats,Brisbane Lions,10.8,,48.4
43717,Geelong Cats,Brisbane Lions,17.8,1.5,77.0
44639,Geelong Cats,Brisbane Lions,10.2,,53.0
43566,Geelong Cats,Brisbane Lions,7.2,,25.8
44487,Geelong Cats,Brisbane Lions,22.4,1.3333333333333333,88.0
43957,Geelong Cats,Brisbane Lions,16.6,,75.4
43581,Geelong Cats,Brisbane Lions,12.8,1.0,53.4
43516,Geelong Cats,Brisbane Lions,14.8,3.25,90.0
43424,Geelong Cats,Brisbane Lions,13.0,1.0,53.4
45000,Geelong Cats,Brisbane Lions,8.6,1.0,63.6
43674,Geelong Cats,Brisbane Lions,20.0,1.75,87.0
44429,Brisbane Lions,Geelong Cats,7.4,,54.6
44534,Brisbane Lions,Geelong Cats,8.5,1.8,48.2
44585,Brisbane Lions,Geelong Cats,31.8,1.0,112.6
43866,Brisbane Lions,Geelong Cats,11.4,,54.2
45314,Brisbane Lions,Geelong Cats,15.8,1.0,70.2
44960,Geelong Cats,Brisbane Lions,30.5,1.0,111.6
43756,Brisbane Lions,Geelong Cats,25.2,1.0,122.8
43307,Brisbane Lions,Geelong Cats,25.8,2.0,102.6
