city,title,price,location,beds,baths,area,added,url
Lahore,2-Kanal Ultra-Luxury Designer Fully Furnished With Basement House With Private Pool & Cinema & Playing Area For Sale At Top Location Close To Raya Masjid,PKR 53.5 Crore,"DHA Phase 6, DHA Defence",6,7,2 Kanal,Added: 1 hour ago,https://www.zameen.com/Property/dha_defence_dha_phase_6_2-kanal_ultra-luxury_designer_fully_furnished_with_basement_house_with_private_pool_cinema_playing_area_for_sale_at_top_location_close_to_raya_masjid-54146460-1448-1.html
Lahore,1 Kanal Brand New Architectural Masterpiece Spanish House For Sale | DHA Phase 7,PKR 8.72 Crore,"DHA Phase 7 - Block Y, DHA Phase 7",5,6,1 Kanal,Added: 2 hours ago,https://www.zameen.com/Property/dha_phase_7_dha_phase_7_-_block_y_1_kanal_brand_new_architectural_masterpiece_spanish_house_for_sale_dha_phase_7-54707045-1632-1.html
Lahore,1 KANAL HOUSE + 1 KANAL LAWN CORNER BRAND NEW MODERN HOUSE FOR SALE IN DHA PHASE 6,PKR 16.95 Crore,"DHA Phase 6, DHA Defence",6,7,2 Kanal,Added: 2 hours ago,https://www.zameen.com/Property/dha_defence_dha_phase_6_1_kanal_house_1_kanal_lawn_corner_brand_new_modern_house_for_sale_in_dha_phase_6-54733857-1448-1.html
Lahore,5 Marla Brand New Luxury Ultra Modern Style Super Hot Location All Original Picture Attached With Direct Owner Available For Sale In Johar Town Phase 2.,PKR 3.85 Crore,"Johar Town Phase 2, Johar Town",5,6,5 Marla,Added: 3 hours ago,https://www.zameen.com/Property/johar_town_johar_town_phase_2_5_marla_brand_new_luxury_ultra_modern_style_super_hot_location_all_original_picture_attached_with_direct_owner_available_for_sale_in_johar_town_phase_2-54779040-3961-1.html
Lahore,16 Kanal Farm House Hudiara Barki Road FOR SALE,PKR 15 Crore,"Barki Road, Cantt",6,6,16 Kanal,Added: 3 hours ago,https://www.zameen.com/Property/cantt_barki_road_16_kanal_farm_house_hudiara_barki_road_for_sale-54693864-8147-1.html
Lahore,On Excellent Location 10 Kanal Farm House In Central Barki Road For sale,PKR 19 Crore,"Barki Road, Cantt",,,10 Kanal,Added: 4 minutes ago,https://www.zameen.com/Property/cantt_barki_road_on_excellent_location_10_kanal_farm_house_in_central_barki_road_for_sale-54451039-8147-1.html
Lahore,Good 20 Kanal Farm House For sale In Barki Road,PKR 14 Crore,"Barki Road, Cantt",4,5,20 Kanal,Added: 6 minutes ago,https://www.zameen.com/Property/cantt_barki_road_good_20_kanal_farm_house_for_sale_in_barki_road-54374154-8147-1.html
Lahore,Good Location 1 Kanal Farm House In Cantt Of Lahore Is Available For Sale,PKR 88 Lakh,"Lahore Organic Farms, Barki Road",,,1 Kanal,Added: 9 minutes ago,https://www.zameen.com/Property/barki_road_lahore_organic_farms_good_location_1_kanal_farm_house_in_cantt_of_lahore_is_available_for_sale-54451167-22180-1.html
Lahore,DHA RAHBAR FIVE MARLA BRAND NEW HOUSE ON 100 FT WIDE ROAD IS AVAILABLE FOR SALE,PKR 3.3 Crore,"DHA 11 Rahbar, Lahore",3,4,5 Marla,Added: 1 hour ago,https://www.zameen.com/Property/lahore_dha_11_rahbar_dha_rahbar_five_marla_brand_new_house_on_100_ft_wide_road_is_available_for_sale-54714225-1410-1.html
Lahore,1 Kanal Double Unit House at 10 Marla Price | Full Basement | DHA Lahore,PKR 9.5 Crore,"DHA Phase 7, DHA Defence",8,7,1 Kanal,Added: 1 hour ago,https://www.zameen.com/Property/dha_defence_dha_phase_7_1_kanal_double_unit_house_at_10_marla_price_full_basement_dha_lahore-54763652-1450-1.html
Lahore,3 Years Installment Plan Luxury 1.5 Storey 5 Marla Brand New House In Park View City Lahore,PKR 1.5 Crore,"Park View City, Lahore",3,2,5 Marla,Added: 3 minutes ago,https://www.zameen.com/Property/lahore_park_view_city_3_years_installment_plan_luxury_1_5_storey_5_marla_brand_new_house_in_park_view_city_lahore-54684398-1466-1.html
Lahore,5 Marla Most Luxuries Ultra Modern House For Sale In DHA Phase 9 TOWN Near Park & Commercial,PKR 2.75 Crore,"DHA 9 Town, DHA Defence",3,4,5 Marla,Added: 53 minutes ago,https://www.zameen.com/Property/dha_defence_dha_9_town_5_marla_most_luxuries_ultra_modern_house_for_sale_in_dha_phase_9_town_near_park_commercial-54661126-1452-1.html
Lahore,A Beautiful Dream House Hot Location Prime Location,PKR 1.05 Crore,"Fahad Town, GT Road",7,4,5 Marla,Added: 3 minutes ago,https://www.zameen.com/Property/gt_road_fahad_town_a_beautiful_dream_house_hot_location_prime_location-54337129-13915-1.html
Lahore,3 Marla Luxury House Available Investor Rate Opposite Lake City,PKR 1.12 Crore,"Al-Kabir Town - Phase 2, Al-Kabir Town",4,4,3 Marla,Added: 3 minutes ago,https://www.zameen.com/Property/al_kabir_town_al-kabir_town_-_phase_2_3_marla_luxury_house_available_investor_rate_opposite_lake_city-54489829-11704-1.html
Lahore,"5 Marla Ultra-Luxury 4-Bedroom House For Sale Tulip Overseas Block, Park View City Lahore",PKR 2.25 Crore,"Park View City - Tulip Overseas, Park View City",4,4,5 Marla,Added: 5 minutes ago,https://www.zameen.com/Property/park_view_city_park_view_city_-_tulip_overseas_5_marla_ultra-luxury_4-bedroom_house_for_sale_tulip_overseas_block_park_view_city_lahore-54318538-13754-1.html
Lahore,"5 Marla Ultra-Luxury 4-Bedroom House For Sale Near Park, Park View City Lahore",PKR 1.55 Crore,"Park View City - Platinum Block, Park View City",4,4,5 Marla,Added: 5 minutes ago,https://www.zameen.com/Property/park_view_city_park_view_city_-_platinum_block_5_marla_ultra-luxury_4-bedroom_house_for_sale_near_park_park_view_city_lahore-54284095-16617-1.html
Lahore,Prime Location 32 Kanal Farm House In Beautiful Location Of Barki Road In Lahore,PKR 22 Crore,"Barki Road, Cantt",,,32 Kanal,Added: 5 minutes ago,https://www.zameen.com/Property/cantt_barki_road_prime_location_32_kanal_farm_house_in_beautiful_location_of_barki_road_in_lahore-54451189-8147-1.html
Lahore,ULTRA MODERN DESIGN HOUSE FOR SALE IN DHA PHASE 7 NEAR TO RAYA GOLF CLUB FACING PARK,PKR 6.85 Crore,"DHA Phase 7 - Block Y, DHA Phase 7",5,6,1 Kanal,Added: 2 minutes ago,https://www.zameen.com/Property/dha_phase_7_dha_phase_7_-_block_y_ultra_modern_design_house_for_sale_in_dha_phase_7_near_to_raya_golf_club_facing_park-54746177-1632-1.html
Lahore,1 Kanal Classic Villa For Sale In DHA Phase 7 Lahore,PKR 7.19 Crore,"DHA Phase 7, DHA Defence",5,6,1 Kanal,Added: 2 minutes ago,https://www.zameen.com/Property/dha_defence_dha_phase_7_1_kanal_classic_villa_for_sale_in_dha_phase_7_lahore-54753837-1450-1.html
Lahore,1 Kanal Magnificent Ultra Modern Double Height Lobby Bungalow For Sale Near To |Raya Fairways Commercial,PKR 7.15 Crore,"DHA Phase 7 - Block Z, DHA Phase 7",5,6,1 Kanal,Added: 3 minutes ago,https://www.zameen.com/Property/dha_phase_7_dha_phase_7_-_block_z_1_kanal_magnificent_ultra_modern_double_height_lobby_bungalow_for_sale_near_to_raya_fairways_commercial-54768433-9424-1.html
Lahore,1 KANAL ULTRA MODERN DESIGN HOUSE FOR SALE IN DHA PHASE 7 NEAR TO RAYA GOLF CLUB FACING PARK,PKR 7.35 Crore,"DHA Phase 7 - Block U, DHA Phase 7",5,6,1 Kanal,Added: 3 minutes ago,https://www.zameen.com/Property/dha_phase_7_dha_phase_7_-_block_u_1_kanal_ultra_modern_design_house_for_sale_in_dha_phase_7_near_to_raya_golf_club_facing_park-54768432-1628-1.html
Lahore,Mazhar Munir Design 01 Kanal Ultra Modern Bungalow For Sale In DHA Lahore,PKR 7.39 Crore,"DHA Phase 7, DHA Defence",5,6,1 Kanal,Added: 3 minutes ago,https://www.zameen.com/Property/dha_defence_dha_phase_7_mazhar_munir_design_01_kanal_ultra_modern_bungalow_for_sale_in_dha_lahore-54763424-1450-1.html
Lahore,3 Years Installment Plan Luxury 5 Marla Brand New House In Park View City Lahore,PKR 1.8 Crore,"Park View City, Lahore",4,5,5 Marla,Added: 4 minutes ago,https://www.zameen.com/Property/lahore_park_view_city_3_years_installment_plan_luxury_5_marla_brand_new_house_in_park_view_city_lahore-54732422-1466-1.html
Lahore,3 Years Installment Plan Luxury 5 Marla Brand New House In Park View City Lahore,PKR 2.3 Crore,"Park View City, Lahore",4,5,5 Marla,Added: 4 minutes ago,https://www.zameen.com/Property/lahore_park_view_city_3_years_installment_plan_luxury_5_marla_brand_new_house_in_park_view_city_lahore-54732926-1466-1.html
Lahore,3 Years Installment Plan Luxury 1.5 Story 5 Marla Brand New House In Park View City Lahore,PKR 1.5 Crore,"Park View City, Lahore",3,2,5 Marla,Added: 4 minutes ago,https://www.zameen.com/Property/lahore_park_view_city_3_years_installment_plan_luxury_1_5_story_5_marla_brand_new_house_in_park_view_city_lahore-54732937-1466-1.html
Lahore,30 Marla Top Quality Build Luxurious Beautiful Modern Design Villa Full Furnished With Basement 15 Kv Solar Installed For Sale In DHA Lahore Phase 7 Prime Location,PKR 11.65 Crore,"DHA Phase 7, DHA Defence",6,6,1.5 Kanal,Added: 4 hours ago,https://www.zameen.com/Property/dha_defence_dha_phase_7_30_marla_top_quality_build_luxurious_beautiful_modern_design_villa_full_furnished_with_basement_15_kv_solar_installed_for_sale_in_dha_lahore_phase_7_prime_location-52658854-1450-1.html
Lahore,5 Marla Adorable Bungalow On Top Location For Sale In DHA Phase 9 Town Lahore,PKR 2.75 Crore,"DHA 9 Town - Block A, DHA 9 Town",3,4,5 Marla,Added: 5 hours ago,https://www.zameen.com/Property/dha_9_town_dha_9_town_-_block_a_5_marla_adorable_bungalow_on_top_location_for_sale_in_dha_phase_9_town_lahore-54380667-8173-1.html
Lahore,Near MacDonald And Park 10 Marla Full Basement Modern Design Luxury Living Villa for Sale,PKR 5 Crore,"DHA Phase 7, DHA Defence",4,5,10 Marla,Added: 5 hours ago,https://www.zameen.com/Property/dha_defence_dha_phase_7_near_macdonald_and_park_10_marla_full_basement_modern_design_luxury_living_villa_for_sale-54724837-1450-1.html
Lahore,"2 Kanal Used Modern Design Most Beautiful Bungalow . DHA Phase 1 - Block M, DHA Phase 1, DHA Defence, Lahore, Punjab",PKR 18 Crore,"DHA Phase 1 - Block L, DHA Phase 1",7,7,2 Kanal,Added: 5 hours ago,https://www.zameen.com/Property/dha_phase_1_dha_phase_1_-_block_l_2_kanal_used_modern_design_most_beautiful_bungalow_dha_phase_1_-_block_m_dha_phase_1_dha_defence_lahore_punjab-54673323-1652-1.html
Lahore,Ultra Luxury 2027 Designed Brand New House For Sale At Top Location Close To Raya Macdonald Park,PKR 15.75 Crore,"DHA Phase 7, DHA Defence",5,6,1 Kanal,Added: 5 hours ago,https://www.zameen.com/Property/dha_defence_dha_phase_7_ultra_luxury_2027_designed_brand_new_house_for_sale_at_top_location_close_to_raya_macdonald_park-49802554-1450-1.html
Lahore,"10 Marla Double Story Luxury House For Sale LDA Avenue One, Lahore",PKR 4.5 Crore,"LDA Avenue - Block J, LDA Avenue",6,6,10 Marla,Added: 2 hours ago,https://www.zameen.com/Property/lda_avenue_lda_avenue_-_block_j_10_marla_double_story_luxury_house_for_sale_lda_avenue_one_lahore-54704823-8167-1.html
Lahore,10 Marla Brand-New Luxury Triple-Storey 7-Bed House For Sale In M Block LDA Avenue One Lahore,PKR 4 Crore,"LDA Avenue - Block J, LDA Avenue",7,7,10 Marla,Added: 2 hours ago,https://www.zameen.com/Property/lda_avenue_lda_avenue_-_block_j_10_marla_brand-new_luxury_triple-storey_7-bed_house_for_sale_in_m_block_lda_avenue_one_lahore-54704620-8167-1.html
Lahore,Brand New 3 Marlas House For Sale In Al Kabir Town PH 2 Block C,PKR 1.75 Crore,"Al-Kabir Phase 2 - Block C, Al-Kabir Town - Phase 2",3,4,3 Marla,Added: 2 hours ago,https://www.zameen.com/Property/al_kabir_town_phase_2_al-kabir_phase_2_-_block_c_brand_new_3_marlas_house_for_sale_in_al_kabir_town_ph_2_block_c-54766607-11707-1.html
Lahore,100% Original Picture DHA Phase 9 Town 5 Marla Ultra Modern House For Sale,PKR 2.9 Crore,"DHA 9 Town, DHA Defence",3,4,5 Marla,Added: 3 hours ago,https://www.zameen.com/Property/dha_defence_dha_9_town_100_original_picture_dha_phase_9_town_5_marla_ultra_modern_house_for_sale-54776879-1452-1.html
Lahore,5 Marla Most Beautiful House Available For Sale In Dha Lahore,PKR 2.54 Crore,"DHA 9 Town, DHA Defence",3,4,5 Marla,Added: 3 hours ago,https://www.zameen.com/Property/dha_defence_dha_9_town_5_marla_most_beautiful_house_available_for_sale_in_dha_lahore-53173692-1452-1.html
Lahore,2-Kanal Mazhar Muneer Design 7 Bed Full Basement with Pool & Home Theater AT Top Location Near Dolmen Mall,PKR 37 Crore,"DHA Phase 6 - Block E, DHA Phase 6",7,7,2 Kanal,Added: 1 hour ago,https://www.zameen.com/Property/dha_phase_6_dha_phase_6_-_block_e_2-kanal_mazhar_muneer_design_7_bed_full_basement_with_pool_home_theater_at_top_location_near_dolmen_mall-54146143-1614-1.html
Lahore,Remarkable Architecture. Extraordinary Interiors. Fully Furnished Architectural Statement In DHA Phase 7,PKR 19 Crore,"DHA Phase 7, DHA Defence",5,7,1 Kanal,Added: 2 hours ago,https://www.zameen.com/Property/dha_defence_dha_phase_7_remarkable_architecture_extraordinary_interiors_fully_furnished_architectural_statement_in_dha_phase_7-54775233-1450-1.html
Lahore,A Beautiful Dream House Hot Location Brand New House,PKR 57 Lakh,"Manawan, Lahore",3,4,3 Marla,Added: 7 minutes ago,https://www.zameen.com/Property/lahore_manawan_a_beautiful_dream_house_hot_location_brand_new_house-54111008-9282-1.html
Lahore,A Beautiful Dream House Hot Location,PKR 97 Lakh,"Ghous Garden - Phase 4, Ghous Garden",3,4,3 Marla,Added: 8 minutes ago,https://www.zameen.com/Property/ghous_garden_ghous_garden_-_phase_4_a_beautiful_dream_house_hot_location-54337116-12026-1.html
Lahore,"5 Marla Slightly Used House 10Kv Solar System Installed For Sale In Platinum Block Parkview City, Lahore",PKR 1.85 Crore,"Park View City - Platinum Block, Park View City",4,4,5 Marla,Added: 13 minutes ago,https://www.zameen.com/Property/park_view_city_park_view_city_-_platinum_block_5_marla_slightly_used_house_10kv_solar_system_installed_for_sale_in_platinum_block_parkview_city_lahore-54779745-16617-1.html
Lahore,"5 Marla Brand New Double Storey House for Sale DHA Phase 9 Town, Block B. Lahore",PKR 2.65 Crore,"DHA 9 Town, DHA Defence",3,4,5 Marla,Added: 15 minutes ago,https://www.zameen.com/Property/dha_defence_dha_9_town_5_marla_brand_new_double_storey_house_for_sale_dha_phase_9_town_block_b_lahore-54495606-1452-1.html
Lahore,"5 Marla Brand New Double Storey House For Sale DHA Phase 9 Town, Block A, Lahore",PKR 2.75 Crore,"DHA 9 Town, DHA Defence",3,4,5 Marla,Added: 15 minutes ago,https://www.zameen.com/Property/dha_defence_dha_9_town_5_marla_brand_new_double_storey_house_for_sale_dha_phase_9_town_block_a_lahore-54495493-1452-1.html
Lahore,3 Years Installment Plan Luxury 5 Marla Brand New House In Park View City Lahore,PKR 1.6 Crore,"Park View City, Lahore",4,5,5 Marla,Added: 4 minutes ago,https://www.zameen.com/Property/lahore_park_view_city_3_years_installment_plan_luxury_5_marla_brand_new_house_in_park_view_city_lahore-54733868-1466-1.html
Lahore,3 Years Installment Plan Luxury 5 Marla Brand New House In Park View City Lahore,PKR 1.7 Crore,"Park View City, Lahore",4,5,5 Marla,Added: 4 minutes ago,https://www.zameen.com/Property/lahore_park_view_city_3_years_installment_plan_luxury_5_marla_brand_new_house_in_park_view_city_lahore-54733874-1466-1.html
Lahore,3 Years Installment Plan Luxury 5 Marla Brand New House In Park View City Lahore,PKR 1.8 Crore,"Park View City, Lahore",4,5,5 Marla,Added: 5 minutes ago,https://www.zameen.com/Property/lahore_park_view_city_3_years_installment_plan_luxury_5_marla_brand_new_house_in_park_view_city_lahore-54734140-1466-1.html
Lahore,1 Kanal Brand New Ultra Modern Luxurious Bungalow For Sale,PKR 8.75 Crore,"DHA Phase 7, DHA Defence",5,6,1 Kanal,Added: 17 minutes ago,https://www.zameen.com/Property/dha_defence_dha_phase_7_1_kanal_brand_new_ultra_modern_luxurious_bungalow_for_sale-52392724-1450-1.html
Lahore,100 Percent Original Pictures Top Of Line 1 Kanal Full Furnished Victorian Bungalow Available For Sale In DHA Phase 7,PKR 8.5 Crore,"DHA Phase 7 - Block T, DHA Phase 7",5,6,1 Kanal,Added: 17 minutes ago,https://www.zameen.com/Property/dha_phase_7_dha_phase_7_-_block_t_100_percent_original_pictures_top_of_line_1_kanal_full_furnished_victorian_bungalow_available_for_sale_in_dha_phase_7-52399591-1627-1.html
Lahore,"6 KV Solar 5 Marla Brand New House with WAPDA for Sale in BB Block, Central Park Lahore",PKR 2.7 Crore,"Central Park - Block BB, Central Park Housing Scheme",4,4,5 Marla,Added: 17 minutes ago,https://www.zameen.com/Property/central_park_housing_scheme_central_park_-_block_bb_6_kv_solar_5_marla_brand_new_house_with_wapda_for_sale_in_bb_block_central_park_lahore-54774450-20731-1.html
Lahore,1 Kanal Most Luxury Beautiful Design Bungalow For Sale By Mansoor Nabi Architect,PKR 7.5 Crore,"DHA Phase 7, DHA Defence",5,6,1 Kanal,Added: 17 minutes ago,https://www.zameen.com/Property/dha_defence_dha_phase_7_1_kanal_most_luxury_beautiful_design_bungalow_for_sale_by_mansoor_nabi_architect-53315873-1450-1.html
Lahore,Victorian Design 01 Kanal Most Luxurious Bungalow For Sale In DHA Phase 7,PKR 7.25 Crore,"DHA Phase 7 - Block T, DHA Phase 7",5,6,1 Kanal,Added: 17 minutes ago,https://www.zameen.com/Property/dha_phase_7_dha_phase_7_-_block_t_victorian_design_01_kanal_most_luxurious_bungalow_for_sale_in_dha_phase_7-54592630-1627-1.html
Lahore,"1 Kanal House For Sale Lake City Meadows (Near DHA Phase 5) 1 Kanal brand new luxury house available for sale in prime location of Lake City Meadows, Lahore.",PKR 7.5 Crore,"Lake City Meadows Phase 1 - Block B, Lake City Meadows Phase 1",5,6,1 Kanal,Added: 5 hours ago,https://www.zameen.com/Property/lake_city_meadows_phase_1_lake_city_meadows_phase_1_-_block_b_1_kanal_house_for_sale_lake_city_meadows_near_dha_phase_5_1_kanal_brand_new_luxury_house_available_for_sale_in_prime_location_of_lake_city_meadows_lahore-54721400-4192-1.html
Lahore,Near To Mosque House Sized 5 Marla In Park View City,PKR 1.65 Crore,"Park View City, Lahore",4,4,5 Marla,Added: 5 hours ago,https://www.zameen.com/Property/lahore_park_view_city_near_to_mosque_house_sized_5_marla_in_park_view_city-54691947-1466-1.html
Lahore,*3 MARLA TRIPLE-STORY HOUSE FOR SALE KBC*,PKR 1.5 Crore,"Khuda Buksh Colony, Cantt",5,6,3 Marla,Added: 6 hours ago,https://www.zameen.com/Property/cantt_khuda_buksh_colony_3_marla_triple-story_house_for_sale_kbc-54778733-3672-1.html
Lahore,Prime Location 20 Marla House For Sale In Lahore,PKR 17 Crore,"DHA Phase 8 - Block V, DHA Phase 8",7,6,1 Kanal,Added: 6 hours ago,https://www.zameen.com/Property/dha_phase_8_dha_phase_8_-_block_v_prime_location_20_marla_house_for_sale_in_lahore-54776646-1637-1.html
Lahore,KANAL ULTRA MODERN FULLY FURNISHED BUNGALOW FOR Sale PHASE 7 NEAR RAYA FAIRWAYS COMMERCIAL,PKR 19 Crore,"DHA Phase 7 - Block R, DHA Phase 7",5,6,1 Kanal,Added: 6 hours ago,https://www.zameen.com/Property/dha_phase_7_dha_phase_7_-_block_r_kanal_ultra_modern_fully_furnished_bungalow_for_sale_phase_7_near_raya_fairways_commercial-54607393-1625-1.html
Lahore,Near To Mosque One Kanal Brand New Luxury Ultra-Modern Bungalow For Sale In DHA Phase 6,PKR 12.25 Crore,"DHA Phase 6, DHA Defence",5,7,1 Kanal,Added: 4 hours ago,https://www.zameen.com/Property/dha_defence_dha_phase_6_near_to_mosque_one_kanal_brand_new_luxury_ultra-modern_bungalow_for_sale_in_dha_phase_6-54421976-1448-1.html
Lahore,16 Marla House For Sale Available In Valencia Housing Society Lahore Facing Road 80 Foot Bijali Pani Gas Available,PKR 5.5 Crore,"Valencia Housing Society, Lahore",5,6,16 Marla,Added: 4 hours ago,https://www.zameen.com/Property/lahore_valencia_housing_society_16_marla_house_for_sale_available_in_valencia_housing_society_lahore_facing_road_80_foot_bijali_pani_gas_available-54420164-373-1.html
Lahore,1 Kanal Brand New Luxury House For Sale Available In Valencia Town Housing Society In Lahore Bijli Pani Available,PKR 7.6 Crore,"Valencia Housing Society, Lahore",5,6,1 Kanal,Added: 4 hours ago,https://www.zameen.com/Property/lahore_valencia_housing_society_1_kanal_brand_new_luxury_house_for_sale_available_in_valencia_town_housing_society_in_lahore_bijli_pani_available-54483883-373-1.html
Lahore,ONE BED LUXURIOUS FURNISHED APARTMENT FOR SALE AT BAHRIA TOWN LAHORE,PKR 45 Lakh,"Bahria Town - Sector E, Bahria Town",1,1,2.2 Marla,Added: 4 hours ago,https://www.zameen.com/Property/bahria_town_bahria_town_-_sector_e_one_bed_luxurious_furnished_apartment_for_sale_at_bahria_town_lahore-54778673-1802-1.html
Lahore,Next To Park Ideal Location Nears Masjid 10 Marla House Available For Sale In DHA Phase 1 P Block,PKR 4 Crore,"DHA Phase 1 - Block P, DHA Phase 1",3,4,10 Marla,Added: 4 hours ago,https://www.zameen.com/Property/dha_phase_1_dha_phase_1_-_block_p_next_to_park_ideal_location_nears_masjid_10_marla_house_available_for_sale_in_dha_phase_1_p_block-54677047-1655-1.html
Lahore,1 Kanal Brand New Elegant Modern House For Sale | DHA Phase 7 Lahore,PKR 9.15 Crore,"DHA Phase 7, DHA Defence",5,6,1 Kanal,Added: 2 hours ago,https://www.zameen.com/Property/dha_defence_dha_phase_7_1_kanal_brand_new_elegant_modern_house_for_sale_dha_phase_7_lahore-54707043-1450-1.html
Lahore,607 Sqft Brand New Luxury Modern Style Facing Canal Near Doctor Hospital on Easy Installment 2 Years plan Available For Sale in 20 G1 Johar Town Lhr,PKR 1.58 Crore,"Bahria Town - Overseas A, Bahria Town - Overseas Enclave",1,1,2.7 Marla,Added: 2 hours ago,https://www.zameen.com/Property/bahria_town_overseas_enclave_bahria_town_-_overseas_a_607_sqft_brand_new_luxury_modern_style_facing_canal_near_doctor_hospital_on_easy_installment_2_years_plan_available_for_sale_in_20_g1_johar_town_lhr-54775190-1812-1.html
Lahore,5 Marla Luxury Designer House for Sale in DHA Phase 9 Town | Prime Location | Brand New,PKR 3.25 Crore,"DHA 9 Town, DHA Defence",3,5,5 Marla,Added: 15 minutes ago,https://www.zameen.com/Property/dha_defence_dha_9_town_5_marla_luxury_designer_house_for_sale_in_dha_phase_9_town_prime_location_brand_new-54474289-1452-1.html
Lahore,"5 Marla Brand New Double Storey House for Sale DHA Phase 9 Town, Lahore",PKR 2.72 Crore,"DHA 9 Town, DHA Defence",3,4,5 Marla,Added: 16 minutes ago,https://www.zameen.com/Property/dha_defence_dha_9_town_5_marla_brand_new_double_storey_house_for_sale_dha_phase_9_town_lahore-54534532-1452-1.html
Lahore,Full Basement With Home Theatre 1 Kanal Most Beautiful Design Bungalow For Sale At Prime Location Near To Dha Raya,PKR 9 Crore,"DHA Phase 6, DHA Defence",6,7,1 Kanal,Added: 17 minutes ago,https://www.zameen.com/Property/dha_defence_dha_phase_6_full_basement_with_home_theatre_1_kanal_most_beautiful_design_bungalow_for_sale_at_prime_location_near_to_dha_raya-52770332-1448-1.html
Lahore,Most Beautiful One Kanal Modern Design Luxury Bungalow For Sale In Dha Phase 7,PKR 8.95 Crore,"DHA Phase 7 - Block S, DHA Phase 7",5,6,1 Kanal,Added: 18 minutes ago,https://www.zameen.com/Property/dha_phase_7_dha_phase_7_-_block_s_most_beautiful_one_kanal_modern_design_luxury_bungalow_for_sale_in_dha_phase_7-52608071-1626-1.html
Lahore,Prime Location 1 Kanal Non Furnished Modern Design 6 Bedrooms Bungalow For Sale In Eden City Lahore,PKR 7.35 Crore,"Eden City, Eden",6,7,1 Kanal,Added: 20 minutes ago,https://www.zameen.com/Property/eden_eden_city_prime_location_1_kanal_non_furnished_modern_design_6_bedrooms_bungalow_for_sale_in_eden_city_lahore-54687410-409-1.html
Lahore,"GOLDEN OPPORTUNITY | LUXURY APARTMENTS ON EASY INSTALLMENTS* *Askari 11, Lahore | Offered by: Housing Directorate & Spring Field Developers",PKR 6.01 Crore,"Askari 11, Askari",3,3,13.4 Marla,Added: 19 minutes ago,https://www.zameen.com/Property/askari_askari_11_golden_opportunity_luxury_apartments_on_easy_installments_askari_11_lahore_offered_by_housing_directorate_spring_field_developers-54762234-1503-1.html
Lahore,"Brand New 8 Marla House For Sale In Y Block, DHA Phase 8 Lahore",PKR 3.75 Crore,"DHA Phase 8 - Block Y, DHA Phase 8",4,4,8 Marla,Added: 19 minutes ago,https://www.zameen.com/Property/dha_phase_8_dha_phase_8_-_block_y_brand_new_8_marla_house_for_sale_in_y_block_dha_phase_8_lahore-54669929-1640-1.html
Lahore,Outclass Location 1 Kanal Modern Luxury Design Bungalow 5 Bedrooms For Sale In Dha Phase 7 Lahore,PKR 10 Crore,"DHA Phase 7, DHA Defence",5,6,1 Kanal,Added: 20 minutes ago,https://www.zameen.com/Property/dha_defence_dha_phase_7_outclass_location_1_kanal_modern_luxury_design_bungalow_5_bedrooms_for_sale_in_dha_phase_7_lahore-54679586-1450-1.html
Lahore,"Brand New 1 Kanal House With 2 Servant Quarters For Sale In R Block, DHA Phase 7 Lahore",PKR 9.5 Crore,"DHA Phase 7 - Block R, DHA Phase 7",5,5,1 Kanal,Added: 20 minutes ago,https://www.zameen.com/Property/dha_phase_7_dha_phase_7_-_block_r_brand_new_1_kanal_house_with_2_servant_quarters_for_sale_in_r_block_dha_phase_7_lahore-54753172-1625-1.html
Lahore,"2 Kanal Ultra-Luxury Fully Furnished by Holzin Home with a Full Entertainment Basement for Sale in E Block, DHA Phase 6 Lahore",PKR 56 Crore,"DHA Phase 6 - Block E, DHA Phase 6",6,7,2 Kanal,Added: 20 minutes ago,https://www.zameen.com/Property/dha_phase_6_dha_phase_6_-_block_e_2_kanal_ultra-luxury_fully_furnished_by_holzin_home_with_a_full_entertainment_basement_for_sale_in_e_block_dha_phase_6_lahore-54753515-1614-1.html
Lahore,"Brand New 5 Marla Furnished House For Sale In Tulip Overseas Block, Park View City Lahore",PKR 2.1 Crore,"Park View City - Tulip Overseas, Park View City",4,4,5 Marla,Added: 22 minutes ago,https://www.zameen.com/Property/park_view_city_park_view_city_-_tulip_overseas_brand_new_5_marla_furnished_house_for_sale_in_tulip_overseas_block_park_view_city_lahore-54754734-13754-1.html
Lahore,"5 Marla Single-Story Gray Structure House for Sale in Crystal Block, Park View City, Lahore",PKR 1.15 Crore,"Park View City - Crystal Block, Park View City",2,2,5 Marla,Added: 22 minutes ago,https://www.zameen.com/Property/park_view_city_park_view_city_-_crystal_block_5_marla_single-story_gray_structure_house_for_sale_in_crystal_block_park_view_city_lahore-54754707-17960-1.html
Lahore,"BRAND NEW LUXURY HOUSE WITH BAR-B Q TOP AT HOT LOCATION ON 60 FT ROAD NEAR MARKET ,MASJID AND PARK AVAILABLE FOR SALE",PKR 4.65 Crore,"LDA Avenue, Lahore",7,,10 Marla,Added: 24 minutes ago,https://www.zameen.com/Property/lahore_lda_avenue_brand_new_luxury_house_with_bar-b_q_top_at_hot_location_on_60_ft_road_near_market_masjid_and_park_available_for_sale-54651511-547-1.html
Lahore,CORNER 1 KANAL HOUSE FOR SALE IN DHA PHASE 7 LAHORE NEAR MCDONALDS AND IT CITY,PKR 7.8 Crore,"DHA Phase 7, DHA Defence",5,6,1 Kanal,Added: 6 hours ago,https://www.zameen.com/Property/dha_defence_dha_phase_7_corner_1_kanal_house_for_sale_in_dha_phase_7_lahore_near_mcdonalds_and_it_city-54581094-1450-1.html
Lahore,"1 KANAL | 5-BEDROOM LUXURY HOUSE FOR SALE IN DHA PHASE 7, LAHORE",PKR 9.9 Crore,"DHA Phase 7 - Block U, DHA Phase 7",5,6,1 Kanal,Added: 6 hours ago,https://www.zameen.com/Property/dha_phase_7_dha_phase_7_-_block_u_1_kanal_5-bedroom_luxury_house_for_sale_in_dha_phase_7_lahore-54700180-1628-1.html
Lahore,1 KANAL LUXURY HOUSE FOR SALE IN DHA LAHORE | MODERN DESIGN | SPACIOUS BEDROOMS | SERVANT QUARTER | AMPLE PARKING | PRIME LOCATION,PKR 16.75 Crore,"DHA Phase 7 - Block V, DHA Phase 7",5,6,1 Kanal,Added: 6 hours ago,https://www.zameen.com/Property/dha_phase_7_dha_phase_7_-_block_v_1_kanal_luxury_house_for_sale_in_dha_lahore_modern_design_spacious_bedrooms_servant_quarter_ample_parking_prime_location-54755692-1629-1.html
Lahore,5 MARLA BRAND NEW ULTRA MODERN DESIGN HOUSE FOR SALE IN DHA RAHBER,PKR 2.6 Crore,"DHA 11 Rahbar Sector 2, DHA 11 Rahbar",3,3,5 Marla,Added: 6 hours ago,https://www.zameen.com/Property/dha_11_rahbar_dha_11_rahbar_sector_2_5_marla_brand_new_ultra_modern_design_house_for_sale_in_dha_rahber-54680763-3717-1.html
Lahore,1 KANAL BRAND NEW ULTRA MODERN DESIGN HOUSE FOR SALE IN ENGNIEERS TOWN,PKR 7 Crore,"Valencia Housing Society, Lahore",6,6,1 Kanal,Added: 6 hours ago,https://www.zameen.com/Property/lahore_valencia_housing_society_1_kanal_brand_new_ultra_modern_design_house_for_sale_in_engnieers_town-54680792-373-1.html
Lahore,Brand New 4 Marla 4 Bed Triple Storey House For Sale in Ali Park (0335-5779339),PKR 2.45 Crore,"Ali Park, Cantt",4,4,4 Marla,Added: 4 hours ago,https://www.zameen.com/Property/cantt_ali_park_brand_new_4_marla_4_bed_triple_storey_house_for_sale_in_ali_park_0335-5779339-54778946-3089-1.html
Lahore,One Kanal Brand New Modern Ultra Luxury Supreme Location House In DHA Lahore,PKR 14 Crore,"DHA Phase 6, DHA Defence",6,6,1 Kanal,Added: 5 hours ago,https://www.zameen.com/Property/dha_defence_dha_phase_6_one_kanal_brand_new_modern_ultra_luxury_supreme_location_house_in_dha_lahore-54079918-1448-1.html
Lahore,1 Kanal Top Quality Build Luxurious Beautiful Modern Design Villa With Basement For Sale In DHA Lahore Phase 7 Prime Location,PKR 8 Crore,"DHA Phase 7, DHA Defence",5,6,1 Kanal,Added: 5 hours ago,https://www.zameen.com/Property/dha_defence_dha_phase_7_1_kanal_top_quality_build_luxurious_beautiful_modern_design_villa_with_basement_for_sale_in_dha_lahore_phase_7_prime_location-54558690-1450-1.html
Lahore,Brand New 1 Kanal Full Basement House With 8 Bedrooms For Sale In DHA Phase 7 Lahore Prime Location,PKR 10 Crore,"DHA Phase 7, DHA Defence",8,7,1 Kanal,Added: 5 hours ago,https://www.zameen.com/Property/dha_defence_dha_phase_7_brand_new_1_kanal_full_basement_house_with_8_bedrooms_for_sale_in_dha_phase_7_lahore_prime_location-54698062-1450-1.html
Lahore,"10 Marla Owner-Built Slightly Used House With Full Basement In DHA Phase 6, Lahore",PKR 6.98 Crore,"DHA Phase 6 - Block L, DHA Phase 6",5,6,10 Marla,Added: 5 hours ago,https://www.zameen.com/Property/dha_phase_6_dha_phase_6_-_block_l_10_marla_owner-built_slightly_used_house_with_full_basement_in_dha_phase_6_lahore-54719628-1620-1.html
Lahore,607 Sqft Brand New Luxury Modern Style Facing Canal Near Doctor Hospital On Easy Installment 2 Years Plan Available For Sale In 20 G1 Johar Town Lhr,PKR 1.58 Crore,"Defence Raya, DHA Defence",1,1,2.7 Marla,Added: 2 hours ago,https://www.zameen.com/Property/dha_defence_defence_raya_607_sqft_brand_new_luxury_modern_style_facing_canal_near_doctor_hospital_on_easy_installment_2_years_plan_available_for_sale_in_20_g1_johar_town_lhr-54775189-8172-1.html
Lahore,554 Sqft Brand New Luxury Modern Style Facing Canal Near Doctor Hospital on Easy Installment 2 Years plan Available For Sale in 20 G1 Johar Town Lhr,PKR 1.44 Crore,"Etihad Town Phase 1, Etihad Town",1,1,2.5 Marla,Added: 2 hours ago,https://www.zameen.com/Property/etihad_town_etihad_town_phase_1_554_sqft_brand_new_luxury_modern_style_facing_canal_near_doctor_hospital_on_easy_installment_2_years_plan_available_for_sale_in_20_g1_johar_town_lhr-54775165-16882-1.html
Lahore,3 Years Installments Plan 5 Marla Brand New House For Sale In Park View City,PKR 1.8 Crore,"Park View City, Lahore",4,5,5 Marla,Added: 33 minutes ago,https://www.zameen.com/Property/lahore_park_view_city_3_years_installments_plan_5_marla_brand_new_house_for_sale_in_park_view_city-54634024-1466-1.html
Lahore,3 Years Installment Plan Luxury 5 Marla Brand New House In Park View City Lahore,PKR 1.6 Crore,"Park View City, Lahore",4,5,5 Marla,Added: 33 minutes ago,https://www.zameen.com/Property/lahore_park_view_city_3_years_installment_plan_luxury_5_marla_brand_new_house_in_park_view_city_lahore-54598339-1466-1.html
Lahore,10 Marla Modern House For Sale,PKR 3.85 Crore,"Central Park - Block A, Central Park Housing Scheme",5,5,10 Marla,Added: 38 minutes ago,https://www.zameen.com/Property/central_park_housing_scheme_central_park_-_block_a_10_marla_modern_house_for_sale-54710354-3684-1.html
Lahore,5.5 Marla Ultra Modern Luxury House For Sale,PKR 2.75 Crore,"Central Park - Block B, Central Park Housing Scheme",4,4,5 Marla,Added: 38 minutes ago,https://www.zameen.com/Property/central_park_housing_scheme_central_park_-_block_b_5_5_marla_ultra_modern_luxury_house_for_sale-54715721-3685-1.html
Lahore,5 Marla Ultra Modern Luxury House For Sale,PKR 2.2 Crore,"Central Park Housing Scheme, Lahore",4,4,5 Marla,Added: 38 minutes ago,https://www.zameen.com/Property/lahore_central_park_housing_scheme_5_marla_ultra_modern_luxury_house_for_sale-54737859-1013-1.html
Lahore,"Brand New 5 Marla House For Sale In Jade Extension Block, Park View City, Lahore",PKR 2.4 Crore,"Park View City - Jade Extension Block, Park View City",4,4,5 Marla,Added: 24 minutes ago,https://www.zameen.com/Property/park_view_city_park_view_city_-_jade_extension_block_brand_new_5_marla_house_for_sale_in_jade_extension_block_park_view_city_lahore-54565286-16242-1.html
Lahore,"Brand New 5 Marla House for Sale in Executive Block, Park View City, Lahore",PKR 2.45 Crore,"Park View City - Executive Block, Park View City",4,4,5 Marla,Added: 24 minutes ago,https://www.zameen.com/Property/park_view_city_park_view_city_-_executive_block_brand_new_5_marla_house_for_sale_in_executive_block_park_view_city_lahore-54564491-17598-1.html
Lahore,"5 Marla Modern Designed Slightly Used House Without Solar System For Sale In Parkview City, Lahore",PKR 1.9 Crore,"Park View City - Tulip Block, Park View City",4,4,5 Marla,Added: 25 minutes ago,https://www.zameen.com/Property/park_view_city_park_view_city_-_tulip_block_5_marla_modern_designed_slightly_used_house_without_solar_system_for_sale_in_parkview_city_lahore-54779744-8465-1.html
Lahore,"**Prime 10 Marla House For Sale In Park View City, Lahore**",PKR 3.5 Crore,"Park View City, Lahore",5,4,10 Marla,Added: 26 minutes ago,https://www.zameen.com/Property/lahore_park_view_city_prime_10_marla_house_for_sale_in_park_view_city_lahore-53722819-1466-1.html
Lahore,"**5 Marla Luxury House For Sale In Park View City, Lahore. **",PKR 1.6 Crore,"Park View City, Lahore",4,4,5 Marla,Added: 26 minutes ago,https://www.zameen.com/Property/lahore_park_view_city_5_marla_luxury_house_for_sale_in_park_view_city_lahore-53687326-1466-1.html
Lahore,"**Prime 10 Marla House For Sale In Park View City, Lahore**",PKR 4.1 Crore,"Park View City, Lahore",5,4,10 Marla,Added: 26 minutes ago,https://www.zameen.com/Property/lahore_park_view_city_prime_10_marla_house_for_sale_in_park_view_city_lahore-53673993-1466-1.html
Lahore,"Prime 10 Marla House For Sale In Park View City, Lahore",PKR 3.5 Crore,"Park View City, Lahore",5,4,10 Marla,Added: 26 minutes ago,https://www.zameen.com/Property/lahore_park_view_city_prime_10_marla_house_for_sale_in_park_view_city_lahore-53628289-1466-1.html
Lahore,"10 Marla Modern Designed Slightly Used House For Sale In Parkview City, Lahore",PKR 5 Crore,"Park View City - Tulip Extension Block, Park View City",5,5,10 Marla,Added: 27 minutes ago,https://www.zameen.com/Property/park_view_city_park_view_city_-_tulip_extension_block_10_marla_modern_designed_slightly_used_house_for_sale_in_parkview_city_lahore-54779743-16719-1.html
Lahore,Beautiful 5 Bed 15 Marla Brig House available for urgent Sale in Askari 10 Sec-S!,PKR 11 Crore,"Askari 10, Askari",5,6,15 Marla,Added: 6 hours ago,https://www.zameen.com/Property/askari_askari_10_beautiful_5_bed_15_marla_brig_house_available_for_urgent_sale_in_askari_10_sec-s-54778276-1011-1.html
Lahore,5 MARLA BRAND NEE ULTRA MODERN DESIGN HOUSE FOR RENT IN DHA RAHBER,PKR 2.6 Crore,"DHA 11 Rahbar Sector 2, DHA 11 Rahbar",3,3,5 Marla,Added: 6 hours ago,https://www.zameen.com/Property/dha_11_rahbar_dha_11_rahbar_sector_2_5_marla_brand_nee_ultra_modern_design_house_for_rent_in_dha_rahber-54769643-3717-1.html
Lahore,2 Kanal Brand New Victorian Faisal Rasul Design Most Beautiful Full Basement Fully Furnished Home Theater Swimming Pool Gym Bungalow Top Roof Garden For Sale At Prime Location of DHA Lahore Near To Park Masjid & DHA Raya Fairways Commercial,PKR 50 Crore,"DHA Phase 6 - Block K, DHA Phase 6",6,7,2 Kanal,Added: 6 hours ago,https://www.zameen.com/Property/dha_phase_6_dha_phase_6_-_block_k_2_kanal_brand_new_victorian_faisal_rasul_design_most_beautiful_full_basement_fully_furnished_home_theater_swimming_pool_gym_bungalow_top_roof_garden_for_sale_at_prime_location_of_dha_lahore_near_to_park_masjid_dha_raya_fairways_commercial-51999705-1619-1.html
Lahore,X-Shape Beautiful 4 Bed 12 Marla Spacious Apartment For Sale In Askari 10 Sec-S!,PKR 5.25 Crore,"Askari 10, Askari",4,4,12 Marla,Added: 7 hours ago,https://www.zameen.com/Property/askari_askari_10_x-shape_beautiful_4_bed_12_marla_spacious_apartment_for_sale_in_askari_10_sec-s-54724467-1011-1.html
Lahore,NEAR RAYA ELITE LIFESTYLE MODERN 1 KANAL FULL FURNISHED WITH BASMENT SOLER VILLA FOR SALE IN DHA PHASE 7,PKR 8.48 Crore,"DHA Phase 7 - Block W, DHA Phase 7",5,6,1 Kanal,Added: 7 hours ago,https://www.zameen.com/Property/dha_phase_7_dha_phase_7_-_block_w_near_raya_elite_lifestyle_modern_1_kanal_full_furnished_with_basment_soler_villa_for_sale_in_dha_phase_7-53316037-1630-1.html
Lahore,"* ULTRA MODERN 1 KANAL BRAND NEW HOUSE FOR SALE*  * Location: DHA Phase 7, Lahore | Prime Location*",PKR 8.75 Crore,"DHA Phase 7 - Block U, DHA Phase 7",5,6,1 Kanal,Added: 5 hours ago,https://www.zameen.com/Property/dha_phase_7_dha_phase_7_-_block_u_ultra_modern_1_kanal_brand_new_house_for_sale_location_dha_phase_7_lahore_prime_location-54656969-1628-1.html
Lahore,5 Marla Brand New Spanish House For Sale Park View City Lahore,PKR 2 Crore,"Park View City, Lahore",4,4,5 Marla,Added: 5 hours ago,https://www.zameen.com/Property/lahore_park_view_city_5_marla_brand_new_spanish_house_for_sale_park_view_city_lahore-54762238-1466-1.html
Lahore,5 Marla Brand New House For Sale Park View City Lahore,PKR 2.2 Crore,"Park View City, Lahore",4,4,5 Marla,Added: 5 hours ago,https://www.zameen.com/Property/lahore_park_view_city_5_marla_brand_new_house_for_sale_park_view_city_lahore-54721131-1466-1.html
Lahore,Prime Location 1 Kanal House For Sale In DHA Phase 7 - Block X Lahore,PKR 10.5 Crore,"DHA Phase 7 - Block X, DHA Phase 7",5,6,1 Kanal,Added: 6 hours ago,https://www.zameen.com/Property/dha_phase_7_dha_phase_7_-_block_x_prime_location_1_kanal_house_for_sale_in_dha_phase_7_-_block_x_lahore-54727870-1631-1.html
Lahore,Prime Location House For Grabs In 1 Kanal Lahore,PKR 11.4 Crore,"Askari 10 - Sector D, Askari 10",5,6,1 Kanal,Added: 6 hours ago,https://www.zameen.com/Property/askari_10_askari_10_-_sector_d_prime_location_house_for_grabs_in_1_kanal_lahore-54776215-9435-1.html
Lahore,"5 Marla Brand New Modern Design Lavish House For Sale In Park View City Lahore | For Discounted Price And Original Pictures Download The App ""Signature Lands"".",PKR 2.2 Crore,"Park View City - Overseas Block, Park View City",4,4,5 Marla,Added: 2 hours ago,https://www.zameen.com/Property/park_view_city_park_view_city_-_overseas_block_5_marla_brand_new_modern_design_lavish_house_for_sale_in_park_view_city_lahore_for_discounted_price_and_original_pictures_download_the_app_signature_lands-54014495-17602-1.html
Lahore,10 Marla Modern Beautiful Like-New House For Sale In DHA Lahore Phase 7,PKR 4.9 Crore,"DHA Phase 7, DHA Defence",4,5,10 Marla,Added: 3 hours ago,https://www.zameen.com/Property/dha_defence_dha_phase_7_10_marla_modern_beautiful_like-new_house_for_sale_in_dha_lahore_phase_7-54648639-1450-1.html
Lahore,3 Years Installment Plan Luxury 1.5 Storey 5 Marla Brand New House In Park View City Lahore,PKR 1.5 Crore,"Park View City, Lahore",3,2,5 Marla,Added: 57 minutes ago,https://www.zameen.com/Property/lahore_park_view_city_3_years_installment_plan_luxury_1_5_storey_5_marla_brand_new_house_in_park_view_city_lahore-54517122-1466-1.html
Lahore,5 Marla House In Jade Extension Block Parkview City Lahore | Ready To Move,PKR 2.4 Crore,"Park View City - Jade Extension Block, Park View City",4,4,5 Marla,Added: 59 minutes ago,https://www.zameen.com/Property/park_view_city_park_view_city_-_jade_extension_block_5_marla_house_in_jade_extension_block_parkview_city_lahore_ready_to_move-54709822-16242-1.html
Lahore,1 Kanal Fully Furnished Bungalow for Sale in Valencia Town,PKR 7.5 Crore,"Valencia Housing Society, Lahore",5,6,1 Kanal,Added: 1 hour ago,https://www.zameen.com/Property/lahore_valencia_housing_society_1_kanal_fully_furnished_bungalow_for_sale_in_valencia_town-54113548-373-1.html
Lahore,"2 Kanal Owner-Built Bungalow For Sale Valancia Town, Lahore",PKR 9 Crore,"Valencia Housing Society, Lahore",4,7,2 Kanal,Added: 1 hour ago,https://www.zameen.com/Property/lahore_valencia_housing_society_2_kanal_owner-built_bungalow_for_sale_valancia_town_lahore-53868569-373-1.html
Lahore,House For sale In Beautiful DHA 11 Rahbar,PKR 3.25 Crore,"DHA 11 Rahbar, Lahore",3,4,5 Marla,Added: 1 hour ago,https://www.zameen.com/Property/lahore_dha_11_rahbar_house_for_sale_in_beautiful_dha_11_rahbar-54630939-1410-1.html
Lahore,1 KANAL BRAND NEW IDEAL LOCATED FULLY FURNISHED HOUSE FOR SALE IN DHA LAHORE,PKR 9 Crore,"DHA Phase 6, DHA Defence",5,6,1 Kanal,Added: 29 minutes ago,https://www.zameen.com/Property/dha_defence_dha_phase_6_1_kanal_brand_new_ideal_located_fully_furnished_house_for_sale_in_dha_lahore-54766755-1448-1.html
Lahore,Ultra Moodern Design 10 Marla House For Sale,PKR 4.25 Crore,"Lake City Meadows, Lahore",4,5,10 Marla,Added: 31 minutes ago,https://www.zameen.com/Property/lahore_lake_city_meadows_ultra_moodern_design_10_marla_house_for_sale-54179541-487-1.html
Lahore,2 Kanal Brand New Faisal Rasool Design Available For Sale On Top Notch Location Of DHA Phase 1,PKR 35 Crore,"DHA Phase 1, DHA Defence",5,6,2 Kanal,Added: 31 minutes ago,https://www.zameen.com/Property/dha_defence_dha_phase_1_2_kanal_brand_new_faisal_rasool_design_available_for_sale_on_top_notch_location_of_dha_phase_1-54075378-1442-1.html
Lahore,Near park 10 Marla Modern House For Sale at Prime Location,PKR 6.1 Crore,"DHA Phase 6 - Block D, DHA Phase 6",4,5,10 Marla,Added: 31 minutes ago,https://www.zameen.com/Property/dha_phase_6_dha_phase_6_-_block_d_near_park_10_marla_modern_house_for_sale_at_prime_location-52420037-1613-1.html
Lahore,1 Kanal Adorable Bungalow On Top Location For Sale In DHA Phase 7 Lahore,PKR 8.9 Crore,"DHA Phase 7, DHA Defence",5,6,1 Kanal,Added: 31 minutes ago,https://www.zameen.com/Property/dha_defence_dha_phase_7_1_kanal_adorable_bungalow_on_top_location_for_sale_in_dha_phase_7_lahore-52861317-1450-1.html
Lahore,1 Kanal Modern House Near Mosque And Park,PKR 9.5 Crore,"DHA Phase 5 - Block D, DHA Phase 5",5,6,1 Kanal,Added: 32 minutes ago,https://www.zameen.com/Property/dha_phase_5_dha_phase_5_-_block_d_1_kanal_modern_house_near_mosque_and_park-54256283-1601-1.html
Lahore,1 Kanal Modern House Near Mosque and Park,PKR 11.5 Crore,"DHA Phase 6 - Block K, DHA Phase 6",5,6,1 Kanal,Added: 33 minutes ago,https://www.zameen.com/Property/dha_phase_6_dha_phase_6_-_block_k_1_kanal_modern_house_near_mosque_and_park-54256277-1619-1.html
Lahore,1 Kanal Top Quality Build Luxurious Beautiful Modern Design Villa With Basement For Sale In DHA Lahore Phase 6 Prime Location,PKR 9.15 Crore,"DHA Phase 6 - Block D, DHA Phase 6",5,6,1 Kanal,Added: 33 minutes ago,https://www.zameen.com/Property/dha_phase_6_dha_phase_6_-_block_d_1_kanal_top_quality_build_luxurious_beautiful_modern_design_villa_with_basement_for_sale_in_dha_lahore_phase_6_prime_location-54766638-1613-1.html
Karachi,120 Square Yard House Near Entrance Naya Nazimabad,PKR 4.35 Crore,"Naya Nazimabad - Block A, Naya Nazimabad",4,4,120 Sq. Yd.,Added: 2 hours ago,https://www.zameen.com/Property/naya_nazimabad_naya_nazimabad_-_block_a_120_square_yard_house_near_entrance_naya_nazimabad-54115825-14291-1.html
Karachi,Architectural Perfection Brand New 500 Yards Bungalow For Sale in DHA Phase 8 Karachi,PKR 27.75 Crore,"DHA Phase 8, DHA Defence",6,7,500 Sq. Yd.,Added: 2 hours ago,https://www.zameen.com/Property/dha_defence_dha_phase_8_architectural_perfection_brand_new_500_yards_bungalow_for_sale_in_dha_phase_8_karachi-54415297-1485-1.html
Karachi,Designed To Inspire Modern Brand New 500 Yards Bungalow For Sale in DHA Phase 8 Karachi,PKR 29.75 Crore,"DHA Phase 8, DHA Defence",6,7,500 Sq. Yd.,Added: 2 hours ago,https://www.zameen.com/Property/dha_defence_dha_phase_8_designed_to_inspire_modern_brand_new_500_yards_bungalow_for_sale_in_dha_phase_8_karachi-54447821-1485-1.html
Karachi,Naya Nazimabad Luxurious Apartment FL-03 | POSSESSION READY | TENTH FLOOR UNIT + 4 Rooms + 2 Bed D/D + Corner + Park Facing + West Open + Globe Residency + Most Premium Location,PKR 1.98 Crore,"Naya Nazimabad, Karachi",2,3,139 Sq. Yd.,Added: 11 hours ago,https://www.zameen.com/Property/karachi_naya_nazimabad_naya_nazimabad_luxurious_apartment_fl-03_possession_ready_tenth_floor_unit_4_rooms_2_bed_d_d_corner_park_facing_west_open_globe_residency_most_premium_location-54707212-10079-1.html
Karachi,Naya Nazimabad Peace Apartment | 6.5 Years Easy Instalment Plan | 5 Rooms + 3 Bed d/d + Front Facing + Extended Terrace + Corner + Masjid Facing + Boulevard + Com 41 + Most Premium Location,PKR 3.19 Crore,"Naya Nazimabad, Karachi",3,4,202 Sq. Yd.,Added: 11 hours ago,https://www.zameen.com/Property/karachi_naya_nazimabad_naya_nazimabad_peace_apartment_6_5_years_easy_instalment_plan_5_rooms_3_bed_d_d_front_facing_extended_terrace_corner_masjid_facing_boulevard_com_41_most_premium_location-54721807-10079-1.html
Karachi,Get Your Hands On Prime Location House In Karachi Best Area,PKR 25 Crore,"DHA Phase 8, DHA Defence",6,6,500 Sq. Yd.,Added: 6 minutes ago,https://www.zameen.com/Property/dha_defence_dha_phase_8_get_your_hands_on_prime_location_house_in_karachi_best_area-54778231-1485-1.html
Karachi,House For Sale,PKR 4.5 Crore,"Bufferzone - Sector 15-A/3, Buffer Zone",6,6,120 Sq. Yd.,Added: 44 minutes ago,https://www.zameen.com/Property/buffer_zone_bufferzone_-_sector_15-a_3_house_for_sale-54779656-8953-1.html
Karachi,Flat In Bahria Heights Sized 1100 Square Feet Is Available,PKR 1.35 Crore,"Bahria Heights, Bahria Town Karachi",2,2,122 Sq. Yd.,Added: 3 hours ago,https://www.zameen.com/Property/bahria_town_karachi_bahria_heights_flat_in_bahria_heights_sized_1100_square_feet_is_available-54760875-11761-1.html
Karachi,Ideally Located House For sale In Bahria Town - Precinct 10-A Available,PKR 2.25 Crore,"Bahria Town - Precinct 10-A, Bahria Town Karachi",3,3,200 Sq. Yd.,Added: 3 hours ago,https://www.zameen.com/Property/bahria_town_karachi_bahria_town_-_precinct_10-a_ideally_located_house_for_sale_in_bahria_town_-_precinct_10-a_available-54760873-18125-1.html
Karachi,125 Square Yards House In Bahria Town - Ali Block,PKR 1.75 Crore,"Bahria Town - Ali Block, Bahria Town - Precinct 12",3,3,125 Sq. Yd.,Added: 3 hours ago,https://www.zameen.com/Property/bahria_town_precinct_12_bahria_town_-_ali_block_125_square_yards_house_in_bahria_town_-_ali_block-54760874-10023-1.html
Karachi,"120 Sq. Yd Greenbelt-Facing House For Sale In Block A, Naya Nazimabad",PKR 4.5 Crore,"Naya Nazimabad, Karachi",4,5,120 Sq. Yd.,Added: 13 minutes ago,https://www.zameen.com/Property/karachi_naya_nazimabad_120_sq_yd_greenbelt-facing_house_for_sale_in_block_a_naya_nazimabad-54682200-10079-1.html
Karachi,Exclusive 2 Bed Marina Facing Apartment For Sale In Saima Marina Residence HMR Waterfront Karachi,PKR 4.8 Crore,"HMR Waterfront, DHA Phase 8",2,2,120 Sq. Yd.,Added: 22 minutes ago,https://www.zameen.com/Property/dha_phase_8_hmr_waterfront_exclusive_2_bed_marina_facing_apartment_for_sale_in_saima_marina_residence_hmr_waterfront_karachi-54509456-19639-1.html
Karachi,Beautiful Luxury Brand New Bungalow,PKR 70 Crore,"DHA Phase 8, DHA Defence",7,,"1,000 Sq. Yd.",Added: 6 minutes ago,https://www.zameen.com/Property/dha_defence_dha_phase_8_beautiful_luxury_brand_new_bungalow-54506444-1485-1.html
Karachi,920 Sqft Main Jinnah Avenue Apartment On Easy Installments BAHRIA Town Karachi,PKR 74 Lakh,"Bahria Town - Jinnah Avenue, Bahria Town Karachi",2,2,102 Sq. Yd.,Added: 8 minutes ago,https://www.zameen.com/Property/bahria_town_karachi_bahria_town_-_jinnah_avenue_920_sqft_main_jinnah_avenue_apartment_on_easy_installments_bahria_town_karachi-54755133-13847-1.html
Karachi,"125sq Yd VILLA FOR SALE, In Precinct-15 Opposite To ALI BLOCK. A-PLUS Construction. 3 Bedrooms, Drawing, Dining, TV Lounge & Americal Kitchen. 10min Drive From Main Gate Of Bahria Town Karachi.",PKR 1.25 Crore,"Bahria Town - Precinct 15, Bahria Town Karachi",3,3,125 Sq. Yd.,Added: 12 minutes ago,https://www.zameen.com/Property/bahria_town_karachi_bahria_town_-_precinct_15_125sq_yd_villa_for_sale_in_precinct-15_opposite_to_ali_block_a-plus_construction_3_bedrooms_drawing_dining_tv_lounge_americal_kitchen_10min_drive_from_main_gate_of_bahria_town_karachi-54736933-10025-1.html
Karachi,955sq Ft 2Bed Lounge Flat FOR SALE Tower 25 Apartment With AMAZING VIEW. 2KM From MAIN GATE Of BTK\,PKR 65 Lakh,"Bahria Apartments, Bahria Town Karachi",2,2,106 Sq. Yd.,Added: 13 minutes ago,https://www.zameen.com/Property/bahria_town_karachi_bahria_apartments_955sq_ft_2bed_lounge_flat_for_sale_tower_25_apartment_with_amazing_view_2km_from_main_gate_of_btk-54715326-9030-1.html
Karachi,PM loan applicable leased flat available for sale 2 bed DD Shahrah e faisal facing Shahfaisal colony,PKR 80 Lakh,"Shah Faisal Colony, Shahra-e-Faisal",2,2,117 Sq. Yd.,Added: 15 minutes ago,https://www.zameen.com/Property/shahra_e_faisal_shah_faisal_colony_pm_loan_applicable_leased_flat_available_for_sale_2_bed_dd_shahrah_e_faisal_facing_shahfaisal_colony-54779785-678-1.html
Karachi,Tower 9 Ground Floor Apartment For Sale In Precinct 19 BAHRIA Apartments BAHRIA Town Karachi,PKR 85 Lakh,"Bahria Apartments, Bahria Town Karachi",2,2,106 Sq. Yd.,Added: 5 minutes ago,https://www.zameen.com/Property/bahria_town_karachi_bahria_apartments_tower_9_ground_floor_apartment_for_sale_in_precinct_19_bahria_apartments_bahria_town_karachi-54779818-9030-1.html
Karachi,WEST OPEN 80 FEET WIDE ROAD FACING 120 SQ YARDS G+1 NEW HOUSE FOR SALE,PKR 1.95 Crore,"North Town Residency, Surjani Town",4,6,120 Sq. Yd.,Added: 6 minutes ago,https://www.zameen.com/Property/surjani_town_north_town_residency_west_open_80_feet_wide_road_facing_120_sq_yards_g_1_new_house_for_sale-54650386-10674-1.html
Karachi,Tower A South Open Flat 1400sq ft 2BHK Luxury Flat (READY TO MOVE) Available on CASH/ INSTALMENTS. Paragon Towers are available on SALE at minimum prices.,PKR 98 Lakh,"Paragon Tower, Bahria Town - Precinct 17",2,2,156 Sq. Yd.,Added: 6 minutes ago,https://www.zameen.com/Property/bahria_town_precinct_17_paragon_tower_tower_a_south_open_flat_1400sq_ft_2bhk_luxury_flat_ready_to_move_available_on_cash_instalments_paragon_towers_are_available_on_sale_at_minimum_prices-54751045-21833-1.html
Karachi,3 Bedroom Apartment For Sale,PKR 1.85 Crore,"Sehar Commercial Area, DHA Phase 7",2,3,111 Sq. Yd.,Added: 6 minutes ago,https://www.zameen.com/Property/dha_phase_7_sehar_commercial_area_3_bedroom_apartment_for_sale-54599283-8489-1.html
Karachi,Portion For Sale In Nazimabad No. 5,PKR 2.25 Crore,"Nazimabad 5, Nazimabad",3,3,120 Sq. Yd.,Added: 7 minutes ago,https://www.zameen.com/Property/nazimabad_nazimabad_5_portion_for_sale_in_nazimabad_no_5-54638568-7082-1.html
Karachi,152gz Single Belt Out Class Location Villa Available For Sale In P-11A BAHRIA Town Karachi,PKR 1.85 Crore,"Bahria Town - Precinct 11-A, Bahria Town - Precinct 11",3,3,152 Sq. Yd.,Added: 9 minutes ago,https://www.zameen.com/Property/bahria_town_precinct_11_bahria_town_-_precinct_11-a_152gz_single_belt_out_class_location_villa_available_for_sale_in_p-11a_bahria_town_karachi-54755163-10020-1.html
Karachi,TOP FLOOR Corner Flat For Sale - 2250 Sq. Ft - Fully Furnished - With Solar + Exclusive Roof - Sheikh Royal Empire - Khalid Bin Waleed Road,PKR 8 Crore,"Khalid Bin Walid Road, Karachi",3,3,250 Sq. Yd.,Added: 9 minutes ago,https://www.zameen.com/Property/karachi_khalid_bin_walid_road_top_floor_corner_flat_for_sale_-_2250_sq_ft_-_fully_furnished_-_with_solar_exclusive_roof_-_sheikh_royal_empire_-_khalid_bin_waleed_road-54718855-253-1.html
Karachi,READY TO MOVE 2950sq Ft 4Bed Luxury Apartment At Tower-8 Near Entrance Of Bahria Town Karachi FOR SALE,PKR 2.65 Crore,"Bahria Apartments, Bahria Town Karachi",4,4,328 Sq. Yd.,Added: 11 minutes ago,https://www.zameen.com/Property/bahria_town_karachi_bahria_apartments_ready_to_move_2950sq_ft_4bed_luxury_apartment_at_tower-8_near_entrance_of_bahria_town_karachi_for_sale-54591378-9030-1.html
Karachi,Tremendous Offer On All Apartments | Flexible Payment Plan,PKR 3.5 Crore,"University Road, Karachi",5,6,249 Sq. Yd.,Added: 11 hours ago,https://www.zameen.com/Property/karachi_university_road_tremendous_offer_on_all_apartments_flexible_payment_plan-54519438-324-1.html
Karachi,Tremendous Offer | Flexible Payment Plan FLAT FOR SALE,PKR 3 Crore,"University Road, Karachi",3,4,184 Sq. Yd.,Added: 11 hours ago,https://www.zameen.com/Property/karachi_university_road_tremendous_offer_flexible_payment_plan_flat_for_sale-54517903-324-1.html
Karachi,500 yards Silghlty Used Bungalow like New West open prime location available for sale,PKR 25 Crore,"DHA Phase 8, DHA Defence",6,6,500 Sq. Yd.,Added: 11 hours ago,https://www.zameen.com/Property/dha_defence_dha_phase_8_500_yards_silghlty_used_bungalow_like_new_west_open_prime_location_available_for_sale-54728956-1485-1.html
Karachi,"Ideal Prime Location 2777 Square Feet Flat has landed on market in Bahria Apartments, Karachi",PKR 2.25 Crore,"Bahria Apartments, Bahria Town Karachi",3,3,309 Sq. Yd.,Added: 12 hours ago,https://www.zameen.com/Property/bahria_town_karachi_bahria_apartments_ideal_prime_location_2777_square_feet_flat_has_landed_on_market_in_bahria_apartments_karachi-54776666-9030-1.html
Karachi,Flat Of 1397 Square Feet Is Available For Sale In Callachi Cooperative Housing Society,PKR 2.4 Crore,"Callachi Cooperative Housing Society, Gulshan-e-Iqbal - Block 10-A",2,3,155 Sq. Yd.,Added: 17 hours ago,https://www.zameen.com/Property/gulshan_e_iqbal_block_10_a_callachi_cooperative_housing_society_flat_of_1397_square_feet_is_available_for_sale_in_callachi_cooperative_housing_society-53299721-12954-1.html
Karachi,Old House For Sale,PKR 32.5 Crore,"KDA Scheme 1, Karachi",6,6,"1,000 Sq. Yd.",Added: 4 hours ago,https://www.zameen.com/Property/karachi_kda_scheme_1_old_house_for_sale-54769593-8292-1.html
Karachi,Brand New Premium 2600 Sq. Ft. Luxurious Apartment for Sale in Callachi Cooperative Housing Society,PKR 6.5 Crore,"Callachi Cooperative Housing Society, Gulshan-e-Iqbal - Block 10-A",4,5,289 Sq. Yd.,Added: 4 hours ago,https://www.zameen.com/Property/gulshan_e_iqbal_block_10_a_callachi_cooperative_housing_society_brand_new_premium_2600_sq_ft_luxurious_apartment_for_sale_in_callachi_cooperative_housing_society-54737722-12954-1.html
Karachi,New Premium 1100 Sq. Ft. Luxurious Apartment for Sale in Callachi Cooperative Housing Society,PKR 2.6 Crore,"Callachi Cooperative Housing Society, Gulshan-e-Iqbal - Block 10-A",2,2,122 Sq. Yd.,Added: 4 hours ago,https://www.zameen.com/Property/gulshan_e_iqbal_block_10_a_callachi_cooperative_housing_society_new_premium_1100_sq_ft_luxurious_apartment_for_sale_in_callachi_cooperative_housing_society-54737850-12954-1.html
Karachi,Flat For Sale,PKR 1.5 Crore,"Bufferzone - Sector 15-A/5, Buffer Zone",3,3,139 Sq. Yd.,Added: 4 hours ago,https://www.zameen.com/Property/buffer_zone_bufferzone_-_sector_15-a_5_flat_for_sale-54778575-8955-1.html
Karachi,670 Sq Yds Semi-Corner Grey Structure Villa (Single Belt) For Sale Bahria Hills,PKR 4.99 Crore,"Bahria Hills, Bahria Town Karachi",6,7,670 Sq. Yd.,Added: 5 hours ago,https://www.zameen.com/Property/bahria_town_karachi_bahria_hills_670_sq_yds_semi-corner_grey_structure_villa_single_belt_for_sale_bahria_hills-54762296-13173-1.html
Karachi,Prime 150 Sq. Yd. Villa for Sale in DHA City Karachi Sector 1,PKR 2.25 Crore,"Prime Villas, DHA City - Sector 1",3,3,150 Sq. Yd.,Added: 30 minutes ago,https://www.zameen.com/Property/dha_city_sector_1_prime_villas_prime_150_sq_yd_villa_for_sale_in_dha_city_karachi_sector_1-54695437-22674-1.html
Karachi,Bungalow Is Available For Sale,PKR 16 Crore,"Bahria Town - Precinct 3, Bahria Town Karachi",7,6,"2,000 Sq. Yd.",Added: 41 minutes ago,https://www.zameen.com/Property/bahria_town_karachi_bahria_town_-_precinct_3_bungalow_is_available_for_sale-54528051-10012-1.html
Karachi,3Bed DDL 125 sq yd Villa FOR SALE at Precicnt-11B (All Amenities Nearby) Heighted Location Investor Rates,PKR 1.1 Crore,"Bahria Town - Precinct 11-B, Bahria Town - Precinct 11",3,3,125 Sq. Yd.,Added: 20 minutes ago,https://www.zameen.com/Property/bahria_town_precinct_11_bahria_town_-_precinct_11-b_3bed_ddl_125_sq_yd_villa_for_sale_at_precicnt-11b_all_amenities_nearby_heighted_location_investor_rates-54779005-10021-1.html
Karachi,"3Bed DDL 200sq yd Villa FOR SALE. All amenities nearby including Parks, Mosques and Gallery",PKR 1.65 Crore,"Bahria Town - Precinct 10-A, Bahria Town Karachi",3,3,200 Sq. Yd.,Added: 21 minutes ago,https://www.zameen.com/Property/bahria_town_karachi_bahria_town_-_precinct_10-a_3bed_ddl_200sq_yd_villa_for_sale_all_amenities_nearby_including_parks_mosques_and_gallery-54778969-18125-1.html
Karachi,"CORNER HOUSE AVAILABLE | Direct Owner | Single Storey | Gas , K-Electric meter Installed | Transfer",PKR 1.75 Crore,"Gulshan-e-Maymar, Gadap Town",2,3,145 Sq. Yd.,Added: 34 minutes ago,https://www.zameen.com/Property/gadap_town_gulshan-e-maymar_corner_house_available_direct_owner_single_storey_gas_k-electric_meter_installed_transfer-54601013-680-1.html
Karachi,Corner House Available For Sale | Sui Gas | K-Electric | Water | West Open | Ground + One,PKR 2.25 Crore,"Gulshan-e-Maymar, Gadap Town",4,5,135 Sq. Yd.,Added: 34 minutes ago,https://www.zameen.com/Property/gadap_town_gulshan-e-maymar_corner_house_available_for_sale_sui_gas_k-electric_water_west_open_ground_one-54707699-680-1.html
Karachi,120 Sq Yard House For Sale | Etawa Society | Near Maymar Mor | Direct Owner | 5-6. Year Old Used Ready To Move |,PKR 3 Crore,"Etawa Society, Scheme 33 - Sector 52-A",6,6,120 Sq. Yd.,Added: 35 minutes ago,https://www.zameen.com/Property/scheme_33_sector_52_a_etawa_society_120_sq_yard_house_for_sale_etawa_society_near_maymar_mor_direct_owner_5-6_year_old_used_ready_to_move-54727130-9142-1.html
Karachi,"500 Sq Yd Luxury Villa For Sale Precinct 17, Near Ali Villa, Bahria Town Karachi",PKR 5.5 Crore,"Bahria Town - Precinct 17, Bahria Town Karachi",5,5,500 Sq. Yd.,Added: 13 minutes ago,https://www.zameen.com/Property/bahria_town_karachi_bahria_town_-_precinct_17_500_sq_yd_luxury_villa_for_sale_precinct_17_near_ali_villa_bahria_town_karachi-54715254-10028-1.html
Karachi,3Bed DDL 152sq Yd Bahria Construction Villa Available FOR SALE At Minimum Price Of The Market.,PKR 1.4 Crore,"Bahria Town - Precinct 10-B, Bahria Town Karachi",3,3,152 Sq. Yd.,Added: 14 minutes ago,https://www.zameen.com/Property/bahria_town_karachi_bahria_town_-_precinct_10-b_3bed_ddl_152sq_yd_bahria_construction_villa_available_for_sale_at_minimum_price_of_the_market-54660431-18126-1.html
Karachi,"1000sq yd Luxury Villa with Designer Kitchen, Washroom and Elevation. Ready to Move",PKR 13 Crore,"Bahria Town - Precinct 7, Bahria Town Karachi",6,6,"1,000 Sq. Yd.",Added: 14 minutes ago,https://www.zameen.com/Property/bahria_town_karachi_bahria_town_-_precinct_7_1000sq_yd_luxury_villa_with_designer_kitchen_washroom_and_elevation_ready_to_move-54646839-10015-1.html
Karachi,"Ready To Move 272sq Yd 5Bedroom DDL Luxury Villa FOR SALE. Only 3km From Main Entrance Of BTK. Near MIDWAY Commercial, Parks, Masjid And Gallery.",PKR 3.25 Crore,"Bahria Town - Precinct 6, Bahria Town Karachi",5,5,250 Sq. Yd.,Added: 15 minutes ago,https://www.zameen.com/Property/bahria_town_karachi_bahria_town_-_precinct_6_ready_to_move_272sq_yd_5bedroom_ddl_luxury_villa_for_sale_only_3km_from_main_entrance_of_btk_near_midway_commercial_parks_masjid_and_gallery-54628323-10014-1.html
Karachi,"3Bed DDL 125sq Yd Villa FOR SALE At ALI BLOCK All Amenities Nearby Including MOSQUE, General Store & Parks",PKR 1.38 Crore,"Bahria Town - Ali Block, Bahria Town - Precinct 12",3,3,125 Sq. Yd.,Added: 20 minutes ago,https://www.zameen.com/Property/bahria_town_precinct_12_bahria_town_-_ali_block_3bed_ddl_125sq_yd_villa_for_sale_at_ali_block_all_amenities_nearby_including_mosque_general_store_parks-54649055-10023-1.html
Karachi,"3Bed DDL 200sq Yd Villa FOR SALE. All Amenities Nearby Including Parks, Mosques And Gallery",PKR 2 Crore,"Bahria Town - Precinct 10-A, Bahria Town Karachi",3,3,200 Sq. Yd.,Added: 22 minutes ago,https://www.zameen.com/Property/bahria_town_karachi_bahria_town_-_precinct_10-a_3bed_ddl_200sq_yd_villa_for_sale_all_amenities_nearby_including_parks_mosques_and_gallery-54740414-18125-1.html
Karachi,Prime Investment: 2 Bed Marina View Apartment | Saima Marina | DHA Phase 8 Karachi,PKR 4.8 Crore,"HMR Waterfront, DHA Phase 8",2,2,120 Sq. Yd.,Added: 22 minutes ago,https://www.zameen.com/Property/dha_phase_8_hmr_waterfront_prime_investment_2_bed_marina_view_apartment_saima_marina_dha_phase_8_karachi-54509566-19639-1.html
Karachi,2 Bed | Private Terrace Plunge Pool | The Tilt | HMR Waterfront DHA Phase 8,PKR 5.69 Crore,"HMR Waterfront, DHA Phase 8",2,2,151 Sq. Yd.,Added: 22 minutes ago,https://www.zameen.com/Property/dha_phase_8_hmr_waterfront_2_bed_private_terrace_plunge_pool_the_tilt_hmr_waterfront_dha_phase_8-54509818-19639-1.html
Karachi,200 Square Yard Villa For Sale,PKR 2.1 Crore,"Bahria Town - Precinct 10-A, Bahria Town Karachi",3,3,200 Sq. Yd.,Added: 20 hours ago,https://www.zameen.com/Property/bahria_town_karachi_bahria_town_-_precinct_10-a_200_square_yard_villa_for_sale-54709114-18125-1.html
Karachi,1550 Square Feet Flat Is Available In Harmain Royal Residency,PKR 2.35 Crore,"Harmain Royal Residency, Gulshan-e-Iqbal - Block 1",3,3,172 Sq. Yd.,Added: 1 day ago,https://www.zameen.com/Property/gulshan_e_iqbal_block_1_harmain_royal_residency_1550_square_feet_flat_is_available_in_harmain_royal_residency-54467607-9675-1.html
Karachi,Brand New Project Burj-Ul-Harmain At Main Safoora Chowrangi,PKR 1.75 Crore,"Burj-Ul-Harmain, University Road",3,3,167 Sq. Yd.,Added: 1 day ago,https://www.zameen.com/Property/university_road_burj-ul-harmain_brand_new_project_burj-ul-harmain_at_main_safoora_chowrangi-52804982-9674-1.html
Karachi,"5 Bedroom Architecture-Designed Luxury Villa for Sale Precinct-1 Overseas Block, Bahria Town Karachi. Prime Location Near Main Entrance | Contemporary Elegant Design | Surrounded by Park, Mosque, Commercial Area & All Essential Amenities.",PKR 3.95 Crore,"Bahria Town - Precinct 1, Bahria Town Karachi",5,5,272 Sq. Yd.,Added: 1 day ago,https://www.zameen.com/Property/bahria_town_karachi_bahria_town_-_precinct_1_5_bedroom_architecture-designed_luxury_villa_for_sale_precinct-1_overseas_block_bahria_town_karachi_prime_location_near_main_entrance_contemporary_elegant_design_surrounded_by_park_mosque_commercial_area_all_essential_amenities-54708973-10007-1.html
Karachi,Booking 3 Bedrooms Lounge Brand New West Open Second Floor,PKR 1.85 Crore,"PECHS, Jamshed Town",3,3,122 Sq. Yd.,Added: 1 day ago,https://www.zameen.com/Property/jamshed_town_pechs_booking_3_bedrooms_lounge_brand_new_west_open_second_floor-54408132-403-1.html
Karachi,Saima Excellency 2 Bed Apartment For Sale,PKR 2.8 Crore,"Callachi Cooperative Housing Society, Gulshan-e-Iqbal - Block 10-A",2,2,122 Sq. Yd.,Added: 5 hours ago,https://www.zameen.com/Property/gulshan_e_iqbal_block_10_a_callachi_cooperative_housing_society_saima_excellency_2_bed_apartment_for_sale-53778274-12954-1.html
Karachi,Highly-Desirable Prime Location House Available In Gulistan-e-Jauhar - Block 12 For sale,PKR 2 Crore,"Gulistan-e-Jauhar - Block 12, Gulistan-e-Jauhar",,,60 Sq. Yd.,Added: 5 hours ago,https://www.zameen.com/Property/gulistan_e_jauhar_gulistan-e-jauhar_-_block_12_highly-desirable_prime_location_house_available_in_gulistan-e-jauhar_-_block_12_for_sale-54753131-6836-1.html
Karachi,3 BED DD 3 Side Corner West Open Ideal Flat Is Available For Sale In Federal Government Flats in Main junction of Scheme 33 Sumaira Chowk Karachi,PKR 1.25 Crore,"Federal Government Employees Housing Foundation, Scheme 33",3,3,133 Sq. Yd.,Added: 5 hours ago,https://www.zameen.com/Property/scheme_33_federal_government_employees_housing_foundation_3_bed_dd_3_side_corner_west_open_ideal_flat_is_available_for_sale_in_federal_government_flats_in_main_junction_of_scheme_33_sumaira_chowk_karachi-54732646-10621-1.html
Karachi,235sq yd Villas at Precinct-31 Close to Gallery and Mosque are Available FOR SALE,PKR 1.5 Crore,"Bahria Town - Precinct 31, Bahria Town Karachi",3,3,235 Sq. Yd.,Added: 5 hours ago,https://www.zameen.com/Property/bahria_town_karachi_bahria_town_-_precinct_31_235sq_yd_villas_at_precinct-31_close_to_gallery_and_mosque_are_available_for_sale-54637910-10045-1.html
Karachi,Your Search Ends Right Here With The Beautiful House In Askari 6 At Affordable Price Of Pkr Rs. 77900000,PKR 7.79 Crore,"Askari 6, Malir Cantonment",4,4,270 Sq. Yd.,Added: 5 hours ago,https://www.zameen.com/Property/malir_cantonment_askari_6_your_search_ends_right_here_with_the_beautiful_house_in_askari_6_at_affordable_price_of_pkr_rs_77900000-54756340-21109-1.html
Karachi,Prime Corner 2-Bed DD Rooftop Flat For Sale In Jami Commercial,PKR 1.5 Crore,"Jami Commercial Area, DHA Phase 7",2,3,128 Sq. Yd.,Added: 41 minutes ago,https://www.zameen.com/Property/dha_phase_7_jami_commercial_area_prime_corner_2-bed_dd_rooftop_flat_for_sale_in_jami_commercial-54695340-8492-1.html
Karachi,Luxury Villa For Sale In DHA City Karachi Sector 3-A,PKR 3.5 Crore,"DHA City - Sector 3A, DHA City - Sector 3",5,5,680 Sq. Yd.,Added: 44 minutes ago,https://www.zameen.com/Property/dha_city_sector_3_dha_city_-_sector_3a_luxury_villa_for_sale_in_dha_city_karachi_sector_3-a-54617705-13047-1.html
Karachi,Brand New House | DESIGNERS HOUSE | Top Quality Material | Transfer | No Bank-Finance N loan,PKR 2.75 Crore,"PTV Society, Scheme 33 - Sector 52-A",4,6,125 Sq. Yd.,Added: 35 minutes ago,https://www.zameen.com/Property/scheme_33_sector_52_a_ptv_society_brand_new_house_designers_house_top_quality_material_transfer_no_bank-finance_n_loan-54763789-11077-1.html
Karachi,"Newly Renovated Flat For 1450 Square Feet With Lift 24/7 &Car Parking Is Available For Sale In Federal B Area - Block 7 Main Road Building , Karachi",PKR 1.55 Crore,"Federal B Area - Block 7, Federal B Area",3,3,161 Sq. Yd.,Added: 49 minutes ago,https://www.zameen.com/Property/federal_b_area_federal_b_area_-_block_7_newly_renovated_flat_for_1450_square_feet_with_lift_24_7_car_parking_is_available_for_sale_in_federal_b_area_-_block_7_main_road_building_karachi-54580988-6691-1.html
Karachi,"Newly Renovated Flat For Sale 1265 Square Feet, West Open Flat With Lift 24/7 &Car Parking In Federal B Area - Block 7 Karachi",PKR 1.4 Crore,"Federal B Area - Block 7, Federal B Area",3,3,141 Sq. Yd.,Added: 52 minutes ago,https://www.zameen.com/Property/federal_b_area_federal_b_area_-_block_7_newly_renovated_flat_for_sale_1265_square_feet_west_open_flat_with_lift_24_7_car_parking_in_federal_b_area_-_block_7_karachi-54727860-6691-1.html
Karachi,300 Yards Fully Renovated Bungalow For Sale Dha Phase 4 karachi,PKR 14.5 Crore,"DHA Phase 4, DHA Defence",5,6,300 Sq. Yd.,Added: 1 hour ago,https://www.zameen.com/Property/dha_defence_dha_phase_4_300_yards_fully_renovated_bungalow_for_sale_dha_phase_4_karachi-54742424-1481-1.html
Karachi,EMAAR The Views Tower-2 Apartment Booking Available Flat For Sale,PKR 9.03 Crore,"Emaar The Views, DHA Phase 8",2,3,203 Sq. Yd.,Added: 1 hour ago,https://www.zameen.com/Property/dha_phase_8_emaar_the_views_emaar_the_views_tower-2_apartment_booking_available_flat_for_sale-54740010-17808-1.html
Karachi,Askari APARTMENT FOR SALE 3 BED,PKR 3 Crore,"Askari Towers, DHA City - Sector 1",3,3,311 Sq. Yd.,Added: 33 minutes ago,https://www.zameen.com/Property/dha_city_sector_1_askari_towers_askari_apartment_for_sale_3_bed-54132378-22550-1.html
Karachi,Prime 150 Sq. Yd. Villa For Sale In DHA City Karachi Sector 1,PKR 2.25 Crore,"Prime Villas, DHA City - Sector 1",3,3,150 Sq. Yd.,Added: 33 minutes ago,https://www.zameen.com/Property/dha_city_sector_1_prime_villas_prime_150_sq_yd_villa_for_sale_in_dha_city_karachi_sector_1-54695300-22674-1.html
Karachi,"Luxury Flat for sale | 24/7 Lift | Water, K-Electric 24/7 | Car parking | Park facing | Near all utilities",PKR 1.65 Crore,"Gulshan-e-Maymar, Gadap Town",3,3,171 Sq. Yd.,Added: 35 minutes ago,https://www.zameen.com/Property/gadap_town_gulshan-e-maymar_luxury_flat_for_sale_24_7_lift_water_k-electric_24_7_car_parking_park_facing_near_all_utilities-54707673-680-1.html
Karachi,Prime Villas Booking Open in DHA City Karachi Sector 1,PKR 2.25 Crore,"DHA City Karachi, Karachi",3,3,150 Sq. Yd.,Added: 41 minutes ago,https://www.zameen.com/Property/karachi_dha_city_karachi_prime_villas_booking_open_in_dha_city_karachi_sector_1-54708283-1429-1.html
Karachi,"DHA PHASE 8, USED WELL MAINTAINED HOUSE",PKR 24 Crore,"DHA Phase 8, DHA Defence",5,6,500 Sq. Yd.,Added: 59 minutes ago,https://www.zameen.com/Property/dha_defence_dha_phase_8_dha_phase_8_used_well_maintained_house-54779645-1485-1.html
Karachi,400 Yards Single Story Bungalow For Sale Gulshan-e-Iqbal Blk 6 Vip Street,PKR 8.95 Crore,"Gulshan-e-Iqbal - Block 6, Gulshan-e-Iqbal",3,4,400 Sq. Yd.,Added: 1 hour ago,https://www.zameen.com/Property/gulshan_e_iqbal_gulshan-e-iqbal_-_block_6_400_yards_single_story_bungalow_for_sale_gulshan-e-iqbal_blk_6_vip_street-54755977-6867-1.html
Karachi,500SQ YARDS TOP CLASS ARCHITECT DESIGNED ULTRA MODERN SEMI FURNISHED HOUSE,PKR 35 Crore,"DHA Phase 8, DHA Defence",6,6,500 Sq. Yd.,Added: 1 hour ago,https://www.zameen.com/Property/dha_defence_dha_phase_8_500sq_yards_top_class_architect_designed_ultra_modern_semi_furnished_house-54779589-1485-1.html
Karachi,Property For Sale In Navy Housing Scheme Karsaz - Phase 1 Karachi Is Available Under Rs. 600000000,PKR 60 Crore,"Navy Housing Scheme Karsaz - Phase 1, Navy Housing Scheme Karsaz",6,6,500 Sq. Yd.,Added: 1 hour ago,https://www.zameen.com/Property/navy_housing_scheme_karsaz_navy_housing_scheme_karsaz_-_phase_1_property_for_sale_in_navy_housing_scheme_karsaz_-_phase_1_karachi_is_available_under_rs_600000000-54753453-11580-1.html
Karachi,Chance Deal 666 Yards Bumgalow For Sale,PKR 18.75 Crore,"DHA Phase 6, DHA Defence",7,6,666 Sq. Yd.,Added: 1 day ago,https://www.zameen.com/Property/dha_defence_dha_phase_6_chance_deal_666_yards_bumgalow_for_sale-54699255-1483-1.html
Karachi,A Prime Location 200 Square Yards House Located In Bahria Town - Precinct 10-A Is Available For sale,PKR 2.35 Crore,"Bahria Town - Precinct 10-A, Bahria Town Karachi",3,3,200 Sq. Yd.,Added: 1 day ago,https://www.zameen.com/Property/bahria_town_karachi_bahria_town_-_precinct_10-a_a_prime_location_200_square_yards_house_located_in_bahria_town_-_precinct_10-a_is_available_for_sale-54719023-18125-1.html
Karachi,Fully Furnished 200 Square Yards House Available In Bahria Town - Precinct 10-A For sale,PKR 2.45 Crore,"Bahria Town - Precinct 10-A, Bahria Town Karachi",3,3,200 Sq. Yd.,Added: 1 day ago,https://www.zameen.com/Property/bahria_town_karachi_bahria_town_-_precinct_10-a_fully_furnished_200_square_yards_house_available_in_bahria_town_-_precinct_10-a_for_sale-54719021-18125-1.html
Karachi,SAWERA 5 SKY TOWER  A PROJECT OF (OK ESTATE & BUILDERS),PKR 7.5 Crore,"Clifton - Block 9, Clifton",4,5,430 Sq. Yd.,Added: 1 day ago,https://www.zameen.com/Property/clifton_clifton_-_block_9_sawera_5_sky_tower_a_project_of_ok_estate_builders-52571241-1671-1.html
Karachi,Exclusive 1-Bed Luxury Apartment For Sale - Panorama,PKR 4.88 Crore,"Emaar Crescent Bay, DHA Phase 8",1,2,122 Sq. Yd.,Added: 1 day ago,https://www.zameen.com/Property/dha_phase_8_emaar_crescent_bay_exclusive_1-bed_luxury_apartment_for_sale_-_panorama-54773190-8503-1.html
Karachi,BRAND NEW HOUSE AVAILABLE FOR SALE,PKR 8.2 Crore,"Askari 6, Malir Cantonment",5,6,300 Sq. Yd.,Added: 5 hours ago,https://www.zameen.com/Property/malir_cantonment_askari_6_brand_new_house_available_for_sale-52682941-21109-1.html
Karachi,BRAND NEW APPARTMENT AVAILABLE FOR SALE,PKR 3.9 Crore,"Askari 6, Malir Cantonment",4,5,328 Sq. Yd.,Added: 5 hours ago,https://www.zameen.com/Property/malir_cantonment_askari_6_brand_new_appartment_available_for_sale-53941503-21109-1.html
Karachi,Brand New Apartment Is Available For Sale,PKR 5.35 Crore,"Askari 5 - Sector J, Askari 5",4,5,367 Sq. Yd.,Added: 5 hours ago,https://www.zameen.com/Property/askari_5_askari_5_-_sector_j_brand_new_apartment_is_available_for_sale-53434191-17289-1.html
Karachi,AA Beachfront HMR | 1 Bed | 1138 Sq Ft | Easy Instalment Plan House For Sale,PKR 4.5 Crore,"HMR Waterfront, DHA Phase 8",1,2,126 Sq. Yd.,Added: 6 hours ago,https://www.zameen.com/Property/dha_phase_8_hmr_waterfront_aa_beachfront_hmr_1_bed_1138_sq_ft_easy_instalment_plan_house_for_sale-54730653-19639-1.html
Karachi,A Luxury Mansion In The Sky | 2-Bed Corner Apartment,PKR 10.82 Crore,"The Arkadians, DHA Phase 8 - Zone B",2,2,"2,546 Sq. Yd.",Added: 6 hours ago,https://www.zameen.com/Property/dha_phase_8_zone_b_the_arkadians_a_luxury_mansion_in_the_sky_2-bed_corner_apartment-54738314-8570-1.html
Karachi,Villa For Sale In DHA City Karachi Sector 3-B,PKR 4.75 Crore,"DHA City - Sector 3B, DHA City - Sector 3",5,5,618 Sq. Yd.,Added: 44 minutes ago,https://www.zameen.com/Property/dha_city_sector_3_dha_city_-_sector_3b_villa_for_sale_in_dha_city_karachi_sector_3-b-54617693-13048-1.html
Karachi,Prime Villa For Sale In DHA City Karachi Sector 1,PKR 2.25 Crore,"DHA City - Sector 1, DHA City Karachi",3,3,150 Sq. Yd.,Added: 44 minutes ago,https://www.zameen.com/Property/dha_city_karachi_dha_city_-_sector_1_prime_villa_for_sale_in_dha_city_karachi_sector_1-54617650-8447-1.html
Karachi,Booking EMAAR Oceanfront Panorama Tower 3 Bedrooms Apartment Dha Phase 8 Karachi,PKR 18.63 Crore,"Emaar Panorama, DHA Phase 8",3,4,342 Sq. Yd.,Added: 1 hour ago,https://www.zameen.com/Property/dha_phase_8_emaar_panorama_booking_emaar_oceanfront_panorama_tower_3_bedrooms_apartment_dha_phase_8_karachi-54738817-17182-1.html
Karachi,500 Yards Brand New Bungalow For Sale Dha Phase 8 D Cutting Khyban e Faisal Street,PKR 34 Crore,"DHA Phase 8, DHA Defence",5,6,500 Sq. Yd.,Added: 1 hour ago,https://www.zameen.com/Property/dha_defence_dha_phase_8_500_yards_brand_new_bungalow_for_sale_dha_phase_8_d_cutting_khyban_e_faisal_street-54738197-1485-1.html
Karachi,1000 Yards Slightly Used Just Like Brand New Bungalow For Sale Dha Phase 8 Khyban e iqbal,PKR 60 Crore,"DHA Phase 8, DHA Defence",6,6,"1,000 Sq. Yd.",Added: 1 hour ago,https://www.zameen.com/Property/dha_defence_dha_phase_8_1000_yards_slightly_used_just_like_brand_new_bungalow_for_sale_dha_phase_8_khyban_e_iqbal-54732218-1485-1.html
Karachi,500 Yards Corner Brand New Bungalow For Sale Dha Phase 6 Khyban r Sehar,PKR 27 Crore,"DHA Phase 6, DHA Defence",5,6,500 Sq. Yd.,Added: 1 hour ago,https://www.zameen.com/Property/dha_defence_dha_phase_6_500_yards_corner_brand_new_bungalow_for_sale_dha_phase_6_khyban_r_sehar-54732169-1483-1.html
Karachi,500 Yards Brand New Semi Furnished Bungalow For Sale Dha Phase 8,PKR 26 Crore,"DHA Phase 8, DHA Defence",6,6,500 Sq. Yd.,Added: 1 hour ago,https://www.zameen.com/Property/dha_defence_dha_phase_8_500_yards_brand_new_semi_furnished_bungalow_for_sale_dha_phase_8-54732139-1485-1.html
Karachi,500 Yards Bungalow For Sale Dha Phase 4 GOLF Course Road,PKR 18 Crore,"DHA Phase 4, DHA Defence",6,6,500 Sq. Yd.,Added: 1 hour ago,https://www.zameen.com/Property/dha_defence_dha_phase_4_500_yards_bungalow_for_sale_dha_phase_4_golf_course_road-54751145-1481-1.html
Karachi,120 Yards Renoted Bungalow For Sale Location Gulshan E Iqbal Blk 10A National Cement Society,PKR 3.65 Crore,"Gulshan-e-Iqbal - Block 10-A, Gulshan-e-Iqbal",4,4,120 Sq. Yd.,Added: 1 hour ago,https://www.zameen.com/Property/gulshan_e_iqbal_gulshan-e-iqbal_-_block_10-a_120_yards_renoted_bungalow_for_sale_location_gulshan_e_iqbal_blk_10a_national_cement_society-54746475-8894-1.html
Karachi,300 Yards Brand New Corner West Open Bungalow For Sale Dha Phase 4 Karachi,PKR 18 Crore,"DHA Phase 4, DHA Defence",5,6,300 Sq. Yd.,Added: 1 hour ago,https://www.zameen.com/Property/dha_defence_dha_phase_4_300_yards_brand_new_corner_west_open_bungalow_for_sale_dha_phase_4_karachi-54742249-1481-1.html
Karachi,2 Bedrooms Drawing Dinning Boundary Wall Apartment For Sale Gulshan-E-Iqbal Block 2,PKR 1.5 Crore,"Gulshan-e-Iqbal - Block 2, Gulshan-e-Iqbal",2,2,111 Sq. Yd.,Added: 1 hour ago,https://www.zameen.com/Property/gulshan_e_iqbal_gulshan-e-iqbal_-_block_2_2_bedrooms_drawing_dinning_boundary_wall_apartment_for_sale_gulshan-e-iqbal_block_2-54735549-6862-1.html
Karachi,450 Yards Two Side Corner Bungalow For Sale Gulshan-e-Iqbal Block 03 Near Disco Bakery Patel Hospital Dhoraji And Kda Market,PKR 11 Crore,"Gulshan-e-Iqbal - Block 3, Gulshan-e-Iqbal",6,6,450 Sq. Yd.,Added: 1 hour ago,https://www.zameen.com/Property/gulshan_e_iqbal_gulshan-e-iqbal_-_block_3_450_yards_two_side_corner_bungalow_for_sale_gulshan-e-iqbal_block_03_near_disco_bakery_patel_hospital_dhoraji_and_kda_market-54730913-6863-1.html
Karachi,120 Yards Brand New Bungalow For Sale Scheme 33 Zeenatabad Society Karachi,PKR 3.5 Crore,"Zeenatabad, Scheme 33",4,5,120 Sq. Yd.,Added: 1 hour ago,https://www.zameen.com/Property/scheme_33_zeenatabad_120_yards_brand_new_bungalow_for_sale_scheme_33_zeenatabad_society_karachi-54760177-9195-1.html
Karachi,4 Bed Apartment Lakhani Presidency For Sale Stadium Road Near Millennium Shopping Mall and Just Opposite NHS Phase 1,PKR 7 Crore,"Lakhani Presidency, Rashid Minhas Road",4,6,400 Sq. Yd.,Added: 1 hour ago,https://www.zameen.com/Property/rashid_minhas_road_lakhani_presidency_4_bed_apartment_lakhani_presidency_for_sale_stadium_road_near_millennium_shopping_mall_and_just_opposite_nhs_phase_1-54755736-10550-1.html
Karachi,GREENS 3 2850 SQFT 4 BED DD HUGE LUXURY APARTMENT CLIFTON BLOCK 8,PKR 11.5 Crore,"Clifton - Block 8, Clifton",4,5,317 Sq. Yd.,Added: 2 hours ago,https://www.zameen.com/Property/clifton_clifton_-_block_8_greens_3_2850_sqft_4_bed_dd_huge_luxury_apartment_clifton_block_8-54779439-1670-1.html
Karachi,Discover The Ultimate Investment: Four-Year Easy Installments For Bath Island'S Finest Residence!,PKR 6.95 Crore,"Bath Island, Karachi",3,3,235 Sq. Yd.,Added: 1 day ago,https://www.zameen.com/Property/karachi_bath_island_discover_the_ultimate_investment_four-year_easy_installments_for_bath_island_s_finest_residence-53095370-198-1.html
Karachi,A Great Choice For A Prime Location 600 Square Yards House Available In DHA Phase 6,PKR 24 Crore,"DHA Phase 6, DHA Defence",6,6,600 Sq. Yd.,Added: 1 day ago,https://www.zameen.com/Property/dha_defence_dha_phase_6_a_great_choice_for_a_prime_location_600_square_yards_house_available_in_dha_phase_6-54667394-1483-1.html
Karachi,"350 Sq Yd Boulevard Category Luxury Villa For Sale Precinct-35, Sports City, Bahria Town Karachi Near Rafi Cricket Stadium | 4 Bedrooms, Drawing, Dining, Closed Italian Kitchen & TV Lounge | 100 Sq Yd Backyard Lawn | 15 Min Drive From Main Gate.",PKR 2.1 Crore,"Bahria Sports City, Bahria Town Karachi",4,4,350 Sq. Yd.,Added: 1 day ago,https://www.zameen.com/Property/bahria_town_karachi_bahria_sports_city_350_sq_yd_boulevard_category_luxury_villa_for_sale_precinct-35_sports_city_bahria_town_karachi_near_rafi_cricket_stadium_4_bedrooms_drawing_dining_closed_italian_kitchen_tv_lounge_100_sq_yd_backyard_lawn_15_min_drive_from_main_gate-54690200-10061-1.html
Karachi,"ULTRALUXE SIGNATURE LIVING: DUAL-UNIT INVESTOR BUNGALOW FOR SALE IN D-CUTTING, 1ST BELT, DHA KARACHI",PKR 23 Crore,"DHA Phase 8, DHA Defence",6,6,500 Sq. Yd.,Added: 1 day ago,https://www.zameen.com/Property/dha_defence_dha_phase_8_ultraluxe_signature_living_dual-unit_investor_bungalow_for_sale_in_d-cutting_1st_belt_dha_karachi-54387394-1485-1.html
Karachi,TOP OF THE LINE LUXURY MANSION | D-CUTTING | DHA PHASE 8,PKR 28.5 Crore,"DHA Phase 8, DHA Defence",6,6,500 Sq. Yd.,Added: 1 day ago,https://www.zameen.com/Property/dha_defence_dha_phase_8_top_of_the_line_luxury_mansion_d-cutting_dha_phase_8-54060464-1485-1.html
Karachi,Live The Waterfront Lifestyle | Luxury 2-Bed Apartment | HMR Waterfront,PKR 5.1 Crore,"HMR Waterfront, DHA Phase 8",2,3,137 Sq. Yd.,Added: 6 hours ago,https://www.zameen.com/Property/dha_phase_8_hmr_waterfront_live_the_waterfront_lifestyle_luxury_2-bed_apartment_hmr_waterfront-54738398-19639-1.html
Karachi,Bungalow For Sale,PKR 28 Crore,"DHA Phase 5, DHA Defence",7,6,"1,100 Sq. Yd.",Added: 6 hours ago,https://www.zameen.com/Property/dha_defence_dha_phase_5_bungalow_for_sale-54778628-1482-1.html
Karachi,600 Sq. Yd Brand New Bungalow For Sell In Gulistan-E-Jauhar 14,PKR 13.5 Crore,"Gulistan-e-Jauhar - Block 14, Gulistan-e-Jauhar",8,7,600 Sq. Yd.,Added: 6 hours ago,https://www.zameen.com/Property/gulistan_e_jauhar_gulistan-e-jauhar_-_block_14_600_sq_yd_brand_new_bungalow_for_sell_in_gulistan-e-jauhar_14-54775361-6838-1.html
Karachi,LUCKY ONE APARTMENT| |4 BED DRAWING LOUNGE| |SERVENT QUIETER| UBL FACING,PKR 6.5 Crore,"Lucky One Apartment, Rashid Minhas Road",4,4,267 Sq. Yd.,Added: 6 hours ago,https://www.zameen.com/Property/rashid_minhas_road_lucky_one_apartment_lucky_one_apartment_4_bed_drawing_lounge_servent_quieter_ubl_facing-54517264-11029-1.html
Karachi,270 SQUARE YARDS VILLAS ARE AVAILABLE FOR BOOKING ON 36 MONTHLY INSTALLMENT PLAN,PKR 7.79 Crore,"Askari 6, Malir Cantonment",5,6,270 Sq. Yd.,Added: 6 hours ago,https://www.zameen.com/Property/malir_cantonment_askari_6_270_square_yards_villas_are_available_for_booking_on_36_monthly_installment_plan-54413797-21109-1.html
Karachi,The Arkadians DHA Karachi | Signature 4-Bed Duplex,PKR 23 Crore,"The Arkadians, DHA Phase 8 - Zone B",4,5,646 Sq. Yd.,Added: 46 minutes ago,https://www.zameen.com/Property/dha_phase_8_zone_b_the_arkadians_the_arkadians_dha_karachi_signature_4-bed_duplex-54695556-8570-1.html
Karachi,Prime Location Priced To Sell 1000 Yards Bungalow For Sale In DHA Phase 8 Karachi,PKR 41.5 Crore,"DHA Phase 8, DHA Defence",7,7,"1,000 Sq. Yd.",Added: 2 hours ago,https://www.zameen.com/Property/dha_defence_dha_phase_8_prime_location_priced_to_sell_1000_yards_bungalow_for_sale_in_dha_phase_8_karachi-54111253-1485-1.html
Karachi,1000 Yards Brand New Fully Furnished Bungalow For Sale Dha Phase 8 Khyban e Qasim,PKR 78 Crore,"DHA Phase 8, DHA Defence",6,6,"1,000 Sq. Yd.",Added: 1 hour ago,https://www.zameen.com/Property/dha_defence_dha_phase_8_1000_yards_brand_new_fully_furnished_bungalow_for_sale_dha_phase_8_khyban_e_qasim-54731100-1485-1.html
Karachi,1000 Yards Slightly Used Bungalow For Sale Dha Phase 6 Khyban e Rahat Streets Near CBC Area Prime Location,PKR 50 Crore,"DHA Phase 6, DHA Defence",6,6,"1,000 Sq. Yd.",Added: 1 hour ago,https://www.zameen.com/Property/dha_defence_dha_phase_6_1000_yards_slightly_used_bungalow_for_sale_dha_phase_6_khyban_e_rahat_streets_near_cbc_area_prime_location-54731031-1483-1.html
Karachi,689 Yards Brand New Fully Furnished Bungalow For Sale Dha Phase 5 Khyban e Shamsher Street,PKR 44 Crore,"DHA Phase 5, DHA Defence",7,6,689 Sq. Yd.,Added: 1 hour ago,https://www.zameen.com/Property/dha_defence_dha_phase_5_689_yards_brand_new_fully_furnished_bungalow_for_sale_dha_phase_5_khyban_e_shamsher_street-54730980-1482-1.html
Karachi,666 Yards Brand New Semi Furnished Bungalow For Sale Dha Phase 8 Khyban E Khalid,PKR 40 Crore,"DHA Phase 8, DHA Defence",5,6,666 Sq. Yd.,Added: 1 hour ago,https://www.zameen.com/Property/dha_defence_dha_phase_8_666_yards_brand_new_semi_furnished_bungalow_for_sale_dha_phase_8_khyban_e_khalid-54730726-1485-1.html
Karachi,500 Yards Brand New Bungalow For Sale Dha Phase 5 Khyban e Mujahid Near Saba Avenue,PKR 24.5 Crore,"DHA Phase 5, DHA Defence",6,6,500 Sq. Yd.,Added: 1 hour ago,https://www.zameen.com/Property/dha_defence_dha_phase_5_500_yards_brand_new_bungalow_for_sale_dha_phase_5_khyban_e_mujahid_near_saba_avenue-54730331-1482-1.html
Karachi,HOUSE FOR SALE CLIFTON BLOCK 8,PKR 20 Crore,"Clifton - Block 8, Clifton",5,5,500 Sq. Yd.,Added: 2 hours ago,https://www.zameen.com/Property/clifton_clifton_-_block_8_house_for_sale_clifton_block_8-54646523-1670-1.html
Karachi,480 Sq. Yards G+1 House | 9 Bedrooms | Spacious Garden | Secure Area,PKR 8.5 Crore,"Gulshan-e-Iqbal - Block 4, Gulshan-e-Iqbal",9,6,480 Sq. Yd.,Added: 2 hours ago,https://www.zameen.com/Property/gulshan_e_iqbal_gulshan-e-iqbal_-_block_4_480_sq_yards_g_1_house_9_bedrooms_spacious_garden_secure_area-54779387-6864-1.html
Karachi,Priced To Sell 1000 Yards Bungalow For Sale In DHA Phase 8 Karachi,PKR 41.5 Crore,"DHA Phase 8, DHA Defence",7,7,"1,000 Sq. Yd.",Added: 2 hours ago,https://www.zameen.com/Property/dha_defence_dha_phase_8_priced_to_sell_1000_yards_bungalow_for_sale_in_dha_phase_8_karachi-53861221-1485-1.html
Karachi,Well Planned Brand New Modern Villa 1000 Yards For Sale In Phase 8 DHA Karachi,PKR 48 Crore,"DHA Phase 8, DHA Defence",6,7,"1,000 Sq. Yd.",Added: 2 hours ago,https://www.zameen.com/Property/dha_defence_dha_phase_8_well_planned_brand_new_modern_villa_1000_yards_for_sale_in_phase_8_dha_karachi-51240742-1485-1.html
Karachi,Planned To Perfection Single Or 2 Unit 500 Yards Bungalow For Sale in DHA Phase 8 Karachi,PKR 26 Crore,"DHA Phase 8, DHA Defence",6,7,500 Sq. Yd.,Added: 2 hours ago,https://www.zameen.com/Property/dha_defence_dha_phase_8_planned_to_perfection_single_or_2_unit_500_yards_bungalow_for_sale_in_dha_phase_8_karachi-54434501-1485-1.html
Karachi,Brand New Modern Villa 500 Yards For Sale In Phase 8 DHA Karachi,PKR 30 Crore,"DHA Phase 8, DHA Defence",6,7,500 Sq. Yd.,Added: 2 hours ago,https://www.zameen.com/Property/dha_defence_dha_phase_8_brand_new_modern_villa_500_yards_for_sale_in_phase_8_dha_karachi-54483556-1485-1.html
Karachi,Brand New Prime Location 500 Yards Bungalow For Sale In Phase 8 DHA Karachi,PKR 28 Crore,"DHA Phase 8, DHA Defence",6,7,500 Sq. Yd.,Added: 2 hours ago,https://www.zameen.com/Property/dha_defence_dha_phase_8_brand_new_prime_location_500_yards_bungalow_for_sale_in_phase_8_dha_karachi-54540479-1485-1.html
Karachi,Brand New House For Sale,PKR 8 Crore,"Askari 6, Malir Cantonment",5,6,300 Sq. Yd.,Added: 2 hours ago,https://www.zameen.com/Property/malir_cantonment_askari_6_brand_new_house_for_sale-53770970-21109-1.html
Islamabad,Brand New Corner House For Sale Prime Location Near To Masjid Near To Giga Mall Near To ApS School Near To Control Park Near To Nova Care Hosptl Near To KFC Near To TLT,PKR 13.7 Crore,"DHA Defence Phase 2, DHA Defence",5,6,1 Kanal,Added: 2 hours ago,https://www.zameen.com/Property/dha_defence_dha_defence_phase_2_brand_new_corner_house_for_sale_prime_location_near_to_masjid_near_to_giga_mall_near_to_aps_school_near_to_control_park_near_to_nova_care_hosptl_near_to_kfc_near_to_tlt-54741139-339-1.html
Islamabad,Most Unique 1 Kanal Modern Designer House For Sale In DHA 2 Islamabad,PKR 14 Crore,"DHA Defence Phase 2, DHA Defence",5,6,1 Kanal,Added: 3 hours ago,https://www.zameen.com/Property/dha_defence_dha_defence_phase_2_most_unique_1_kanal_modern_designer_house_for_sale_in_dha_2_islamabad-54708710-339-1.html
Islamabad,6 Marla Old House Available For Sale,PKR 5.3 Crore,"G-8, Islamabad",4,4,6 Marla,Added: 3 hours ago,https://www.zameen.com/Property/islamabad_g-8_6_marla_old_house_available_for_sale-54779252-170-1.html
Islamabad,"1 Kanal Fully Designer House Available For Sale In DHA Phase 2, ISB",PKR 15.5 Crore,"DHA Phase 2 - Sector B, DHA Defence Phase 2",5,5,1 Kanal,Added: 5 hours ago,https://www.zameen.com/Property/dha_defence_phase_2_dha_phase_2_-_sector_b_1_kanal_fully_designer_house_available_for_sale_in_dha_phase_2_isb-54742587-3197-1.html
Islamabad,DHA EMAAR ISLAMABAD 11 MARLA BACK-OPEN VILLA,PKR 4.65 Crore,"Emaar Canyon Views - Alma 1 Block, Emaar Canyon Views",5,3,11 Marla,Added: 5 hours ago,https://www.zameen.com/Property/emaar_canyon_views_emaar_canyon_views_-_alma_1_block_dha_emaar_islamabad_11_marla_back-open_villa-54747678-16773-1.html
Islamabad,05 Kanal Farm House For Sale,PKR 12 Crore,"Naval Farms Housing Scheme, Islamabad",5,,5 Kanal,Added: 2 hours ago,https://www.zameen.com/Property/islamabad_naval_farms_housing_scheme_05_kanal_farm_house_for_sale-54675080-1724-1.html
Islamabad,10 MARLA SPACIOUS DESIGNER HOUSE AVAILABLE FOR SALE IN DHA PHASE 2,PKR 8.25 Crore,"DHA Defence Phase 2, DHA Defence",5,6,10 Marla,Added: 2 hours ago,https://www.zameen.com/Property/dha_defence_dha_defence_phase_2_10_marla_spacious_designer_house_available_for_sale_in_dha_phase_2-54733999-339-1.html
Islamabad,Warda Hamna Fully Furnished Duplex 3Bed Front Facing Apartment Available For Sale,PKR 5.5 Crore,"Warda Hamna Residencia 3, G-11/3",3,3,8.7 Marla,Added: 2 hours ago,https://www.zameen.com/Property/g_11_3_warda_hamna_residencia_3_warda_hamna_fully_furnished_duplex_3bed_front_facing_apartment_available_for_sale-53143599-11863-1.html
Islamabad,14 Marla LUXURY HOUSE FOR SALE IN ISLAMABAD,PKR 20 Crore,"I-8, Islamabad",6,6,14 Marla,Added: 4 hours ago,https://www.zameen.com/Property/islamabad_i-8_14_marla_luxury_house_for_sale_in_islamabad-54777874-174-1.html
Islamabad,One Kanal Ultra Luxury House For Sale In DHA 2 Islamabad,PKR 6.5 Crore,"DHA Defence Phase 2, DHA Defence",5,6,1 Kanal,Added: 4 hours ago,https://www.zameen.com/Property/dha_defence_dha_defence_phase_2_one_kanal_ultra_luxury_house_for_sale_in_dha_2_islamabad-54105234-339-1.html
Islamabad,Spacious 1 Kanal Home For Sale In Prime Location DHA 2,PKR 9.75 Crore,"DHA Phase 2 - Sector C, DHA Defence Phase 2",6,6,1 Kanal,Added: 8 minutes ago,https://www.zameen.com/Property/dha_defence_phase_2_dha_phase_2_-_sector_c_spacious_1_kanal_home_for_sale_in_prime_location_dha_2-54685966-3198-1.html
Islamabad,"One Kanal Designer House For Sale In DHA DEFENCE PHASE 2, Islamabad",PKR 7.9 Crore,"DHA Defence Phase 2, DHA Defence",5,6,1 Kanal,Added: 8 minutes ago,https://www.zameen.com/Property/dha_defence_dha_defence_phase_2_one_kanal_designer_house_for_sale_in_dha_defence_phase_2_islamabad-54698627-339-1.html
Islamabad,7 marla house for sale,PKR 6.5 Crore,"G-13/3, G-13",5,5,7 Marla,Added: 7 minutes ago,https://www.zameen.com/Property/g_13_g-13_3_7_marla_house_for_sale-54046776-3339-1.html
Islamabad,6 Marla Double-Storey House for Sale in Banigala | Prime Location | Demand 220 Lac,PKR 2.2 Crore,"Bani Gala, Islamabad",3,4,6 Marla,Added: 12 minutes ago,https://www.zameen.com/Property/islamabad_bani_gala_6_marla_double-storey_house_for_sale_in_banigala_prime_location_demand_220_lac-54779803-340-1.html
Islamabad,6 Marla Corner Double-Storey House for Sale in Banigala | Prime Location | Demand 230 Lac,PKR 2.3 Crore,"Bani Gala, Islamabad",3,4,6 Marla,Added: 19 minutes ago,https://www.zameen.com/Property/islamabad_bani_gala_6_marla_corner_double-storey_house_for_sale_in_banigala_prime_location_demand_230_lac-54779713-340-1.html
Islamabad,8.5 Marla Corner Double Storey House For Sale In Banigala | Bank Financing Available | Only 270 Lac!,PKR 2.7 Crore,"Bani Gala, Islamabad",6,6,8.5 Marla,Added: 19 minutes ago,https://www.zameen.com/Property/islamabad_bani_gala_8_5_marla_corner_double_storey_house_for_sale_in_banigala_bank_financing_available_only_270_lac-54768984-340-1.html
Islamabad,1 Kanal House For Sale Demand 9.50cr,PKR 9.5 Crore,"MPCHS - Block C, MPCHS - Multi Gardens",6,6,1 Kanal,Added: 45 minutes ago,https://www.zameen.com/Property/mpchs_multi_gardens_mpchs_-_block_c_1_kanal_house_for_sale_demand_9_50cr-54779682-3118-1.html
Islamabad,Minimalist Designer Brand New House Ready For Sale In DHA DEFENSE PHASE 2 Islamabad,PKR 11.5 Crore,"DHA Defence Phase 2, DHA Defence",5,6,1 Kanal,Added: 7 minutes ago,https://www.zameen.com/Property/dha_defence_dha_defence_phase_2_minimalist_designer_brand_new_house_ready_for_sale_in_dha_defense_phase_2_islamabad-54405807-339-1.html
Islamabad,"1 Kanal House For Sale In DHA Phase 2, Islamabad",PKR 10.9 Crore,"DHA Defence Phase 2, DHA Defence",5,6,1 Kanal,Added: 7 minutes ago,https://www.zameen.com/Property/dha_defence_dha_defence_phase_2_1_kanal_house_for_sale_in_dha_phase_2_islamabad-54405809-339-1.html
Islamabad,DHA Phase 2 Luxury Move-In Ready 1 Kanal Designer Home!,PKR 13.7 Crore,"DHA Defence Phase 2, DHA Defence",5,6,1 Kanal,Added: 7 minutes ago,https://www.zameen.com/Property/dha_defence_dha_defence_phase_2_dha_phase_2_luxury_move-in_ready_1_kanal_designer_home-54405813-339-1.html
Islamabad,Build Your Luxury Dream Home with Confidence,PKR 8.5 Crore,"DHA Defence Phase 2, DHA Defence",5,6,1 Kanal,Added: 7 minutes ago,https://www.zameen.com/Property/dha_defence_dha_defence_phase_2_build_your_luxury_dream_home_with_confidence-54405814-339-1.html
Islamabad,7 Marla Brand New Double Storey House,PKR 3.55 Crore,"Jinnah Gardens Phase 1, Jinnah Gardens",4,4,8 Marla,Added: 23 minutes ago,https://www.zameen.com/Property/jinnah_gardens_jinnah_gardens_phase_1_7_marla_brand_new_double_storey_house-54549529-1421-1.html
Islamabad,Fully Furnished 1 Kanal Designer House Ready For Sale In DHA Defence Phase 2 Islamabad,PKR 10.9 Crore,"DHA Defence Phase 2, DHA Defence",5,6,1 Kanal,Added: 51 minutes ago,https://www.zameen.com/Property/dha_defence_dha_defence_phase_2_fully_furnished_1_kanal_designer_house_ready_for_sale_in_dha_defence_phase_2_islamabad-54739387-339-1.html
Islamabad,Modern Architectural Style 1 Kanal Brand New Designer House Ready For Sale In DHA Defence Phase 2 Islamabad,PKR 9.8 Crore,"DHA Defence Phase 2, DHA Defence",5,6,1 Kanal,Added: 51 minutes ago,https://www.zameen.com/Property/dha_defence_dha_defence_phase_2_modern_architectural_style_1_kanal_brand_new_designer_house_ready_for_sale_in_dha_defence_phase_2_islamabad-54755340-339-1.html
Islamabad,Fully Furnished Artistic Style 1 Kanal Brand New Designer House Ready For Sale In DHA Defence Phase 2 Islamabad,PKR 10 Crore,"DHA Defence Phase 2, DHA Defence",5,6,1 Kanal,Added: 51 minutes ago,https://www.zameen.com/Property/dha_defence_dha_defence_phase_2_fully_furnished_artistic_style_1_kanal_brand_new_designer_house_ready_for_sale_in_dha_defence_phase_2_islamabad-54755422-339-1.html
Islamabad,In MPCHS - Block E House For Sale Sized 4500 Square Feet,PKR 14 Crore,"MPCHS - Block E, MPCHS - Multi Gardens",10,6,1 Kanal,Added: 6 hours ago,https://www.zameen.com/Property/mpchs_multi_gardens_mpchs_-_block_e_in_mpchs_-_block_e_house_for_sale_sized_4500_square_feet-54433453-3120-1.html
Islamabad,14 Marla (40x80) Sun Face 50ft St House For Sale G-13/3 Islamabad,PKR 10.75 Crore,"G-13/3, G-13",7,6,14 Marla,Added: 8 hours ago,https://www.zameen.com/Property/g_13_g-13_3_14_marla_40x80_sun_face_50ft_st_house_for_sale_g-13_3_islamabad-54341542-3339-1.html
Islamabad,"10 MARLA DESIGNER HOUSE FOR SALE  Multi Garden B-17, Islamabad",PKR 5.7 Crore,"MPCHS - Multi Gardens, B-17",6,6,10 Marla,Added: 9 hours ago,https://www.zameen.com/Property/b_17_mpchs_-_multi_gardens_10_marla_designer_house_for_sale_multi_garden_b-17_islamabad-54774221-3115-1.html
Islamabad,5 marla brand new with *solar* 5kva back open house with lawn,PKR 2.85 Crore,"Bahria Enclave, Bahria Town",3,4,5 Marla,Added: 9 hours ago,https://www.zameen.com/Property/bahria_town_bahria_enclave_5_marla_brand_new_with_solar_5kva_back_open_house_with_lawn-54773933-1705-1.html
Islamabad,"Luxury Triple-Unit House 8,000 Sq. Ft. Covered Area",PKR 11.5 Crore,"DHA Defence Phase 5, DHA Defence",7,7,1.8 Kanal,Added: 9 hours ago,https://www.zameen.com/Property/dha_defence_dha_defence_phase_5_luxury_triple-unit_house_8_000_sq_ft_covered_area-54777630-10991-1.html
Islamabad,9 Marla luxury Spanish house for sale in bani gala all facilities are available,PKR 2.8 Crore,"Bani Gala, Islamabad",3,4,9 Marla,Added: 5 hours ago,https://www.zameen.com/Property/islamabad_bani_gala_9_marla_luxury_spanish_house_for_sale_in_bani_gala_all_facilities_are_available-54778851-340-1.html
Islamabad,5 Marla ( 25*50 ) Brand New House Available For Sale In Faisal Margalla City B-17 Islamabad.,PKR 2.8 Crore,"Faisal Margalla City, B-17",4,4,5 Marla,Added: 6 hours ago,https://www.zameen.com/Property/b_17_faisal_margalla_city_5_marla_25_50_brand_new_house_available_for_sale_in_faisal_margalla_city_b-17_islamabad-54777406-13424-1.html
Islamabad,I-10/1 House Sized 200 Square Yards For sale,PKR 6.3 Crore,"I-10/1, I-10",9,,8 Marla,Added: 6 hours ago,https://www.zameen.com/Property/i_10_i-10_1_i-10_1_house_sized_200_square_yards_for_sale-54777366-3420-1.html
Islamabad,I-8/2 Triple Storey House Available For Sale In Beautiful Location,PKR 13.25 Crore,"I-8/2, I-8",8,7,12.4 Marla,Added: 6 hours ago,https://www.zameen.com/Property/i_8_i-8_2_i-8_2_triple_storey_house_available_for_sale_in_beautiful_location-54084901-3442-1.html
Islamabad,5 Marla ( 25*50 ) Brand New House Available In Faisal Margalla City B-17 Islamabad.,PKR 2.9 Crore,"Faisal Margalla City, B-17",4,4,5 Marla,Added: 6 hours ago,https://www.zameen.com/Property/b_17_faisal_margalla_city_5_marla_25_50_brand_new_house_available_in_faisal_margalla_city_b-17_islamabad-54777481-13424-1.html
Islamabad,LUXURY LIVING | 1 KANAL DESIGNER HOUSE FOR SALE DHA PHASE 2,PKR 8.9 Crore,"DHA Defence Phase 2, DHA Defence",6,6,1 Kanal,Added: 8 minutes ago,https://www.zameen.com/Property/dha_defence_dha_defence_phase_2_luxury_living_1_kanal_designer_house_for_sale_dha_phase_2-54733696-339-1.html
Islamabad,Corner Brand New House For Sale Prime Location Near To Masjid Near To Control Park Near To Giga Mall  Near To Nova Care Hosptal Near To APS School Near To Roots,PKR 15.3 Crore,"DHA Defence Phase 2, DHA Defence",5,6,1 Kanal,Added: 2 hours ago,https://www.zameen.com/Property/dha_defence_dha_defence_phase_2_corner_brand_new_house_for_sale_prime_location_near_to_masjid_near_to_control_park_near_to_giga_mall_near_to_nova_care_hosptal_near_to_aps_school_near_to_roots-54387887-339-1.html
Islamabad,8 Marla Double Storey House For Sale Park Road Shahzad Town Islamabad Cda Transfer Best Location  All Facilities Available Serious Buyers Contact,PKR 4.95 Crore,"Shehzad Town, Islamabad",6,6,8 Marla,Added: 1 hour ago,https://www.zameen.com/Property/islamabad_shehzad_town_8_marla_double_storey_house_for_sale_park_road_shahzad_town_islamabad_cda_transfer_best_location_all_facilities_available_serious_buyers_contact-54644917-1007-1.html
Islamabad,10 Marla Triple Storey Gray Structure For Sale Rahman Enclave Lehtrar Road Islamabad  CDA NOC Approved Road 50 Feet Best Location Near Park And Masjid Reasonable Price,PKR 4.4 Crore,"Rahman Enclave, Lehtrar Road",9,6,10 Marla,Added: 1 hour ago,https://www.zameen.com/Property/lehtrar_road_rahman_enclave_10_marla_triple_storey_gray_structure_for_sale_rahman_enclave_lehtrar_road_islamabad_cda_noc_approved_road_50_feet_best_location_near_park_and_masjid_reasonable_price-54684379-17143-1.html
Islamabad,1 Kanal Brand New Luxury Designer House PHA Officer Colony PARK ROAD ISLAMABAD CDA,PKR 10.5 Crore,"PHAF Officers Residencia, Kuri Road",7,6,1 Kanal,Added: 1 hour ago,https://www.zameen.com/Property/kuri_road_phaf_officers_residencia_1_kanal_brand_new_luxury_designer_house_pha_officer_colony_park_road_islamabad_cda-54738133-13099-1.html
Islamabad,One Bed Apartment,PKR 1.5 Crore,"Park View City - Downtown Block, Park View City",1,1,2.6 Marla,Added: 1 hour ago,https://www.zameen.com/Property/park_view_city_park_view_city_-_downtown_block_one_bed_apartment-54758183-20871-1.html
Islamabad,8 Marla Brand New Double Storey House For Sale PHA Officer Residencia,PKR 5.35 Crore,"PHAF Officers Residencia, Kuri Road",6,6,8 Marla,Added: 1 hour ago,https://www.zameen.com/Property/kuri_road_phaf_officers_residencia_8_marla_brand_new_double_storey_house_for_sale_pha_officer_residencia-54762010-13099-1.html
Islamabad,7.25 Marla Brand New Double Storey House For Sale Shaheen Town,PKR 2.6 Crore,"Shaheen Town, Islamabad",7,6,7.2 Marla,Added: 1 hour ago,https://www.zameen.com/Property/islamabad_shaheen_town_7_25_marla_brand_new_double_storey_house_for_sale_shaheen_town-54755011-12029-1.html
Islamabad,24 Marla Double Storey House For Sale 7/4 Marvi Road Islamabad Best Location Reasonable Price Serious Buyers Contact,PKR 34.5 Crore,"F-7/4, F-7",5,6,1.2 Kanal,Added: 1 hour ago,https://www.zameen.com/Property/f_7_f-7_4_24_marla_double_storey_house_for_sale_7_4_marvi_road_islamabad_best_location_reasonable_price_serious_buyers_contact-54759676-3310-1.html
Islamabad,702 Square Feet Flat In Park View City - Downtown Block Is Available For sale,PKR 2.45 Crore,"Park View City - Downtown Block, Park View City",1,1,3.1 Marla,Added: 1 hour ago,https://www.zameen.com/Property/park_view_city_park_view_city_-_downtown_block_702_square_feet_flat_in_park_view_city_-_downtown_block_is_available_for_sale-54516879-20871-1.html
Islamabad,"11 Marla House For Sale Sector A, Bahria Enclave Islamabad",PKR 5 Crore,"Bahria Enclave - Sector A, Bahria Enclave",5,5,11 Marla,Added: 1 hour ago,https://www.zameen.com/Property/bahria_enclave_bahria_enclave_-_sector_a_11_marla_house_for_sale_sector_a_bahria_enclave_islamabad-54497109-11970-1.html
Islamabad,5 Marla Double Storey House For Sale  Park View City Islamabad,PKR 3.2 Crore,"Park View - Block H, Park View City",4,5,5 Marla,Added: 1 hour ago,https://www.zameen.com/Property/park_view_city_park_view_-_block_h_5_marla_double_storey_house_for_sale_park_view_city_islamabad-54754205-16868-1.html
Islamabad,"10 Marla Furnished House For Sale Sector A, Bahria Enclave Islamabad",PKR 6 Crore,"Bahria Enclave - Sector A, Bahria Enclave",5,7,10 Marla,Added: 1 hour ago,https://www.zameen.com/Property/bahria_enclave_bahria_enclave_-_sector_a_10_marla_furnished_house_for_sale_sector_a_bahria_enclave_islamabad-53118099-11970-1.html
Islamabad,2 Bed Apartment For Sale Bahria Enclave Islamabad,PKR 1.4 Crore,"Bahria Enclave - Sector H, Bahria Enclave",2,3,6.1 Marla,Added: 1 hour ago,https://www.zameen.com/Property/bahria_enclave_bahria_enclave_-_sector_h_2_bed_apartment_for_sale_bahria_enclave_islamabad-53032535-11983-1.html
Islamabad,"2 Bed Fully Furnished Luxury Apartment For Sale The Galleria Apartments, Sector H, Bahria Enclave Islamabad",PKR 1.85 Crore,"Bahria Enclave - Sector H, Bahria Enclave",2,3,7.6 Marla,Added: 1 hour ago,https://www.zameen.com/Property/bahria_enclave_bahria_enclave_-_sector_h_2_bed_fully_furnished_luxury_apartment_for_sale_the_galleria_apartments_sector_h_bahria_enclave_islamabad-54544115-11983-1.html
Islamabad,Dha2 One Kanal Designer House For Sale,PKR 10.9 Crore,"DHA Defence Phase 2, DHA Defence",5,6,1 Kanal,Added: 10 hours ago,https://www.zameen.com/Property/dha_defence_dha_defence_phase_2_dha2_one_kanal_designer_house_for_sale-54037324-339-1.html
Islamabad,"One Kanal Designer House For SALE In DHA DEFENCE PHASE 2, ISLAMABAD",PKR 11.22 Crore,"DHA Defence Phase 2, DHA Defence",6,6,1 Kanal,Added: 10 hours ago,https://www.zameen.com/Property/dha_defence_dha_defence_phase_2_one_kanal_designer_house_for_sale_in_dha_defence_phase_2_islamabad-54670133-339-1.html
Islamabad,5 Marla House For Sale In DHA Phase 5 Prime Location,PKR 4.15 Crore,"DHA Defence Phase 5, DHA Defence",3,4,5 Marla,Added: 10 hours ago,https://www.zameen.com/Property/dha_defence_dha_defence_phase_5_5_marla_house_for_sale_in_dha_phase_5_prime_location-54284067-10991-1.html
Islamabad,"Elite Property Prime Location Near To Park , Mosque, Commercial",PKR 13.25 Crore,"DHA Phase 5 - Sector A, DHA Defence Phase 5",5,6,1 Kanal,Added: 12 hours ago,https://www.zameen.com/Property/dha_defence_phase_5_dha_phase_5_-_sector_a_elite_property_prime_location_near_to_park_mosque_commercial-54695506-8400-1.html
Islamabad,10 Marla (35x70) Brand New House For Sale G-13/3 Islamabad,PKR 8.25 Crore,"G-13/3, G-13",6,7,10 Marla,Added: 22 hours ago,https://www.zameen.com/Property/g_13_g-13_3_10_marla_35x70_brand_new_house_for_sale_g-13_3_islamabad-54701597-3339-1.html
Islamabad,5 Marla ( 25*50 ) Brand New House Available For Sale In Faisal Margalla City B-17 Islamabad.,PKR 2.8 Crore,"Faisal Margalla City, B-17",4,4,5 Marla,Added: 6 hours ago,https://www.zameen.com/Property/b_17_faisal_margalla_city_5_marla_25_50_brand_new_house_available_for_sale_in_faisal_margalla_city_b-17_islamabad-54777445-13424-1.html
Islamabad,F-11 Executive Heights: Brand New Spiciues 3-Bed Apartment For Sale Very Reasonable Price.,PKR 4.3 Crore,"F-11, Islamabad",3,4,8.9 Marla,Added: 6 hours ago,https://www.zameen.com/Property/islamabad_f-11_f-11_executive_heights_brand_new_spiciues_3-bed_apartment_for_sale_very_reasonable_price-54778579-163-1.html
Islamabad,Unoccupied House Of 6 Marla Is Available For sale In Tarlai,PKR 2 Crore,"Tarlai, Islamabad",9,,6 Marla,Added: 6 hours ago,https://www.zameen.com/Property/islamabad_tarlai_unoccupied_house_of_6_marla_is_available_for_sale_in_tarlai-54763546-1144-1.html
Islamabad,Corner 8 Marla House For Sale Is Available In B-17,PKR 4.4 Crore,"B-17, Islamabad",5,5,8 Marla,Added: 6 hours ago,https://www.zameen.com/Property/islamabad_b-17_corner_8_marla_house_for_sale_is_available_in_b-17-54754141-616-1.html
Islamabad,Avail Yourself A Great Prime Location 8 Marla House In B-17,PKR 4.1 Crore,"B-17, Islamabad",4,5,8 Marla,Added: 6 hours ago,https://www.zameen.com/Property/islamabad_b-17_avail_yourself_a_great_prime_location_8_marla_house_in_b-17-54754107-616-1.html
Islamabad,1 Kanal House Is Available For Sale,PKR 8.5 Crore,"DHA Defence Phase 2, DHA Defence",5,6,1 Kanal,Added: 2 hours ago,https://www.zameen.com/Property/dha_defence_dha_defence_phase_2_1_kanal_house_is_available_for_sale-54753054-339-1.html
Islamabad,Dha2 One Kanal Luxurious FURNISHED House,PKR 8.9 Crore,"DHA Defence Phase 2, DHA Defence",5,6,1 Kanal,Added: 2 hours ago,https://www.zameen.com/Property/dha_defence_dha_defence_phase_2_dha2_one_kanal_luxurious_furnished_house-54727418-339-1.html
Islamabad,24 Kanal Luxury Farm House  For Sale Chackshazad Park Road Islamabad  CDA TRANSFER  Best Location  Reasonable Price  Servant Qu Serious Buyers Contact,PKR 45 Crore,"Chak Shahzad, Islamabad",5,6,23 Kanal,Added: 1 hour ago,https://www.zameen.com/Property/islamabad_chak_shahzad_24_kanal_luxury_farm_house_for_sale_chackshazad_park_road_islamabad_cda_transfer_best_location_reasonable_price_servant_qu_serious_buyers_contact-54773825-158-1.html
Islamabad,2 Bed Apartment For Sale In D17/2 Islamabad,PKR 50 Lakh,"D-17, Islamabad",2,2,3.8 Marla,Added: 1 hour ago,https://www.zameen.com/Property/islamabad_d-17_2_bed_apartment_for_sale_in_d17_2_islamabad-54298544-737-1.html
Islamabad,"Brand New Apartment For Sale <11ST FLOOR> Askari Heights 5, DHA Defence Phase 5, DHA Defence, Islamabad, Islamabad Capital",PKR 3.2 Crore,"Askari Heights 5, DHA Defence Phase 5",4,5,13.3 Marla,Added: 1 hour ago,https://www.zameen.com/Property/dha_defence_phase_5_askari_heights_5_brand_new_apartment_for_sale_11st_floor_askari_heights_5_dha_defence_phase_5_dha_defence_islamabad_islamabad_capital-54636444-22450-1.html
Islamabad,ELEGANT HOUSE WITH COMPLETE MARGHALLA VIEW FROM TERRACE,PKR 11.6 Crore,"DHA Defence Phase 2, DHA Defence",5,7,1 Kanal,Added: 2 hours ago,https://www.zameen.com/Property/dha_defence_dha_defence_phase_2_elegant_house_with_complete_marghalla_view_from_terrace-52751497-339-1.html
Islamabad,10 MARLA BRAND NEW DESIGNER HOUSE CLOSE TO CENTRAL PARK,PKR 7.75 Crore,"DHA Phase 2 - Sector E, DHA Defence Phase 2",4,6,10 Marla,Added: 2 hours ago,https://www.zameen.com/Property/dha_defence_phase_2_dha_phase_2_-_sector_e_10_marla_brand_new_designer_house_close_to_central_park-54748814-3200-1.html
Islamabad,2bed Flat For Sale In Main Markaz D17/2 Islamabad,PKR 60 Lakh,"D-17, Islamabad",2,2,4.7 Marla,Added: 1 hour ago,https://www.zameen.com/Property/islamabad_d-17_2bed_flat_for_sale_in_main_markaz_d17_2_islamabad-54339130-737-1.html
Islamabad,3 Bed Flat For Sale In Main Markaz D17/2 Islamabad,PKR 65 Lakh,"D-17, Islamabad",3,2,4.9 Marla,Added: 1 hour ago,https://www.zameen.com/Property/islamabad_d-17_3_bed_flat_for_sale_in_main_markaz_d17_2_islamabad-54345979-737-1.html
Islamabad,2 Bed Flat For Sale In D-17/2 Islamabad,PKR 60 Lakh,"D-17, Islamabad",2,2,3.8 Marla,Added: 1 hour ago,https://www.zameen.com/Property/islamabad_d-17_2_bed_flat_for_sale_in_d-17_2_islamabad-54179679-737-1.html
Islamabad,3 Bed Pine Heights Luxury Apartment For Sale In D-17 Islamabad,PKR 1.6 Crore,"D-17, Islamabad",3,3,6.7 Marla,Added: 1 hour ago,https://www.zameen.com/Property/islamabad_d-17_3_bed_pine_heights_luxury_apartment_for_sale_in_d-17_islamabad-54254324-737-1.html
Islamabad,1 Bed Furnished Flat For Sale In Main Markaz D17/2 Islamabad,PKR 34 Lakh,"D-17, Islamabad",1,1,2 Marla,Added: 1 hour ago,https://www.zameen.com/Property/islamabad_d-17_1_bed_furnished_flat_for_sale_in_main_markaz_d17_2_islamabad-54344594-737-1.html
Islamabad,3 Bed Paradise Apartment For Sale In D17/2 Islamabad,PKR 87 Lakh,"D-17, Islamabad",3,3,7.1 Marla,Added: 1 hour ago,https://www.zameen.com/Property/islamabad_d-17_3_bed_paradise_apartment_for_sale_in_d17_2_islamabad-54345536-737-1.html
Islamabad,1 Bed Flat For Sale In D17/2 Islamabad,PKR 28 Lakh,"D-17, Islamabad",1,1,1.8 Marla,Added: 1 hour ago,https://www.zameen.com/Property/islamabad_d-17_1_bed_flat_for_sale_in_d17_2_islamabad-54339860-737-1.html
Islamabad,10 Marla Pine Villas Phase 4 For Sale In D-17/2 Islamabad,PKR 3.75 Crore,"D-17, Islamabad",6,6,10 Marla,Added: 1 hour ago,https://www.zameen.com/Property/islamabad_d-17_10_marla_pine_villas_phase_4_for_sale_in_d-17_2_islamabad-54652187-737-1.html
Islamabad,07 Marla (30x60) Brand New Designer House For Sale In G-13/2 Islamabad,PKR 6.9 Crore,"G-13/2, G-13",4,6,7 Marla,Added: 22 hours ago,https://www.zameen.com/Property/g_13_g-13_2_07_marla_30x60_brand_new_designer_house_for_sale_in_g-13_2_islamabad-54683874-3338-1.html
Islamabad,01 Kanal (50x90) Luxury Designer House For Sale in G-13 Islamabad.,PKR 15.5 Crore,"G-13, Islamabad",7,7,1 Kanal,Added: 22 hours ago,https://www.zameen.com/Property/islamabad_g-13_01_kanal_50x90_luxury_designer_house_for_sale_in_g-13_islamabad-54683853-330-1.html
Islamabad,"1 Kanal Brand New Corner , Designer And Stylish House Up For Sale in dha2 Islamabad",PKR 13.75 Crore,"DHA Defence Phase 2, DHA Defence",5,6,1 Kanal,Added: 22 hours ago,https://www.zameen.com/Property/dha_defence_dha_defence_phase_2_1_kanal_brand_new_corner_designer_and_stylish_house_up_for_sale_in_dha2_islamabad-54764204-339-1.html
Islamabad,"1 Kanal Masterpiece Corner In DHA Phase 2 Islamabad 5 Bedrooms With Attached Baths, Spacious Lounges & Premium Finishes",PKR 10.55 Crore,"DHA Phase 2 - Sector D, DHA Defence Phase 2",5,6,1 Kanal,Added: 23 hours ago,https://www.zameen.com/Property/dha_defence_phase_2_dha_phase_2_-_sector_d_1_kanal_masterpiece_corner_in_dha_phase_2_islamabad_5_bedrooms_with_attached_baths_spacious_lounges_premium_finishes-54088922-3199-1.html
Islamabad,"Excellent 10 Marla House , Corner , 3 Sides Open With Solar System For Sale . This Is A Triple Storey House With Top Class Open Basement.",PKR 6.9 Crore,"DHA Phase 2 - Sector C, DHA Defence Phase 2",7,6,10 Marla,Added: 1 day ago,https://www.zameen.com/Property/dha_defence_phase_2_dha_phase_2_-_sector_c_excellent_10_marla_house_corner_3_sides_open_with_solar_system_for_sale_this_is_a_triple_storey_house_with_top_class_open_basement-54748879-3198-1.html
Islamabad,Prime Location 5 Marla House For sale In The Perfect Location Of Faisal Margalla City,PKR 3.05 Crore,"Faisal Margalla City, B-17",4,5,5 Marla,Added: 6 hours ago,https://www.zameen.com/Property/b_17_faisal_margalla_city_prime_location_5_marla_house_for_sale_in_the_perfect_location_of_faisal_margalla_city-54754184-13424-1.html
Islamabad,House For Sale Bani Gala Islamabad,PKR 4.5 Crore,"Bani Gala, Islamabad",4,5,10 Marla,Added: 6 hours ago,https://www.zameen.com/Property/islamabad_bani_gala_house_for_sale_bani_gala_islamabad-54301901-340-1.html
Islamabad,House For Sale Upper Bani Gala,PKR 1.53 Crore,"Bani Gala, Islamabad",3,4,5 Marla,Added: 6 hours ago,https://www.zameen.com/Property/islamabad_bani_gala_house_for_sale_upper_bani_gala-54734041-340-1.html
Islamabad,Block K (30*70) A well-Maintained and Beautiful Designed 9 Marla House is avilable For Sale Prime Location PECHS.,PKR 1.75 Crore,"PECHS - Block K, PECHS",3,4,9.3 Marla,Added: 7 hours ago,https://www.zameen.com/Property/pechs_pechs_-_block_k_block_k_30_70_a_well-maintained_and_beautiful_designed_9_marla_house_is_avilable_for_sale_prime_location_pechs-54778195-9107-1.html
Islamabad,Eighteen Core & Shell vill a 10marla (OFFICIAL ACCOUNT),PKR 3 Crore,"Eighteen, Kashmir Highway",4,5,10 Marla,Added: 8 hours ago,https://www.zameen.com/Property/kashmir_highway_eighteen_eighteen_core_shell_vill_a_10marla_official_account-54729390-12602-1.html
Islamabad,BEAUTIFUL LOCATION BRAND NEW CORNER HOUSE WITH EXTRA LAND FOR SALE,PKR 5.75 Crore,"D-12, Islamabad",3,3,4 Marla,Added: 3 hours ago,https://www.zameen.com/Property/islamabad_d-12_beautiful_location_brand_new_corner_house_with_extra_land_for_sale-54155054-160-1.html
Islamabad,BEAUTIFUL LOCATION BRAND NEW HOUSE FOR SALE,PKR 9.75 Crore,"D-12, Islamabad",8,6,8 Marla,Added: 3 hours ago,https://www.zameen.com/Property/islamabad_d-12_beautiful_location_brand_new_house_for_sale-54156934-160-1.html
Islamabad,Deal With Owner If You Want Original Pictures Please Send WhatsApp No,PKR 5.5 Crore,"National Police Foundation O-9, Islamabad",6,6,1 Kanal,Added: 2 hours ago,https://www.zameen.com/Property/islamabad_national_police_foundation_o-9_deal_with_owner_if_you_want_original_pictures_please_send_whatsapp_no-53565006-331-1.html
Islamabad,Deal With Owner If You Want Original Pictures Please Send WhatsApp No,PKR 6 Crore,"National Police Foundation O-9, Islamabad",6,6,1 Kanal,Added: 2 hours ago,https://www.zameen.com/Property/islamabad_national_police_foundation_o-9_deal_with_owner_if_you_want_original_pictures_please_send_whatsapp_no-53564969-331-1.html
Islamabad,My Own House For Sale Sale In Gulberg,PKR 5.25 Crore,"Gulberg, Islamabad",6,6,10 Marla,Added: 2 hours ago,https://www.zameen.com/Property/islamabad_gulberg_my_own_house_for_sale_sale_in_gulberg-53603198-1682-1.html
Islamabad,My Own House Available For Sale Original Pictures Attached,PKR 3.5 Crore,"PWD Housing Society - Block D, PWD Housing Scheme",8,7,10 Marla,Added: 2 hours ago,https://www.zameen.com/Property/pwd_housing_scheme_pwd_housing_society_-_block_d_my_own_house_available_for_sale_original_pictures_attached-54251441-15002-1.html
Islamabad,"12 Marla Beautiful House Available For Sale In Islamabad G-14/4 Near Islamabad International Airport, Motorway On Main Sirinagar Highway",PKR 11 Crore,"G-14/4, G-14",11,7,14 Marla,Added: 2 hours ago,https://www.zameen.com/Property/g_14_g-14_4_12_marla_beautiful_house_available_for_sale_in_islamabad_g-14_4_near_islamabad_international_airport_motorway_on_main_sirinagar_highway-53747650-3346-1.html
Islamabad,Prime Location Near To Masjid Near To Contrl Park  Near To Famly B Park  Near To Giga Mall Near To Nova Care Hosptal Near To APS School,PKR 13.8 Crore,"DHA Defence Phase 2, DHA Defence",7,6,1 Kanal,Added: 2 hours ago,https://www.zameen.com/Property/dha_defence_dha_defence_phase_2_prime_location_near_to_masjid_near_to_contrl_park_near_to_famly_b_park_near_to_giga_mall_near_to_nova_care_hosptal_near_to_aps_school-54779499-339-1.html
Islamabad,Brand New Designer Elevated Bungalow Available For Sale,PKR 12.8 Crore,"DHA Defence Phase 2, DHA Defence",5,7,1 Kanal,Added: 2 hours ago,https://www.zameen.com/Property/dha_defence_dha_defence_phase_2_brand_new_designer_elevated_bungalow_available_for_sale-52751379-339-1.html
Islamabad,MODERN AND PRACTICAL SOLID HOUSE AVAILABLE FOR SALE IN DHA PHASE 2 ISLAMABAD,PKR 13.9 Crore,"DHA Defence Phase 2, DHA Defence",6,7,1 Kanal,Added: 2 hours ago,https://www.zameen.com/Property/dha_defence_dha_defence_phase_2_modern_and_practical_solid_house_available_for_sale_in_dha_phase_2_islamabad-52732642-339-1.html
Islamabad,Brand New House Men Rod Luxury House,PKR 6.25 Crore,"CBR Town Phase 1 - Block C, CBR Town Phase 1",6,7,14 Marla,Added: 2 hours ago,https://www.zameen.com/Property/cbr_town_phase_1_cbr_town_phase_1_-_block_c_brand_new_house_men_rod_luxury_house-53894261-3149-1.html
Islamabad,BRAND NEW ZERO METER LUXURY HOUSE AVAILABLE FOR SALE,PKR 14.5 Crore,"DHA Defence Phase 2, DHA Defence",5,7,1 Kanal,Added: 2 hours ago,https://www.zameen.com/Property/dha_defence_dha_defence_phase_2_brand_new_zero_meter_luxury_house_available_for_sale-54733688-339-1.html
Islamabad,4 Marla Double Storey House For Sale Bhrakahu Islamabad,PKR 93 Lakh,"Bhara kahu, Islamabad",6,6,4 Marla,Added: 2 hours ago,https://www.zameen.com/Property/islamabad_bhara_kahu_4_marla_double_storey_house_for_sale_bhrakahu_islamabad-48896083-156-1.html
Islamabad,5 Marla Double Storey Corner House For Sale Bani Gala Islamabad,PKR 1.44 Crore,"Bhara kahu, Islamabad",6,5,5 Marla,Added: 2 hours ago,https://www.zameen.com/Property/islamabad_bhara_kahu_5_marla_double_storey_corner_house_for_sale_bani_gala_islamabad-50831836-156-1.html
Islamabad,"5 Marla Single Storey House For Sale, Prince Road, Barakahu Islamabad",PKR 1.25 Crore,"Bhara kahu, Islamabad",3,3,5 Marla,Added: 2 hours ago,https://www.zameen.com/Property/islamabad_bhara_kahu_5_marla_single_storey_house_for_sale_prince_road_barakahu_islamabad-53336578-156-1.html
Islamabad,Stunning And Affordable House Available For Sale In DHA Phase 2 - Sector E,PKR 8.25 Crore,"DHA Phase 2 - Sector E, DHA Defence Phase 2",5,6,10 Marla,Added: 1 day ago,https://www.zameen.com/Property/dha_defence_phase_2_dha_phase_2_-_sector_e_stunning_and_affordable_house_available_for_sale_in_dha_phase_2_-_sector_e-54069877-3200-1.html
Islamabad,Fully furnished A Block 10 Marla House for Sale,PKR 5.1 Crore,"Top City 1 - Block A, Top City 1",5,6,10 Marla,Added: 1 day ago,https://www.zameen.com/Property/top_city_1_top_city_1_-_block_a_fully_furnished_a_block_10_marla_house_for_sale-54774770-9231-1.html
Islamabad,Bahria Enclave 2 Bed Cube Apartment 1558 Sq Feet Possession Utility Circulation Charges Paid On Murree Facing Available For Sale,PKR 2.05 Crore,"Cube Apartments, Bahria Enclave",2,3,6.9 Marla,Added: 1 day ago,https://www.zameen.com/Property/bahria_enclave_cube_apartments_bahria_enclave_2_bed_cube_apartment_1558_sq_feet_possession_utility_circulation_charges_paid_on_murree_facing_available_for_sale-53323941-21520-1.html
Islamabad,Fully Furnished 1 Kanal Spanish Style House For Sale In DHA Phase 2,PKR 15 Crore,"DHA Defence Phase 2, DHA Defence",5,6,1 Kanal,Added: 1 day ago,https://www.zameen.com/Property/dha_defence_dha_defence_phase_2_fully_furnished_1_kanal_spanish_style_house_for_sale_in_dha_phase_2-54480942-339-1.html
Islamabad,BEAUTIFUL FLAT FOR SALE G-11/3 ISLAMABAD,PKR 1.8 Crore,"G-11/3, G-11",2,2,3.1 Marla,Added: 1 day ago,https://www.zameen.com/Property/g_11_g-11_3_beautiful_flat_for_sale_g-11_3_islamabad-54774258-3332-1.html
Islamabad,1 Bedroom Fully Fitted Park Facing Apartment,PKR 2.8 Crore,"Eighteen, Kashmir Highway",1,2,3.6 Marla,Added: 8 hours ago,https://www.zameen.com/Property/kashmir_highway_eighteen_1_bedroom_fully_fitted_park_facing_apartment-54719207-12602-1.html
Islamabad,Tripple Storey 1 Kanal House For sale In DHA Phase 2 - Sector B Islamabad,PKR 14.95 Crore,"DHA Phase 2 - Sector B, DHA Defence Phase 2",,,1 Kanal,Added: 8 hours ago,https://www.zameen.com/Property/dha_defence_phase_2_dha_phase_2_-_sector_b_tripple_storey_1_kanal_house_for_sale_in_dha_phase_2_-_sector_b_islamabad-54636364-3197-1.html
Islamabad,7 Marla House for Sale in MPCHS E Block | Islamabad,PKR 3.5 Crore,"MPCHS - Block E, MPCHS - Multi Gardens",4,5,7 Marla,Added: 8 hours ago,https://www.zameen.com/Property/mpchs_multi_gardens_mpchs_-_block_e_7_marla_house_for_sale_in_mpchs_e_block_islamabad-54775819-3120-1.html
Islamabad,Buy your ideal Prime Location 4 Marla House in a prime location of Islamabad,PKR 2.7 Crore,"I-11/2, I-11",3,5,4 Marla,Added: 8 hours ago,https://www.zameen.com/Property/i_11_i-11_2_buy_your_ideal_prime_location_4_marla_house_in_a_prime_location_of_islamabad-54775880-9879-1.html
Islamabad,G-14/2 25x40 House Available For Sale,PKR 3.2 Crore,"G-14, Islamabad",4,5,4.4 Marla,Added: 9 hours ago,https://www.zameen.com/Property/islamabad_g-14_g-14_2_25x40_house_available_for_sale-54282284-454-1.html
Islamabad,5 Marla House For sale Is Available In MPCHS - Multi Gardens,PKR 2.6 Crore,"MPCHS - Multi Gardens, B-17",4,4,5 Marla,Added: 3 hours ago,https://www.zameen.com/Property/b_17_mpchs_-_multi_gardens_5_marla_house_for_sale_is_available_in_mpchs_-_multi_gardens-54732623-3115-1.html
Islamabad,14 Marla Brand New House Available For Sale In Zaraj Housing Society Islamabad Opposite Dha Phase 2 Islamabad,PKR 6.5 Crore,"Zaraj Housing Scheme, Islamabad",5,6,14 Marla,Added: 3 hours ago,https://www.zameen.com/Property/islamabad_zaraj_housing_scheme_14_marla_brand_new_house_available_for_sale_in_zaraj_housing_society_islamabad_opposite_dha_phase_2_islamabad-54252845-3508-1.html
Islamabad,My Own House Available For Sale Original Pictures Attached,PKR 3.9 Crore,"National Police Foundation O-9, Islamabad",5,6,10 Marla,Added: 2 hours ago,https://www.zameen.com/Property/islamabad_national_police_foundation_o-9_my_own_house_available_for_sale_original_pictures_attached-54251442-331-1.html
Islamabad,House For Sale,PKR 4.25 Crore,"Soan Garden - Block D, Soan Garden",6,7,10 Marla,Added: 2 hours ago,https://www.zameen.com/Property/soan_garden_soan_garden_-_block_d_house_for_sale-54423568-3494-1.html
Islamabad,I Am Selling 7 Marla Residencial House In Gulberg Residancia Block I,PKR 4.4 Crore,"Gulberg Residencia - Block I, Gulberg Residencia",4,7,7 Marla,Added: 2 hours ago,https://www.zameen.com/Property/gulberg_residencia_gulberg_residencia_-_block_i_i_am_selling_7_marla_residencial_house_in_gulberg_residancia_block_i-54779384-9119-1.html
Islamabad,F-11 Investor Price 1Bed Renovated Fully Furnished Apartment Available For Sale,PKR 2.6 Crore,"F-11 Markaz, F-11",1,1,5.6 Marla,Added: 2 hours ago,https://www.zameen.com/Property/f_11_f-11_markaz_f-11_investor_price_1bed_renovated_fully_furnished_apartment_available_for_sale-54543425-3286-1.html
Islamabad,G-13/1 Street 97 Double Storey Prime Locaiton House 25x40 For Sale,PKR 3.7 Crore,"G-13, Islamabad",4,5,4.4 Marla,Added: 2 hours ago,https://www.zameen.com/Property/islamabad_g-13_g-13_1_street_97_double_storey_prime_locaiton_house_25x40_for_sale-54779365-330-1.html
Islamabad,Prime Location House  Near To Famly B Park Near To Masjid  Near To JMart Near To APS School Near To Giga Mall Near To Contol Park,PKR 11 Crore,"DHA Defence Phase 5, DHA Defence",7,6,1 Kanal,Added: 2 hours ago,https://www.zameen.com/Property/dha_defence_dha_defence_phase_5_prime_location_house_near_to_famly_b_park_near_to_masjid_near_to_jmart_near_to_aps_school_near_to_giga_mall_near_to_contol_park-54477371-10991-1.html
Islamabad,House Sized 1 Kanal In DHA Defence Phase 2,PKR 10.5 Crore,"DHA Defence Phase 2, DHA Defence",5,6,1 Kanal,Added: 2 hours ago,https://www.zameen.com/Property/dha_defence_dha_defence_phase_2_house_sized_1_kanal_in_dha_defence_phase_2-54287652-339-1.html
Islamabad,G-14/4 Brand new 70 ft wide street Double Story house 25x50 for sale,PKR 5.75 Crore,"G-14, Islamabad",4,5,5.5 Marla,Added: 2 hours ago,https://www.zameen.com/Property/islamabad_g-14_g-14_4_brand_new_70_ft_wide_street_double_story_house_25x50_for_sale-54779406-454-1.html
Islamabad,Brand New House For Sale,PKR 3.2 Crore,"Korang Town, Islamabad",5,6,6 Marla,Added: 2 hours ago,https://www.zameen.com/Property/islamabad_korang_town_brand_new_house_for_sale-53633933-445-1.html
Islamabad,Deal With Owner If You Want Original Pictures Please Send WhatsApp No,PKR 2.4 Crore,"Faisal Hills, Islamabad",4,4,5 Marla,Added: 2 hours ago,https://www.zameen.com/Property/islamabad_faisal_hills_deal_with_owner_if_you_want_original_pictures_please_send_whatsapp_no-54623778-10859-1.html
Islamabad,5 Marla 25x50 Brand New House For Sale G-15/3 Islamabad,PKR 3.98 Crore,"G-15/3, G-15",5,6,5 Marla,Added: 2 hours ago,https://www.zameen.com/Property/g_15_g-15_3_5_marla_25x50_brand_new_house_for_sale_g-15_3_islamabad-54779391-3350-1.html
Islamabad,4 Marla Prime Location House For Sale,PKR 4.5 Crore,"D-12/4, D-12",4,4,4 Marla,Added: 2 hours ago,https://www.zameen.com/Property/d_12_d-12_4_4_marla_prime_location_house_for_sale-53299458-3157-1.html
Islamabad,G-15/3 Brand New Double Story House 25x50 for sale,PKR 4 Crore,"G-15, Islamabad",4,5,5.6 Marla,Added: 2 hours ago,https://www.zameen.com/Property/islamabad_g-15_g-15_3_brand_new_double_story_house_25x50_for_sale-54779385-764-1.html
Rawalpindi,10 Marla Luxury House C Block,PKR 5.95 Crore,"Bahria Town Phase 8 - Block C, Bahria Town Phase 8",5,6,10 Marla,Added: 9 hours ago,https://www.zameen.com/Property/bahria_town_phase_8_bahria_town_phase_8_-_block_c_10_marla_luxury_house_c_block-54777692-3051-1.html
Rawalpindi,10 Marla Brand New House Available For Sale,PKR 6.2 Crore,"Bahria Town Phase 2, Bahria Town Rawalpindi",5,6,10 Marla,Added: 10 hours ago,https://www.zameen.com/Property/bahria_town_rawalpindi_bahria_town_phase_2_10_marla_brand_new_house_available_for_sale-54485586-3035-1.html
Rawalpindi,Ideal Prime Location House Is Available For Sale In Rawalpindi,PKR 4.9 Crore,"Bahria Town Phase 8 - Sector F-1, Bahria Town Phase 8",5,6,10 Marla,Added: 21 hours ago,https://www.zameen.com/Property/bahria_town_phase_8_bahria_town_phase_8_-_sector_f-1_ideal_prime_location_house_is_available_for_sale_in_rawalpindi-54741221-3095-1.html
Rawalpindi,Kanal house for sale in phase 3 bahria town Rawalpindi,PKR 6.85 Crore,"Bahria Town Phase 3, Bahria Town Rawalpindi",6,6,1 Kanal,Added: 1 day ago,https://www.zameen.com/Property/bahria_town_rawalpindi_bahria_town_phase_3_kanal_house_for_sale_in_phase_3_bahria_town_rawalpindi-54775035-3036-1.html
Rawalpindi,12 Marla like A Brand New House For Sale in Media town Rawalpindi.,PKR 5.2 Crore,"Media Town, Rawalpindi",6,6,12 Marla,Added: 2 days ago,https://www.zameen.com/Property/rawalpindi_media_town_12_marla_like_a_brand_new_house_for_sale_in_media_town_rawalpindi-54590604-8157-1.html
Rawalpindi,Beautiful HOUSE FOR SALE,PKR 22 Crore,"Bahria Intellectual Village, Bahria Town Rawalpindi",9,7,2 Kanal,Added: 1 hour ago,https://www.zameen.com/Property/bahria_town_rawalpindi_bahria_intellectual_village_beautiful_house_for_sale-54700950-8256-1.html
Rawalpindi,1 Bed / Ready Building / Prime Finishing / Bahria Phase 8 / Rawalpindi,PKR 79 Lakh,"Bahria Business District, Bahria Town Phase 8",1,1,2.3 Marla,Added: 4 hours ago,https://www.zameen.com/Property/bahria_town_phase_8_bahria_business_district_1_bed_ready_building_prime_finishing_bahria_phase_8_rawalpindi-54733330-9033-1.html
Rawalpindi,Luxury 10 Marla House For Sale Elegant & Spacious,PKR 4.75 Crore,"Bahria Town Phase 3, Bahria Town Rawalpindi",5,6,10 Marla,Added: 6 hours ago,https://www.zameen.com/Property/bahria_town_rawalpindi_bahria_town_phase_3_luxury_10_marla_house_for_sale_elegant_spacious-54778565-3036-1.html
Rawalpindi,10m designer double unit house for sale bahria phase 8,PKR 5.4 Crore,"Bahria Town Phase 8, Bahria Town Rawalpindi",5,6,10 Marla,Added: 6 hours ago,https://www.zameen.com/Property/bahria_town_rawalpindi_bahria_town_phase_8_10m_designer_double_unit_house_for_sale_bahria_phase_8-54775897-3048-1.html
Rawalpindi,On Excellent Location House Of 18 Marla Is Available For sale In Bahria Town Phase 8 - Block C,PKR 6 Crore,"Bahria Town Phase 8 - Block C, Bahria Town Phase 8",6,6,18 Marla,Added: 8 hours ago,https://www.zameen.com/Property/bahria_town_phase_8_bahria_town_phase_8_-_block_c_on_excellent_location_house_of_18_marla_is_available_for_sale_in_bahria_town_phase_8_-_block_c-54697611-3051-1.html
Rawalpindi,Brand New 10 Marla House For Sale,PKR 5.5 Crore,"Bahria Town Phase 3, Bahria Town Rawalpindi",5,6,10 Marla,Added: 10 hours ago,https://www.zameen.com/Property/bahria_town_rawalpindi_bahria_town_phase_3_brand_new_10_marla_house_for_sale-54536585-3036-1.html
Rawalpindi,One Bedroom Apartment For Sale,PKR 1.3 Crore,"Bahria Heights 1, Bahria Town Rawalpindi",1,1,3.6 Marla,Added: 12 hours ago,https://www.zameen.com/Property/bahria_town_rawalpindi_bahria_heights_1_one_bedroom_apartment_for_sale-54282553-12199-1.html
Rawalpindi,2 Kanal Luxury House For Sale,PKR 22 Crore,"Bahria Town Phase 7, Bahria Town Rawalpindi",9,7,2 Kanal,Added: 1 hour ago,https://www.zameen.com/Property/bahria_town_rawalpindi_bahria_town_phase_7_2_kanal_luxury_house_for_sale-54750335-3047-1.html
Rawalpindi,Deal With Owner Corner 11 Marla Double Story House For Sale,PKR 5.5 Crore,"Media Town, Rawalpindi",6,6,11 Marla,Added: 2 hours ago,https://www.zameen.com/Property/rawalpindi_media_town_deal_with_owner_corner_11_marla_double_story_house_for_sale-53561629-8157-1.html
Rawalpindi,12 Marla Main Boulevard Well Maintained Double Unit House Available For Sale In Media Town,PKR 5.5 Crore,"Media Town, Rawalpindi",6,6,12 Marla,Added: 2 hours ago,https://www.zameen.com/Property/rawalpindi_media_town_12_marla_main_boulevard_well_maintained_double_unit_house_available_for_sale_in_media_town-53586463-8157-1.html
Rawalpindi,"7 Marla Double Unit House for Sale in Safari Valley, Bahria Town Phase 8 Rawalpindi",PKR 2.8 Crore,"Bahria Town Phase 8, Bahria Town Rawalpindi",5,6,7 Marla,Added: 2 hours ago,https://www.zameen.com/Property/bahria_town_rawalpindi_bahria_town_phase_8_7_marla_double_unit_house_for_sale_in_safari_valley_bahria_town_phase_8_rawalpindi-54744203-3048-1.html
Rawalpindi,5 MARLA HOUSE RAFI BLOCK PHASE 8,PKR 1.9 Crore,"Bahria Town Phase 8 - Rafi Block, Bahria Town Phase 8",3,4,5 Marla,Added: 4 hours ago,https://www.zameen.com/Property/bahria_town_phase_8_bahria_town_phase_8_-_rafi_block_5_marla_house_rafi_block_phase_8-54487386-3071-1.html
Rawalpindi,3 Bed Apartment For Sale,PKR 4 Crore,"Al-Ahad Heights, Defence Road",3,4,10.4 Marla,Added: 54 minutes ago,https://www.zameen.com/Property/defence_road_al-ahad_heights_3_bed_apartment_for_sale-54616746-12583-1.html
Rawalpindi,Spacious 15 Marla House Available For Sale In Lalazar2,PKR 3 Crore,"Lalazar 2, Rawalpindi",4,5,15 Marla,Added: 1 hour ago,https://www.zameen.com/Property/rawalpindi_lalazar_2_spacious_15_marla_house_available_for_sale_in_lalazar2-54779539-13657-1.html
Rawalpindi,4 Marla House Available For Sale In Lalazar2,PKR 65 Lakh,"Lalazar 2, Rawalpindi",2,3,4 Marla,Added: 2 hours ago,https://www.zameen.com/Property/rawalpindi_lalazar_2_4_marla_house_available_for_sale_in_lalazar2-54779438-13657-1.html
Rawalpindi,50 Marla House Available For Sale In Bahria Town Overseas Block,PKR 22 Crore,"Bahria Greens - Overseas Enclave - Sector 1, Bahria Greens - Overseas Enclave",6,7,2.5 Kanal,Added: 3 hours ago,https://www.zameen.com/Property/bahria_greens_overseas_enclave_bahria_greens_-_overseas_enclave_-_sector_1_50_marla_house_available_for_sale_in_bahria_town_overseas_block-54458884-8300-1.html
Rawalpindi,5 Marla House Available In Bahria Town Ali Block,PKR 2.35 Crore,"Bahria Town Phase 8 - Ali Block, Bahria Town Phase 8 - Safari Valley",3,5,5 Marla,Added: 3 hours ago,https://www.zameen.com/Property/bahria_town_phase_8_safari_valley_bahria_town_phase_8_-_ali_block_5_marla_house_available_in_bahria_town_ali_block-54591010-3070-1.html
Rawalpindi,5 Marla House Available For Sale In Bahria Town Ph8,PKR 2.5 Crore,"Bahria Town Phase 8 - Ali Block, Bahria Town Phase 8 - Safari Valley",4,5,5 Marla,Added: 3 hours ago,https://www.zameen.com/Property/bahria_town_phase_8_safari_valley_bahria_town_phase_8_-_ali_block_5_marla_house_available_for_sale_in_bahria_town_ph8-54591025-3070-1.html
Rawalpindi,10 Marla House Available For Sale In Bahria Town Ph8 Sctor I,PKR 4.1 Crore,"Bahria Town Phase 8 - Block I, Bahria Town Phase 8",6,5,10 Marla,Added: 3 hours ago,https://www.zameen.com/Property/bahria_town_phase_8_bahria_town_phase_8_-_block_i_10_marla_house_available_for_sale_in_bahria_town_ph8_sctor_i-54737324-3057-1.html
Rawalpindi,7marla Corner House Available For Sale In Abubaker Block,PKR 3.7 Crore,"Bahria Town Phase 8 - Abu Bakar Block, Bahria Town Phase 8 - Safari Valley",9,7,7 Marla,Added: 3 hours ago,https://www.zameen.com/Property/bahria_town_phase_8_safari_valley_bahria_town_phase_8_-_abu_bakar_block_7marla_corner_house_available_for_sale_in_abubaker_block-54737734-3069-1.html
Rawalpindi,10 Marla Designer House For Sale In Bahria Town Phase 8 Rawalpindi,PKR 4.15 Crore,"Bahria Town Phase 8, Bahria Town Rawalpindi",5,6,10 Marla,Added: 2 days ago,https://www.zameen.com/Property/bahria_town_rawalpindi_bahria_town_phase_8_10_marla_designer_house_for_sale_in_bahria_town_phase_8_rawalpindi-51708442-3048-1.html
Rawalpindi,10 Marla House For Sale In Phase 3 Bahria Town Rawalpindi,PKR 4.99 Crore,"Bahria Town Phase 3, Bahria Town Rawalpindi",5,6,10 Marla,Added: 2 days ago,https://www.zameen.com/Property/bahria_town_rawalpindi_bahria_town_phase_3_10_marla_house_for_sale_in_phase_3_bahria_town_rawalpindi-54719939-3036-1.html
Rawalpindi,Brand New House For Sale Bharia Town Phase 5,PKR 6.3 Crore,"Bahria Town Phase 5, Bahria Town Rawalpindi",5,6,11 Marla,Added: 2 days ago,https://www.zameen.com/Property/bahria_town_rawalpindi_bahria_town_phase_5_brand_new_house_for_sale_bharia_town_phase_5-54762744-3045-1.html
Rawalpindi,Brand New Designer House For Sale Bharia Town Phase 2,PKR 5.95 Crore,"Bahria Town Phase 2, Bahria Town Rawalpindi",5,6,10 Marla,Added: 2 days ago,https://www.zameen.com/Property/bahria_town_rawalpindi_bahria_town_phase_2_brand_new_designer_house_for_sale_bharia_town_phase_2-54533309-3035-1.html
Rawalpindi,Lavish 2 Kanal Mansion In Overseas Block Phase 8,PKR 16 Crore,"Bahria Greens - Overseas Enclave - Sector 5, Bahria Greens - Overseas Enclave",5,6,2 Kanal,Added: 3 days ago,https://www.zameen.com/Property/bahria_greens_overseas_enclave_bahria_greens_-_overseas_enclave_-_sector_5_lavish_2_kanal_mansion_in_overseas_block_phase_8-54741152-8304-1.html
Rawalpindi,1 Kanal Full House Available For Sale In Bahria Town Phase 3,PKR 7.5 Crore,"Bahria Town Phase 3, Bahria Town Rawalpindi",6,6,1 Kanal,Added: 9 hours ago,https://www.zameen.com/Property/bahria_town_rawalpindi_bahria_town_phase_3_1_kanal_full_house_available_for_sale_in_bahria_town_phase_3-54618165-3036-1.html
Rawalpindi,For Overseas Pakistani Family,PKR 7.25 Crore,"Bahria Town Phase 8, Bahria Town Rawalpindi",4,5,10 Marla,Added: 12 hours ago,https://www.zameen.com/Property/bahria_town_rawalpindi_bahria_town_phase_8_for_overseas_pakistani_family-54775563-3048-1.html
Rawalpindi,Corner A Centrally Located House Is Available For sale In Rawalpindi,PKR 5.65 Crore,"Bahria Town Phase 7, Bahria Town Rawalpindi",5,6,12 Marla,Added: 12 hours ago,https://www.zameen.com/Property/bahria_town_rawalpindi_bahria_town_phase_7_corner_a_centrally_located_house_is_available_for_sale_in_rawalpindi-54756381-3047-1.html
Rawalpindi,Investor Rate Outclass Location Kanal House In The Heart Of Bahria Phase 4 With Very Reasonable Demand,PKR 6.95 Crore,"Bahria Town Phase 4, Bahria Town Rawalpindi",10,6,1 Kanal,Added: 14 hours ago,https://www.zameen.com/Property/bahria_town_rawalpindi_bahria_town_phase_4_investor_rate_outclass_location_kanal_house_in_the_heart_of_bahria_phase_4_with_very_reasonable_demand-54738306-3041-1.html
Rawalpindi,House For Sale,PKR 2.2 Crore,"Bahria Town Phase 8 - Block M, Bahria Town Phase 8",3,4,5 Marla,Added: 19 hours ago,https://www.zameen.com/Property/bahria_town_phase_8_bahria_town_phase_8_-_block_m_house_for_sale-54638596-3062-1.html
Rawalpindi,2 Bedroom Apartment For Sale,PKR 1.5 Crore,"The Grande, Bahria Town Phase 2",2,2,4.4 Marla,Added: 12 hours ago,https://www.zameen.com/Property/bahria_town_phase_2_the_grande_2_bedroom_apartment_for_sale-54649744-11040-1.html
Rawalpindi,Bahria Heights2 One Bedroom Corner Furnished Apartment For Sale Available,PKR 1.5 Crore,"Bahria Heights, Bahria Town Rawalpindi",1,2,3.7 Marla,Added: 12 hours ago,https://www.zameen.com/Property/bahria_town_rawalpindi_bahria_heights_bahria_heights2_one_bedroom_corner_furnished_apartment_for_sale_available-54082320-8506-1.html
Rawalpindi,BEAUTIFUL 6 MARLA HOUSE PHASE 8,PKR 2.75 Crore,"Bahria Town Phase 8 - Sector E-1, Bahria Town Phase 8",4,5,6 Marla,Added: 4 hours ago,https://www.zameen.com/Property/bahria_town_phase_8_bahria_town_phase_8_-_sector_e-1_beautiful_6_marla_house_phase_8-54374168-8360-1.html
Rawalpindi,11 Marla house available for sale in Gulraiz Housing Scheme Rawalpindi,PKR 3.7 Crore,"Gulraiz Housing Scheme, Rawalpindi",7,6,11 Marla,Added: 4 hours ago,https://www.zameen.com/Property/rawalpindi_gulraiz_housing_scheme_11_marla_house_available_for_sale_in_gulraiz_housing_scheme_rawalpindi-54779085-438-1.html
Rawalpindi,Double Storey 10 Marla House Available In Gulraiz Housing Scheme For Sale,PKR 2.5 Crore,"Gulraiz Housing Scheme, Rawalpindi",5,5,10 Marla,Added: 4 hours ago,https://www.zameen.com/Property/rawalpindi_gulraiz_housing_scheme_double_storey_10_marla_house_available_in_gulraiz_housing_scheme_for_sale-54757668-438-1.html
Rawalpindi,6 Marla Double Story House For Sale,PKR 2.65 Crore,"Airport Housing Society, Rawalpindi",4,6,6 Marla,Added: 7 hours ago,https://www.zameen.com/Property/rawalpindi_airport_housing_society_6_marla_double_story_house_for_sale-54762732-426-1.html
Rawalpindi,For sale,PKR 56 Lakh,"Bahria Town Phase 8 - Awami Villas 3, Bahria Town Phase 8",2,1,3.5 Marla,Added: 7 hours ago,https://www.zameen.com/Property/bahria_town_phase_8_bahria_town_phase_8_-_awami_villas_3_for_sale-54778376-8224-1.html
Rawalpindi,"Spacious Triple-Storey Corner House For Sale In Asghar Mall Scheme, Rawalpindi",PKR 6.25 Crore,"Asghar Mall Scheme, Rawalpindi",6,6,7.6 Marla,Added: 3 hours ago,https://www.zameen.com/Property/rawalpindi_asghar_mall_scheme_spacious_triple-storey_corner_house_for_sale_in_asghar_mall_scheme_rawalpindi-54606452-19084-1.html
Rawalpindi,One Bed Room Semi Furnished Apartment For Sale 3st Floor,PKR 28 Lakh,"PWD Colony, Rawalpindi",1,1,1.8 Marla,Added: 3 hours ago,https://www.zameen.com/Property/rawalpindi_pwd_colony_one_bed_room_semi_furnished_apartment_for_sale_3st_floor-54716959-348-1.html
Rawalpindi,Awami Villa 2 Bedroom Ground Floor Flat For Sale,PKR 82 Lakh,"Bahria Town Phase 8, Bahria Town Rawalpindi",2,1,3.5 Marla,Added: 4 hours ago,https://www.zameen.com/Property/bahria_town_rawalpindi_bahria_town_phase_8_awami_villa_2_bedroom_ground_floor_flat_for_sale-54632244-3048-1.html
Rawalpindi,Luxurious 1 Kanal With Extra Land Designer House | 6 Bedrooms | 15 KW Solar | Huge Back Lawn | Skyline,PKR 8.65 Crore,"Bahria Town Phase 8 - Block P, Bahria Town Phase 8",6,7,1.6 Kanal,Added: 5 hours ago,https://www.zameen.com/Property/bahria_town_phase_8_bahria_town_phase_8_-_block_p_luxurious_1_kanal_with_extra_land_designer_house_6_bedrooms_15_kw_solar_huge_back_lawn_skyline-54094561-3065-1.html
Rawalpindi,7 Marla Designer House Available For Sale In Phase 8 Umer Block,PKR 2.75 Crore,"Bahria Town Phase 8, Bahria Town Rawalpindi",5,6,7 Marla,Added: 5 hours ago,https://www.zameen.com/Property/bahria_town_rawalpindi_bahria_town_phase_8_7_marla_designer_house_available_for_sale_in_phase_8_umer_block-54419103-3048-1.html
Rawalpindi,5 marla single story house for sale wakeel colony,PKR 1.34 Crore,"Wakeel Colony, Islamabad Highway",2,3,5 Marla,Added: 6 hours ago,https://www.zameen.com/Property/islamabad_highway_wakeel_colony_5_marla_single_story_house_for_sale_wakeel_colony-54778553-12264-1.html
Rawalpindi,House For Sale On Excellent Location,PKR 5.5 Crore,"Punjab Government Servant Housing Foundation (PGSHF), Rawalpindi",6,,1.6 Kanal,Added: 7 hours ago,https://www.zameen.com/Property/rawalpindi_punjab_government_servant_housing_foundation_pgshf_house_for_sale_on_excellent_location-54546251-10424-1.html
Rawalpindi,"10 Marla House for Sale | 5 Beds | 6 Baths | Bahria Town Phase 8, Rawalpindi",PKR 5.96 Crore,"Bahria Town Phase 8, Bahria Town Rawalpindi",5,6,10 Marla,Added: 7 hours ago,https://www.zameen.com/Property/bahria_town_rawalpindi_bahria_town_phase_8_10_marla_house_for_sale_5_beds_6_baths_bahria_town_phase_8_rawalpindi-54778371-3048-1.html
Rawalpindi,Amazing 1 Kanal House With Excellent Finish,PKR 8.65 Crore,"Bahria Town Phase 8, Bahria Town Rawalpindi",6,7,1 Kanal,Added: 3 days ago,https://www.zameen.com/Property/bahria_town_rawalpindi_bahria_town_phase_8_amazing_1_kanal_house_with_excellent_finish-51967005-3048-1.html
Rawalpindi,Designer 17 Marla House For Sale With Lawn,PKR 5.25 Crore,"Bahria Town Phase 8 - Block C, Bahria Town Phase 8",5,6,17 Marla,Added: 3 days ago,https://www.zameen.com/Property/bahria_town_phase_8_bahria_town_phase_8_-_block_c_designer_17_marla_house_for_sale_with_lawn-53795278-3051-1.html
Rawalpindi,12 Marla Designer House With Solar,PKR 4.65 Crore,"Bahria Greens - Overseas Enclave - Sector 3, Bahria Greens - Overseas Enclave",4,6,12 Marla,Added: 3 days ago,https://www.zameen.com/Property/bahria_greens_overseas_enclave_bahria_greens_-_overseas_enclave_-_sector_3_12_marla_designer_house_with_solar-54173803-8302-1.html
Rawalpindi,10 Marla Luxury Designer House Park Face,PKR 5.25 Crore,"Bahria Town Phase 8, Bahria Town Rawalpindi",5,6,10 Marla,Added: 3 days ago,https://www.zameen.com/Property/bahria_town_rawalpindi_bahria_town_phase_8_10_marla_luxury_designer_house_park_face-54699890-3048-1.html
Rawalpindi,Very Low Price | 7 Marla Brand New Modern House For Sale Bahria Town Phase 8 Umer Block RWP,PKR 2.92 Crore,"Bahria Town Phase 8 - Umer Block, Bahria Town Phase 8 - Safari Valley",5,6,7 Marla,Added: 3 days ago,https://www.zameen.com/Property/bahria_town_phase_8_safari_valley_bahria_town_phase_8_-_umer_block_very_low_price_7_marla_brand_new_modern_house_for_sale_bahria_town_phase_8_umer_block_rwp-54725727-3067-1.html
Rawalpindi,1 Kanal Double Unit House Available For Sale On Prime Location Of Bahria Town Rawalpindi,PKR 6.5 Crore,"Bahria Town Phase 3, Bahria Town Rawalpindi",6,6,1 Kanal,Added: 1 day ago,https://www.zameen.com/Property/bahria_town_rawalpindi_bahria_town_phase_3_1_kanal_double_unit_house_available_for_sale_on_prime_location_of_bahria_town_rawalpindi-54775126-3036-1.html
Rawalpindi,Stunning Main Double Road Flat Is Available For sale In Bahria Business District,PKR 70 Lakh,"Bahria Business District, Bahria Town Phase 8",1,1,2.9 Marla,Added: 1 day ago,https://www.zameen.com/Property/bahria_town_phase_8_bahria_business_district_stunning_main_double_road_flat_is_available_for_sale_in_bahria_business_district-54671547-9033-1.html
Rawalpindi,"Brand New Furnished 2-Bed Apartment For Sale | 1,335 Sq. Ft. | Domus Heights | Direct Owner Deal",PKR 1.95 Crore,"Bahria Town Phase 8, Bahria Town Rawalpindi",,,5.9 Marla,Added: 1 day ago,https://www.zameen.com/Property/bahria_town_rawalpindi_bahria_town_phase_8_brand_new_furnished_2-bed_apartment_for_sale_1_335_sq_ft_domus_heights_direct_owner_deal-54738283-3048-1.html
Rawalpindi,6 Marla Double Story House in Soan Garden F Block,PKR 2.5 Crore,"PWD Colony, Rawalpindi",4,5,6 Marla,Added: 1 day ago,https://www.zameen.com/Property/rawalpindi_pwd_colony_6_marla_double_story_house_in_soan_garden_f_block-54737022-348-1.html
Rawalpindi,Executive Apartment On Instalments Available For Sale At Prime Location Of ISB,PKR 1.29 Crore,"Bahria Town Phase 7, Bahria Town Rawalpindi",2,2,3.6 Marla,Added: 1 day ago,https://www.zameen.com/Property/bahria_town_rawalpindi_bahria_town_phase_7_executive_apartment_on_instalments_available_for_sale_at_prime_location_of_isb-54627405-3047-1.html
Rawalpindi,One Kanal New Designer House For Sale Available In Bahria Town Phase 3,PKR 9.15 Crore,"Bahria Town Phase 3, Bahria Town Rawalpindi",5,6,1 Kanal,Added: 12 hours ago,https://www.zameen.com/Property/bahria_town_rawalpindi_bahria_town_phase_3_one_kanal_new_designer_house_for_sale_available_in_bahria_town_phase_3-54640933-3036-1.html
Rawalpindi,Three Bedroom Lewish Designer Furnished Apartment New Building Available For Sale Bahria Transfr Also Registeri Available,PKR 2.15 Crore,"Bahria Business District, Bahria Town Phase 8",3,3,7.6 Marla,Added: 12 hours ago,https://www.zameen.com/Property/bahria_town_phase_8_bahria_business_district_three_bedroom_lewish_designer_furnished_apartment_new_building_available_for_sale_bahria_transfr_also_registeri_available-54640937-9033-1.html
Rawalpindi,Brand New Designer 5 Marla House For Sale,PKR 2.55 Crore,"Bahria Town Phase 8, Bahria Town Rawalpindi",3,4,5 Marla,Added: 7 hours ago,https://www.zameen.com/Property/bahria_town_rawalpindi_bahria_town_phase_8_brand_new_designer_5_marla_house_for_sale-54768223-3048-1.html
Rawalpindi,On Excellent Location 5 Marla House In Bahria Town Rawalpindi Of Rawalpindi Is Available For sale,PKR 1.85 Crore,"Bahria Town Phase 8 - Block M, Bahria Town Phase 8",3,4,5 Marla,Added: 8 hours ago,https://www.zameen.com/Property/bahria_town_phase_8_bahria_town_phase_8_-_block_m_on_excellent_location_5_marla_house_in_bahria_town_rawalpindi_of_rawalpindi_is_available_for_sale-54216472-3062-1.html
Rawalpindi,Premium 1 Kanal House Is Available For Sale In Adiala Road,PKR 4.3 Crore,"Adiala Road, Rawalpindi",4,,1 Kanal,Added: 8 hours ago,https://www.zameen.com/Property/rawalpindi_adiala_road_premium_1_kanal_house_is_available_for_sale_in_adiala_road-54295096-478-1.html
Rawalpindi,BEAUTIFULL 1 KANAL HOUSE AVAILABLE FOR SALE IN BARIA TOWN PHASE 6,PKR 13 Crore,"Bahria Town Phase 6, Bahria Town Rawalpindi",,,1 Kanal,Added: 8 hours ago,https://www.zameen.com/Property/bahria_town_rawalpindi_bahria_town_phase_6_beautifull_1_kanal_house_available_for_sale_in_baria_town_phase_6-54415786-3046-1.html
Rawalpindi,House Of 15 Marla Is Available For Sale In Askari 5,PKR 12.8 Crore,"Askari 5, Rawalpindi",6,6,15 Marla,Added: 8 hours ago,https://www.zameen.com/Property/rawalpindi_askari_5_house_of_15_marla_is_available_for_sale_in_askari_5-54635329-9440-1.html
Rawalpindi,10 Marla House for Sale | 5 Beds | 6 Baths | Bahria Town Phase 8,PKR 5.25 Crore,"Bahria Town Phase 8 - Block C, Bahria Town Phase 8",5,6,10 Marla,Added: 7 hours ago,https://www.zameen.com/Property/bahria_town_phase_8_bahria_town_phase_8_-_block_c_10_marla_house_for_sale_5_beds_6_baths_bahria_town_phase_8-54778217-3051-1.html
Rawalpindi,2 Bed Apartment Bahria Town Phase 8,PKR 80 Lakh,"Bahria Business District, Bahria Town Phase 8",2,2,4.2 Marla,Added: 8 hours ago,https://www.zameen.com/Property/bahria_town_phase_8_bahria_business_district_2_bed_apartment_bahria_town_phase_8-54236500-9033-1.html
Rawalpindi,12 Marla House In Bahria Greens - Overseas Enclave - Sector 6 Is Available,PKR 5.2 Crore,"Bahria Greens - Overseas Enclave - Sector 6, Bahria Greens - Overseas Enclave",5,5,12 Marla,Added: 8 hours ago,https://www.zameen.com/Property/bahria_greens_overseas_enclave_bahria_greens_-_overseas_enclave_-_sector_6_12_marla_house_in_bahria_greens_-_overseas_enclave_-_sector_6_is_available-54457918-8305-1.html
Rawalpindi,"23 Marla Owner Built Decent Elevation Back Open House For Sale in Overseas Block, Phase 8, Bahria Town, Rawalpindi",PKR 9.25 Crore,"Bahria Greens - Overseas Enclave, Bahria Town Phase 8",5,6,1.2 Kanal,Added: 8 hours ago,https://www.zameen.com/Property/bahria_town_phase_8_bahria_greens_-_overseas_enclave_23_marla_owner_built_decent_elevation_back_open_house_for_sale_in_overseas_block_phase_8_bahria_town_rawalpindi-54472834-3081-1.html
Rawalpindi,Single Storey House For Sale On Adiala Road Gorakhpur Rawalpindi,PKR 75 Lakh,"Adiala Road, Rawalpindi",2,3,8 Marla,Added: 8 hours ago,https://www.zameen.com/Property/rawalpindi_adiala_road_single_storey_house_for_sale_on_adiala_road_gorakhpur_rawalpindi-53994605-478-1.html
Rawalpindi,Luxury Designer House For Sale,PKR 4.2 Crore,"Bahria Town Phase 8 - Eden Lake View Block, Bahria Town Phase 8",5,6,10 Marla,Added: 8 hours ago,https://www.zameen.com/Property/bahria_town_phase_8_bahria_town_phase_8_-_eden_lake_view_block_luxury_designer_house_for_sale-52081521-3073-1.html
Rawalpindi,"Sector M ,6 Marla Corner, House",PKR 2.6 Crore,"Bahria Town Phase 8, Bahria Town Rawalpindi",3,4,6 Marla,Added: 8 hours ago,https://www.zameen.com/Property/bahria_town_rawalpindi_bahria_town_phase_8_sector_m_6_marla_corner_house-52898191-3048-1.html
Rawalpindi,35 marla tripple story house for sale,PKR 9 Crore,"Gulzar-e-Quaid Housing Society, Rawalpindi",11,7,1.7 Kanal,Added: 8 hours ago,https://www.zameen.com/Property/rawalpindi_gulzar-e-quaid_housing_society_35_marla_tripple_story_house_for_sale-54777938-540-1.html
Rawalpindi,7 Marla Brand New Luxury House For Sale Bahria Town Phase 8 Rawalpindi,PKR 2.85 Crore,"Bahria Town Phase 8 - Abu Bakar Block, Bahria Town Phase 8 - Safari Valley",5,6,7 Marla,Added: 4 days ago,https://www.zameen.com/Property/bahria_town_phase_8_safari_valley_bahria_town_phase_8_-_abu_bakar_block_7_marla_brand_new_luxury_house_for_sale_bahria_town_phase_8_rawalpindi-53742561-3069-1.html
Rawalpindi,1 Kanal Single Unit House Available For Sale .,PKR 3.7 Crore,"Gulshan Abad Sector 2, Gulshan Abad",5,5,1 Kanal,Added: 4 days ago,https://www.zameen.com/Property/gulshan_abad_gulshan_abad_sector_2_1_kanal_single_unit_house_available_for_sale-51891480-14739-1.html
Rawalpindi,Brand New Triple Highted Modern Design House For Sale Bharia Town Phase 5,PKR 16.25 Crore,"Bahria Town Phase 5, Bahria Town Rawalpindi",6,6,1 Kanal,Added: 4 days ago,https://www.zameen.com/Property/bahria_town_rawalpindi_bahria_town_phase_5_brand_new_triple_highted_modern_design_house_for_sale_bharia_town_phase_5-54279941-3045-1.html
Rawalpindi,Brand New House Phase 1,PKR 10.5 Crore,"Bahria Town Phase 1, Bahria Town Rawalpindi",7,6,1 Kanal,Added: 4 days ago,https://www.zameen.com/Property/bahria_town_rawalpindi_bahria_town_phase_1_brand_new_house_phase_1-54762184-3033-1.html
Rawalpindi,14 Marla Brand New Corner Designer House For Sale Bahria Town Phase 8 Block H RWP,PKR 5.2 Crore,"Bahria Town Phase 8 - Block H, Bahria Town Phase 8",5,6,14 Marla,Added: 5 days ago,https://www.zameen.com/Property/bahria_town_phase_8_bahria_town_phase_8_-_block_h_14_marla_brand_new_corner_designer_house_for_sale_bahria_town_phase_8_block_h_rwp-54565438-3056-1.html
Rawalpindi,Registry Transfer New 5 Marla House,PKR 2.25 Crore,"Bahria Town Phase 8 - Safari Valley, Bahria Town Phase 8",4,4,5 Marla,Added: 1 day ago,https://www.zameen.com/Property/bahria_town_phase_8_bahria_town_phase_8_-_safari_valley_registry_transfer_new_5_marla_house-54677093-3074-1.html
Rawalpindi,9 Bedroom Luxurious House For Sale,PKR 4.65 Crore,"Khayaban-e-Tanveer, Rawalpindi",9,6,10 Marla,Added: 2 days ago,https://www.zameen.com/Property/rawalpindi_khayaban-e-tanveer_9_bedroom_luxurious_house_for_sale-54420185-10817-1.html
Rawalpindi,9 Marla Semi Brand-New Double Unit House for Sale Gulraiz Housing Scheme Phase 2 (Near Chaklala Scheme 3 & Bahria Town),PKR 3.55 Crore,"Chaklala Scheme 3, Chaklala Scheme",4,6,9 Marla,Added: 2 days ago,https://www.zameen.com/Property/chaklala_scheme_chaklala_scheme_3_9_marla_semi_brand-new_double_unit_house_for_sale_gulraiz_housing_scheme_phase_2_near_chaklala_scheme_3_bahria_town-54518721-1312-1.html
Rawalpindi,Askari 9 SD House Available for Sale,PKR 7.5 Crore,"Askari 9, Rawalpindi",3,3,10 Marla,Added: 2 days ago,https://www.zameen.com/Property/rawalpindi_askari_9_askari_9_sd_house_available_for_sale-54612254-1492-1.html
Rawalpindi,House For Sale In Satellite Town Rawalpindi,PKR 5.9 Crore,"Satellite Town, Rawalpindi",6,6,5 Marla,Added: 3 days ago,https://www.zameen.com/Property/rawalpindi_satellite_town_house_for_sale_in_satellite_town_rawalpindi-54468102-433-1.html
Rawalpindi,Awami Villa 2 Ground Floor With Gas For Sale,PKR 81.5 Lakh,"Bahria Town Phase 8 - Awami Villas 2, Bahria Town Phase 8",2,1,3.6 Marla,Added: 13 hours ago,https://www.zameen.com/Property/bahria_town_phase_8_bahria_town_phase_8_-_awami_villas_2_awami_villa_2_ground_floor_with_gas_for_sale-54650561-8207-1.html
Rawalpindi,10 Marla House For Sale In Bahria Town Phase 4,PKR 3.95 Crore,"Bahria Town Phase 6, Bahria Town Rawalpindi",5,6,10 Marla,Added: 14 hours ago,https://www.zameen.com/Property/bahria_town_rawalpindi_bahria_town_phase_6_10_marla_house_for_sale_in_bahria_town_phase_4-48063802-3046-1.html
Rawalpindi,Special House Spanish Design,PKR 12.9 Crore,"Askari 5, Rawalpindi",6,6,15 Marla,Added: 8 hours ago,https://www.zameen.com/Property/rawalpindi_askari_5_special_house_spanish_design-54629518-9440-1.html
Rawalpindi,"Premium 5 Marla Corner House for Sale Bahria Town Phase 8, Safari Valley",PKR 2.3 Crore,"Bahria Town Phase 8 - Ali Block, Bahria Town Phase 8 - Safari Valley",3,3,5 Marla,Added: 9 hours ago,https://www.zameen.com/Property/bahria_town_phase_8_safari_valley_bahria_town_phase_8_-_ali_block_premium_5_marla_corner_house_for_sale_bahria_town_phase_8_safari_valley-54700037-3070-1.html
Rawalpindi,Bahira Heights 1 Fully Furnished 1 Bed Apartment,PKR 1.18 Crore,"Bahria Heights 1, Bahria Town Rawalpindi",1,2,4.1 Marla,Added: 10 hours ago,https://www.zameen.com/Property/bahria_town_rawalpindi_bahria_heights_1_bahira_heights_1_fully_furnished_1_bed_apartment-54777398-12199-1.html
Rawalpindi,5 Marla Beautiful House for Sale Government Registry + Bahria Allotment,PKR 2.18 Crore,"Bahria Town Phase 8 - Safari Valley, Bahria Town Phase 8",4,4,5 Marla,Added: 11 hours ago,https://www.zameen.com/Property/bahria_town_phase_8_bahria_town_phase_8_-_safari_valley_5_marla_beautiful_house_for_sale_government_registry_bahria_allotment-54763735-3074-1.html
Rawalpindi,14 Marla Fully Furnished House For Sale At Bahria Town Phase 2 Rawalpindi,PKR 5.5 Crore,"Bahria Town Phase 2, Bahria Town Rawalpindi",3,4,14 Marla,Added: 12 hours ago,https://www.zameen.com/Property/bahria_town_rawalpindi_bahria_town_phase_2_14_marla_fully_furnished_house_for_sale_at_bahria_town_phase_2_rawalpindi-53417747-3035-1.html
Rawalpindi,Brand New 10 Marla house for sale on prime location,PKR 4.95 Crore,"Bahria Town Phase 8, Bahria Town Rawalpindi",5,6,10 Marla,Added: 8 hours ago,https://www.zameen.com/Property/bahria_town_rawalpindi_bahria_town_phase_8_brand_new_10_marla_house_for_sale_on_prime_location-54777910-3048-1.html
Rawalpindi,Luxury Apartments For Sale,PKR 2.85 Crore,"River Loft, Bahria Town Rawalpindi",2,3,8.1 Marla,Added: 9 hours ago,https://www.zameen.com/Property/bahria_town_rawalpindi_river_loft_luxury_apartments_for_sale-52800121-16870-1.html
Rawalpindi,10 Marla Hauos Available For Sale,PKR 4.35 Crore,"Bahria Town Phase 2, Bahria Town Rawalpindi",4,4,10 Marla,Added: 9 hours ago,https://www.zameen.com/Property/bahria_town_rawalpindi_bahria_town_phase_2_10_marla_hauos_available_for_sale-54496259-3035-1.html
Rawalpindi,One Kanal Beautiful House Available For Sale,PKR 9.5 Crore,"Bahria Town Phase 3, Bahria Town Rawalpindi",5,6,1 Kanal,Added: 9 hours ago,https://www.zameen.com/Property/bahria_town_rawalpindi_bahria_town_phase_3_one_kanal_beautiful_house_available_for_sale-54647421-3036-1.html
Rawalpindi,Fully Designer Double Hight House For Sale,PKR 6.1 Crore,"Bahria Greens - Overseas Enclave - Sector 7, Bahria Greens - Overseas Enclave",4,6,10 Marla,Added: 9 hours ago,https://www.zameen.com/Property/bahria_greens_overseas_enclave_bahria_greens_-_overseas_enclave_-_sector_7_fully_designer_double_hight_house_for_sale-54761304-8306-1.html
Rawalpindi,Safari Home For Sale,PKR 1.25 Crore,"Bahria Town Phase 8 - Safari Homes, Bahria Town Phase 8",2,2,5 Marla,Added: 9 hours ago,https://www.zameen.com/Property/bahria_town_phase_8_bahria_town_phase_8_-_safari_homes_safari_home_for_sale-54746495-10610-1.html
Rawalpindi,House for Sale,PKR 2.65 Crore,"Bahria Town Phase 8, Bahria Town Rawalpindi",3,4,5 Marla,Added: 9 hours ago,https://www.zameen.com/Property/bahria_town_rawalpindi_bahria_town_phase_8_house_for_sale-54769172-3048-1.html
Rawalpindi,Buy Prime Location 1555 Square Feet Flat At Highly Affordable Price,PKR 74.64 Lakh,"Peshawar Road, Rawalpindi",3,3,6.9 Marla,Added: 9 hours ago,https://www.zameen.com/Property/rawalpindi_peshawar_road_buy_prime_location_1555_square_feet_flat_at_highly_affordable_price-54685294-517-1.html
Rawalpindi,Elegant 10 Marla House For Sale In Phase 8,PKR 4.5 Crore,"Bahria Town Phase 8 - Block C, Bahria Town Phase 8",5,6,10 Marla,Added: 6 days ago,https://www.zameen.com/Property/bahria_town_phase_8_bahria_town_phase_8_-_block_c_elegant_10_marla_house_for_sale_in_phase_8-54523290-3051-1.html
Rawalpindi,10 Marla Designer House For Sale On 80 FT Road,PKR 4.1 Crore,"Bahria Town Phase 8 - Block E, Bahria Town Phase 8",5,6,10 Marla,Added: 6 days ago,https://www.zameen.com/Property/bahria_town_phase_8_bahria_town_phase_8_-_block_e_10_marla_designer_house_for_sale_on_80_ft_road-54253207-3053-1.html
Rawalpindi,Luxurious Corner House With Two-Side Elevation,PKR 16.5 Crore,"Bahria Town Phase 8 - Block A, Bahria Town Phase 8",5,6,2 Kanal,Added: 6 days ago,https://www.zameen.com/Property/bahria_town_phase_8_bahria_town_phase_8_-_block_a_luxurious_corner_house_with_two-side_elevation-51914137-3049-1.html
Rawalpindi,10 Marla Double Unit Overseas 5 Double-Heighted TV Lounge,PKR 5.75 Crore,"Bahria Greens - Overseas Enclave - Sector 5, Bahria Greens - Overseas Enclave",5,5,10 Marla,Added: 6 days ago,https://www.zameen.com/Property/bahria_greens_overseas_enclave_bahria_greens_-_overseas_enclave_-_sector_5_10_marla_double_unit_overseas_5_double-heighted_tv_lounge-52456241-8304-1.html
Rawalpindi,"10 Marla Double Unit Designer House Overseas 5, Street 11 Bahria Town Rawalpindi",PKR 5.75 Crore,"Bahria Greens - Overseas Enclave - Sector 5, Bahria Greens - Overseas Enclave",5,6,10 Marla,Added: 6 days ago,https://www.zameen.com/Property/bahria_greens_overseas_enclave_bahria_greens_-_overseas_enclave_-_sector_5_10_marla_double_unit_designer_house_overseas_5_street_11_bahria_town_rawalpindi-54175276-8304-1.html
Rawalpindi,Almost New Beautiful House 1.5 Story For Sale,PKR 1.65 Crore,"Airport Housing Society - Sector 4, Airport Housing Society",3,4,5.3 Marla,Added: 1 day ago,https://www.zameen.com/Property/airport_housing_society_airport_housing_society_-_sector_4_almost_new_beautiful_house_1_5_story_for_sale-54769588-9155-1.html
Rawalpindi,Investor Rate 11 Marla Solid House Available For Sale In Gulraiz Housing Scheme,PKR 3.3 Crore,"Gulraiz Housing Society Phase 2, Gulraiz Housing Scheme",8,7,11 Marla,Added: 8 hours ago,https://www.zameen.com/Property/gulraiz_housing_scheme_gulraiz_housing_society_phase_2_investor_rate_11_marla_solid_house_available_for_sale_in_gulraiz_housing_scheme-54684854-14971-1.html
Rawalpindi,Corner 10 Marla Luxurious House Avilable For Sale Solid Construction,PKR 3.8 Crore,"Bahria Town Phase 8, Bahria Town Rawalpindi",5,6,10 Marla,Added: 1 day ago,https://www.zameen.com/Property/bahria_town_rawalpindi_bahria_town_phase_8_corner_10_marla_luxurious_house_avilable_for_sale_solid_construction-54612636-3048-1.html
Rawalpindi,Beautiful 5 Marla House for Sale In Chaklala Scheme 3,PKR 2.4 Crore,"Chaklala Scheme 3, Chaklala Scheme",4,6,5 Marla,Added: 1 day ago,https://www.zameen.com/Property/chaklala_scheme_chaklala_scheme_3_beautiful_5_marla_house_for_sale_in_chaklala_scheme_3-54772343-1312-1.html
Rawalpindi,01 Kanal Property House With Plot In Peer Meher Ali Shah Town Chakri Road Rawalpindi,PKR 2.6 Crore,"Peer Meher Ali Shah Town, Rawalpindi",9,6,1 Kanal,Added: 2 days ago,https://www.zameen.com/Property/rawalpindi_peer_meher_ali_shah_town_01_kanal_property_house_with_plot_in_peer_meher_ali_shah_town_chakri_road_rawalpindi-52374888-10349-1.html
Rawalpindi,2 Bed Apartment In Well Maintained Building For Sale,PKR 1.25 Crore,"Bahria Town Phase 8, Bahria Town Rawalpindi",2,2,5.6 Marla,Added: 16 hours ago,https://www.zameen.com/Property/bahria_town_rawalpindi_bahria_town_phase_8_2_bed_apartment_in_well_maintained_building_for_sale-54598674-3048-1.html
Rawalpindi,"Investor Price One Bed Flat, Monthly Income 60,000",PKR 75 Lakh,"Onyx Tower, Bahria Business District",1,1,2.9 Marla,Added: 16 hours ago,https://www.zameen.com/Property/bahria_business_district_onyx_tower_investor_price_one_bed_flat_monthly_income_60_000-54422038-21900-1.html
Rawalpindi,2 Kanal House Located Near Murree Beverley Area,PKR 28 Crore,"Ayub National Park, Rawalpindi",5,5,2 Kanal,Added: 12 hours ago,https://www.zameen.com/Property/rawalpindi_ayub_national_park_2_kanal_house_located_near_murree_beverley_area-54702928-721-1.html
Rawalpindi,10 Marla Prime Location House Near Masjid Park & Commercial,PKR 3.95 Crore,"Bahria Town Phase 4, Bahria Town Rawalpindi",5,6,10 Marla,Added: 13 hours ago,https://www.zameen.com/Property/bahria_town_rawalpindi_bahria_town_phase_4_10_marla_prime_location_house_near_masjid_park_commercial-48422218-3041-1.html
Rawalpindi,Investor Rate 10 Marla Top Class Location House For Sale Near Masjid Park & Commercial,PKR 3.75 Crore,"Bahria Town Phase 4, Bahria Town Rawalpindi",5,6,10 Marla,Added: 13 hours ago,https://www.zameen.com/Property/bahria_town_rawalpindi_bahria_town_phase_4_investor_rate_10_marla_top_class_location_house_for_sale_near_masjid_park_commercial-49978976-3041-1.html
Rawalpindi,Outclass Safari Villas 3 Dead End Corner For Sale,PKR 4.35 Crore,"Bahria Town - Safari Villas 3, Bahria Town Rawalpindi",4,5,13 Marla,Added: 13 hours ago,https://www.zameen.com/Property/bahria_town_rawalpindi_bahria_town_-_safari_villas_3_outclass_safari_villas_3_dead_end_corner_for_sale-53027301-3080-1.html
Rawalpindi,House Sized 11 Marla Available In Bahria Greens - Overseas Enclave - Sector 6,PKR 4.95 Crore,"Bahria Greens - Overseas Enclave - Sector 6, Bahria Greens - Overseas Enclave",5,,11 Marla,Added: 13 hours ago,https://www.zameen.com/Property/bahria_greens_overseas_enclave_bahria_greens_-_overseas_enclave_-_sector_6_house_sized_11_marla_available_in_bahria_greens_-_overseas_enclave_-_sector_6-53508289-8305-1.html
Rawalpindi,Own A Prime Location House In 5 Marla Girja Road,PKR 1.15 Crore,"Girja Road, Rawalpindi",5,5,5 Marla,Added: 10 hours ago,https://www.zameen.com/Property/rawalpindi_girja_road_own_a_prime_location_house_in_5_marla_girja_road-54685384-9205-1.html
Rawalpindi,10 Marla Brand New Designer House For Urgent Sale,PKR 5.2 Crore,"Bahria Town Phase 7, Bahria Town Rawalpindi",5,6,10 Marla,Added: 10 hours ago,https://www.zameen.com/Property/bahria_town_rawalpindi_bahria_town_phase_7_10_marla_brand_new_designer_house_for_urgent_sale-54650342-3047-1.html
Rawalpindi,One Bedroom Flat For Sale,PKR 67 Lakh,"Bahria Town - Civic Centre, Bahria Town Phase 4",1,1,2.6 Marla,Added: 10 hours ago,https://www.zameen.com/Property/bahria_town_phase_4_bahria_town_-_civic_centre_one_bedroom_flat_for_sale-53358507-8974-1.html
Rawalpindi,2 Bedroom Apartment Available For Sale,PKR 78 Lakh,"Bahria Town - Civic Centre, Bahria Town Phase 4",2,2,3.3 Marla,Added: 10 hours ago,https://www.zameen.com/Property/bahria_town_phase_4_bahria_town_-_civic_centre_2_bedroom_apartment_available_for_sale-52455614-8974-1.html
Rawalpindi,One Bedroom Apartment Available For Sale,PKR 55 Lakh,"Bahria Town - Civic Centre, Bahria Town Phase 4",1,1,1.9 Marla,Added: 10 hours ago,https://www.zameen.com/Property/bahria_town_phase_4_bahria_town_-_civic_centre_one_bedroom_apartment_available_for_sale-52255692-8974-1.html
Rawalpindi,2 Bedroom Apartment Available For Sale,PKR 80 Lakh,"Bahria Town - Civic Centre, Bahria Town Phase 4",2,2,4.6 Marla,Added: 10 hours ago,https://www.zameen.com/Property/bahria_town_phase_4_bahria_town_-_civic_centre_2_bedroom_apartment_available_for_sale-52054443-8974-1.html
Rawalpindi,2 Bedroom Apartments Available For Sale,PKR 75 Lakh,"Empire Heights 2, Bahria Town Phase 6",2,2,3.8 Marla,Added: 10 hours ago,https://www.zameen.com/Property/bahria_town_phase_6_empire_heights_2_2_bedroom_apartments_available_for_sale-51851507-13866-1.html
Rawalpindi,House Is Avaialble Media Town Main Double Road,PKR 7 Crore,"Media Town, Rawalpindi",7,6,12 Marla,Added: 10 hours ago,https://www.zameen.com/Property/rawalpindi_media_town_house_is_avaialble_media_town_main_double_road-54141612-8157-1.html
